sku_id,policy,replication,total_demand,total_fulfilled,stockout_units,stockout_days,expired_units,orders_placed,order_cost,holding_cost,purchase_cost,stockout_cost,waste_cost,total_cost,fill_rate,cycle_service_level,workload_overflow_events
MED-INS-01,baseline,0,9110.0,8763.0,347.0,18,0.0,26,20800.0,81620.40000000002,409500.0,41640.0,0.0,553560.4,0.9619099890230516,0.9506849315068493,0
MED-INS-01,baseline,1,9215.0,8730.0,485.0,20,0.0,26,20800.0,77146.79999999999,393750.0,58200.0,0.0,549896.8,0.9473684210526315,0.9452054794520548,0
MED-INS-01,baseline,2,9113.0,8456.0,657.0,28,0.0,25,20000.0,79034.40000000002,393750.0,78840.0,0.0,571624.4,0.9279051903873587,0.9232876712328767,0
MED-INS-01,baseline,3,9352.0,9084.0,268.0,16,0.0,27,21600.0,84685.2,409500.0,32160.0,0.0,547945.2,0.9713430282292558,0.9561643835616438,0
MED-INS-01,baseline,4,9152.0,8426.0,726.0,34,0.0,25,20000.0,73147.2,385875.0,87120.0,0.0,566142.2,0.9206730769230769,0.9068493150684931,0
MED-INS-01,baseline,5,9104.0,8296.0,808.0,36,0.0,25,20000.0,74728.79999999994,378000.0,96960.0,0.0,569688.7999999999,0.9112478031634447,0.9013698630136986,0
MED-INS-01,baseline,6,9183.0,8671.0,512.0,23,0.0,26,20800.0,77720.39999999995,393750.0,61440.0,0.0,553710.3999999999,0.944244800174235,0.936986301369863,0
MED-INS-01,baseline,7,9260.0,8750.0,510.0,26,0.0,26,20800.0,75091.19999999998,393750.0,61200.0,0.0,550841.2,0.9449244060475162,0.9287671232876712,0
MED-INS-01,baseline,8,9179.0,8551.0,628.0,30,0.0,25,20000.0,82334.40000000004,393750.0,75360.0,0.0,571444.4,0.9315829611068744,0.9178082191780822,0
MED-INS-01,baseline,9,9167.0,8417.0,750.0,36,0.0,25,20000.0,72704.40000000007,393750.0,90000.0,0.0,576454.4000000001,0.9181847932802444,0.9013698630136986,0
MED-INS-01,baseline,10,9216.0,8543.0,673.0,32,0.0,25,20000.0,76855.20000000011,393750.0,80760.0,0.0,571365.2000000002,0.9269748263888888,0.9123287671232877,0
MED-INS-01,baseline,11,8826.0,8505.0,321.0,20,0.0,25,20000.0,79280.4,393750.0,38520.0,0.0,531550.4,0.9636301835486064,0.9452054794520548,0
MED-INS-01,baseline,12,9115.0,8469.0,646.0,32,0.0,25,20000.0,72133.19999999998,393750.0,77520.0,0.0,563403.2,0.9291278113000548,0.9123287671232877,0
MED-INS-01,baseline,13,9085.0,8228.0,857.0,44,0.0,24,19200.0,69386.40000000004,378000.0,102840.0,0.0,569426.4,0.9056686846450193,0.8794520547945206,0
MED-INS-01,baseline,14,8948.0,8273.0,675.0,33,0.0,25,20000.0,76980.0,378000.0,81000.0,0.0,555980.0,0.9245641484130532,0.9095890410958904,0
MED-INS-01,baseline,15,8850.0,8357.0,493.0,24,0.0,25,20000.0,74729.99999999999,378000.0,59160.0,0.0,531890.0,0.9442937853107345,0.9342465753424658,0
MED-INS-01,baseline,16,9161.0,8576.0,585.0,33,0.0,25,20000.0,73346.40000000004,393750.0,70200.0,0.0,557296.4,0.9361423425390242,0.9095890410958904,0
MED-INS-01,baseline,17,8989.0,8631.0,358.0,20,0.0,26,20800.0,78586.79999999997,393750.0,42960.0,0.0,536096.8,0.9601735454444321,0.9452054794520548,0
MED-INS-01,baseline,18,8987.0,8511.0,476.0,24,0.0,25,20000.0,77205.59999999999,393750.0,57120.0,0.0,548075.6,0.9470346055413374,0.9342465753424658,0
MED-INS-01,baseline,19,9160.0,8503.0,657.0,31,0.0,25,20000.0,72322.80000000002,393750.0,78840.0,0.0,564912.8,0.9282751091703056,0.915068493150685,0
MED-INS-01,baseline,20,9050.0,8577.0,473.0,24,0.0,25,20000.0,81339.60000000003,393750.0,56760.0,0.0,551849.6000000001,0.9477348066298342,0.9342465753424658,0
MED-INS-01,baseline,21,9330.0,8972.0,358.0,16,0.0,27,21600.0,79659.60000000003,409500.0,42960.0,0.0,553719.6000000001,0.9616291532690247,0.9561643835616438,0
MED-INS-01,baseline,22,8906.0,8466.0,440.0,26,0.0,25,20000.0,78172.80000000003,393750.0,52800.0,0.0,544722.8,0.9505951044239839,0.9287671232876712,0
MED-INS-01,baseline,23,9351.0,8962.0,389.0,19,0.0,27,21600.0,84120.00000000001,409500.0,46680.0,0.0,561900.0,0.9584001711046947,0.947945205479452,0
MED-INS-01,baseline,24,9188.0,8687.0,501.0,26,0.0,26,20800.0,79810.79999999999,409500.0,60120.0,0.0,570230.8,0.9454723552459731,0.9287671232876712,0
MED-INS-01,baseline,25,9206.0,8822.0,384.0,19,0.0,26,20800.0,83127.6,409500.0,46080.0,0.0,559507.6,0.9582880729958723,0.947945205479452,0
MED-INS-01,baseline,26,9009.0,8505.0,504.0,24,0.0,25,20000.0,74992.8,393750.0,60480.0,0.0,549222.8,0.9440559440559441,0.9342465753424658,0
MED-INS-01,baseline,27,9036.0,8689.0,347.0,19,0.0,26,20800.0,81062.4,393750.0,41640.0,0.0,537252.4,0.9615980522355024,0.947945205479452,0
MED-INS-01,baseline,28,9210.0,8703.0,507.0,25,0.0,26,20800.0,73257.59999999998,393750.0,60840.0,0.0,548647.6,0.9449511400651466,0.9315068493150684,0
MED-INS-01,baseline,29,9081.0,8401.0,680.0,34,0.0,25,20000.0,74116.79999999996,393750.0,81600.0,0.0,569466.7999999999,0.9251183790331461,0.9068493150684931,0
MED-INS-01,baseline,30,9184.0,8672.0,512.0,24,0.0,26,20800.0,77446.80000000002,393750.0,61440.0,0.0,553436.8,0.9442508710801394,0.9342465753424658,0
MED-INS-01,baseline,31,9041.0,8392.0,649.0,27,0.0,25,20000.0,78946.80000000006,378000.0,77880.0,0.0,554826.8,0.9282159053202079,0.9260273972602739,0
MED-INS-01,baseline,32,8975.0,8227.0,748.0,36,0.0,24,19200.0,71541.59999999995,378000.0,89760.0,0.0,558501.6,0.9166573816155988,0.9013698630136986,0
MED-INS-01,baseline,33,9216.0,8506.0,710.0,36,0.0,25,20000.0,71944.79999999994,393750.0,85200.0,0.0,570894.7999999999,0.9229600694444444,0.9013698630136986,0
MED-INS-01,baseline,34,8995.0,8512.0,483.0,22,0.0,25,20000.0,79272.00000000006,393750.0,57960.0,0.0,550982.0,0.9463035019455253,0.9397260273972603,0
MED-INS-01,baseline,35,8946.0,8527.0,419.0,21,0.0,25,20000.0,77457.6,393750.0,50280.0,0.0,541487.6,0.9531634249944109,0.9424657534246575,0
MED-INS-01,baseline,36,9186.0,8652.0,534.0,26,0.0,26,20800.0,77073.59999999998,393750.0,64080.0,0.0,555703.6,0.9418680600914435,0.9287671232876712,0
MED-INS-01,baseline,37,9055.0,8746.0,309.0,14,0.0,26,20800.0,80552.39999999997,409500.0,37080.0,0.0,547932.3999999999,0.9658752070679183,0.9616438356164384,0
MED-INS-01,baseline,38,9327.0,8665.0,662.0,31,0.0,26,20800.0,72742.79999999999,409500.0,79440.0,0.0,582482.8,0.9290232657874986,0.915068493150685,0
MED-INS-01,baseline,39,9156.0,8763.0,393.0,23,0.0,26,20800.0,75161.99999999999,409500.0,47160.0,0.0,552622.0,0.9570773263433814,0.936986301369863,0
MED-INS-01,baseline,40,9107.0,8416.0,691.0,35,0.0,25,20000.0,69202.79999999997,385875.0,82920.0,0.0,557997.8,0.9241242999890195,0.904109589041096,0
MED-INS-01,baseline,41,9039.0,8342.0,697.0,30,0.0,25,20000.0,74077.20000000008,378000.0,83640.0,0.0,555717.2000000001,0.9228897001880739,0.9178082191780822,0
MED-INS-01,baseline,42,9108.0,8695.0,413.0,20,0.0,26,20800.0,73916.40000000005,393750.0,49560.0,0.0,538026.4,0.954655248133509,0.9452054794520548,0
MED-INS-01,baseline,43,9193.0,8769.0,424.0,20,0.0,26,20800.0,80457.59999999998,409500.0,50880.0,0.0,561637.6,0.953877950614598,0.9452054794520548,0
MED-INS-01,baseline,44,9054.0,8477.0,577.0,29,0.0,25,20000.0,79436.40000000004,393750.0,69240.0,0.0,562426.4,0.936271261320963,0.9205479452054794,0
MED-INS-01,baseline,45,9002.0,8681.0,321.0,19,0.0,26,20800.0,79534.79999999999,393750.0,38520.0,0.0,532604.8,0.9643412574983337,0.947945205479452,0
MED-INS-01,baseline,46,9056.0,8374.0,682.0,30,0.0,25,20000.0,70411.19999999998,378000.0,81840.0,0.0,550251.2,0.9246908127208481,0.9178082191780822,0
MED-INS-01,baseline,47,9118.0,8629.0,489.0,23,0.0,26,20800.0,80084.40000000004,393750.0,58680.0,0.0,553314.4,0.9463698179425313,0.936986301369863,0
MED-INS-01,baseline,48,8930.0,8451.0,479.0,24,0.0,25,20000.0,76699.19999999994,393750.0,57480.0,0.0,547929.2,0.946360582306831,0.9342465753424658,0
MED-INS-01,baseline,49,9139.0,8591.0,548.0,27,0.0,25,20000.0,76274.40000000001,393750.0,65760.0,0.0,555784.4,0.940037203195098,0.9260273972602739,0
MED-INS-01,baseline,50,9201.0,8715.0,486.0,23,0.0,26,20800.0,81357.60000000003,393750.0,58320.0,0.0,554227.6000000001,0.9471796543853929,0.936986301369863,0
MED-INS-01,baseline,51,9022.0,8594.0,428.0,23,0.0,25,20000.0,79690.79999999999,393750.0,51360.0,0.0,544800.8,0.95256040789182,0.936986301369863,0
MED-INS-01,baseline,52,8886.0,8347.0,539.0,26,0.0,25,20000.0,81919.20000000003,378000.0,64680.0,0.0,544599.2,0.9393427864055818,0.9287671232876712,0
MED-INS-01,baseline,53,9148.0,8667.0,481.0,23,0.0,26,20800.0,81247.19999999998,393750.0,57720.0,0.0,553517.2,0.9474202011368605,0.936986301369863,0
MED-INS-01,baseline,54,9008.0,8450.0,558.0,28,0.0,25,20000.0,74606.40000000002,393750.0,66960.0,0.0,555316.4,0.9380550621669627,0.9232876712328767,0
MED-INS-01,baseline,55,9151.0,8568.0,583.0,29,0.0,25,20000.0,71158.80000000003,393750.0,69960.0,0.0,554868.8,0.9362911157250574,0.9205479452054794,0
MED-INS-01,baseline,56,9171.0,8782.0,389.0,21,0.0,26,20800.0,77376.00000000001,409500.0,46680.0,0.0,554356.0,0.9575836877112638,0.9424657534246575,0
MED-INS-01,baseline,57,9043.0,8585.0,458.0,24,0.0,25,20000.0,74614.79999999997,393750.0,54960.0,0.0,543324.8,0.9493530907884552,0.9342465753424658,0
MED-INS-01,baseline,58,9028.0,8429.0,599.0,29,0.0,25,20000.0,76737.60000000008,393750.0,71880.0,0.0,562367.6000000001,0.9336508639787329,0.9205479452054794,0
MED-INS-01,baseline,59,9159.0,8750.0,409.0,22,0.0,26,20800.0,80396.40000000004,393750.0,49080.0,0.0,544026.4,0.955344469920297,0.9397260273972603,0
MED-INS-01,baseline,60,9198.0,8541.0,657.0,32,0.0,25,20000.0,75927.60000000002,393750.0,78840.0,0.0,568517.6000000001,0.9285714285714286,0.9123287671232877,0
MED-INS-01,baseline,61,9015.0,8474.0,541.0,27,0.0,25,20000.0,82027.20000000004,393750.0,64920.0,0.0,560697.2000000001,0.9399889073765946,0.9260273972602739,0
MED-INS-01,baseline,62,9119.0,8741.0,378.0,19,0.0,26,20800.0,76741.2,409500.0,45360.0,0.0,552401.2,0.9585480864129838,0.947945205479452,0
MED-INS-01,baseline,63,9093.0,8451.0,642.0,32,0.0,25,20000.0,75947.99999999999,393750.0,77040.0,0.0,566738.0,0.9293962388650611,0.9123287671232877,0
MED-INS-01,baseline,64,9235.0,8565.0,670.0,32,0.0,25,20000.0,74616.00000000001,393750.0,80400.0,0.0,568766.0,0.9274499187872225,0.9123287671232877,0
MED-INS-01,baseline,65,9301.0,8547.0,754.0,37,0.0,25,20000.0,69517.19999999995,393750.0,90480.0,0.0,573747.2,0.9189334480163424,0.8986301369863013,0
MED-INS-01,baseline,66,9176.0,8721.0,455.0,20,0.0,26,20800.0,83859.60000000003,393750.0,54600.0,0.0,553009.6000000001,0.9504141238012206,0.9452054794520548,0
MED-INS-01,baseline,67,8921.0,8537.0,384.0,18,0.0,25,20000.0,83834.39999999998,393750.0,46080.0,0.0,543664.3999999999,0.9569554982625266,0.9506849315068493,0
MED-INS-01,baseline,68,8912.0,8320.0,592.0,30,0.0,25,20000.0,75477.59999999999,378000.0,71040.0,0.0,544517.6,0.933572710951526,0.9178082191780822,0
MED-INS-01,baseline,69,9109.0,8406.0,703.0,36,0.0,25,20000.0,72955.19999999997,393750.0,84360.0,0.0,571065.2,0.9228235810736634,0.9013698630136986,0
MED-INS-01,baseline,70,9082.0,8652.0,430.0,20,0.0,26,20800.0,83389.2,393750.0,51600.0,0.0,549539.2,0.952653600528518,0.9452054794520548,0
MED-INS-01,baseline,71,9122.0,8825.0,297.0,14,0.0,26,20800.0,84055.19999999998,409500.0,35640.0,0.0,549995.2,0.9674413505810129,0.9616438356164384,0
MED-INS-01,baseline,72,9331.0,8742.0,589.0,26,0.0,26,20800.0,72662.39999999998,393750.0,70680.0,0.0,557892.3999999999,0.9368770764119602,0.9287671232876712,0
MED-INS-01,baseline,73,9345.0,8636.0,709.0,32,0.0,26,20800.0,77235.6,393750.0,85080.0,0.0,576865.6,0.9241305510968433,0.9123287671232877,0
MED-INS-01,baseline,74,9159.0,8639.0,520.0,24,0.0,26,20800.0,77538.00000000001,393750.0,62400.0,0.0,554488.0,0.943225242930451,0.9342465753424658,0
MED-INS-01,baseline,75,9001.0,8750.0,251.0,14,0.0,26,20800.0,80375.99999999993,409500.0,30120.0,0.0,540796.0,0.9721142095322742,0.9616438356164384,0
MED-INS-01,baseline,76,9118.0,8491.0,627.0,32,0.0,25,20000.0,77751.60000000005,393750.0,75240.0,0.0,566741.6000000001,0.931234919938583,0.9123287671232877,0
MED-INS-01,baseline,77,9298.0,8836.0,462.0,27,0.0,26,20800.0,78343.2,409500.0,55440.0,0.0,564083.2,0.9503118950311895,0.9260273972602739,0
MED-INS-01,baseline,78,9136.0,8423.0,713.0,32,0.0,25,20000.0,73230.0,393750.0,85560.0,0.0,572540.0,0.9219570928196147,0.9123287671232877,0
MED-INS-01,baseline,79,9093.0,8655.0,438.0,22,0.0,26,20800.0,77722.79999999996,393750.0,52560.0,0.0,544832.7999999999,0.951831078851864,0.9397260273972603,0
MED-INS-01,baseline,80,8973.0,8409.0,564.0,27,0.0,25,20000.0,78122.39999999997,393750.0,67680.0,0.0,559552.3999999999,0.9371447676362421,0.9260273972602739,0
MED-INS-01,baseline,81,8892.0,8323.0,569.0,25,0.0,25,20000.0,78709.20000000003,378000.0,68280.0,0.0,544989.2,0.9360098965362124,0.9315068493150684,0
MED-INS-01,baseline,82,9076.0,8735.0,341.0,17,0.0,26,20800.0,80456.39999999998,393750.0,40920.0,0.0,535926.3999999999,0.9624283825473777,0.9534246575342465,0
MED-INS-01,baseline,83,9125.0,8473.0,652.0,34,0.0,25,20000.0,74679.59999999996,393750.0,78240.0,0.0,566669.6,0.9285479452054795,0.9068493150684931,0
MED-INS-01,baseline,84,9045.0,8506.0,539.0,28,0.0,25,20000.0,75448.8,393750.0,64680.0,0.0,553878.8,0.9404090657822001,0.9232876712328767,0
MED-INS-01,baseline,85,9336.0,8794.0,542.0,23,0.0,26,20800.0,78606.00000000003,409500.0,65040.0,0.0,573946.0,0.9419451585261354,0.936986301369863,0
MED-INS-01,baseline,86,9169.0,8750.0,419.0,21,0.0,26,20800.0,78353.99999999996,393750.0,50280.0,0.0,543184.0,0.9543025411713382,0.9424657534246575,0
MED-INS-01,baseline,87,9100.0,8520.0,580.0,28,0.0,25,20000.0,74757.60000000005,393750.0,69600.0,0.0,558107.6000000001,0.9362637362637363,0.9232876712328767,0
MED-INS-01,baseline,88,9154.0,8814.0,340.0,16,0.0,26,20800.0,80905.20000000011,409500.0,40800.0,0.0,552005.2000000002,0.9628577670963513,0.9561643835616438,0
MED-INS-01,baseline,89,8858.0,8481.0,377.0,17,0.0,25,20000.0,79215.59999999998,393750.0,45240.0,0.0,538205.6,0.9574396026191013,0.9534246575342465,0
MED-INS-01,baseline,90,9125.0,8754.0,371.0,19,0.0,26,20800.0,82196.40000000001,409500.0,44520.0,0.0,557016.4,0.9593424657534246,0.947945205479452,0
MED-INS-01,baseline,91,9194.0,8671.0,523.0,25,0.0,26,20800.0,79471.20000000004,393750.0,62760.0,0.0,556781.2000000001,0.943115075048945,0.9315068493150684,0
MED-INS-01,baseline,92,8853.0,8270.0,583.0,29,0.0,25,20000.0,77092.80000000002,378000.0,69960.0,0.0,545052.8,0.9341466169660002,0.9205479452054794,0
MED-INS-01,baseline,93,9330.0,9027.0,303.0,17,0.0,27,21600.0,79740.00000000004,409500.0,36360.0,0.0,547200.0,0.967524115755627,0.9534246575342465,0
MED-INS-01,baseline,94,9238.0,8913.0,325.0,19,0.0,26,20800.0,83798.39999999997,409500.0,39000.0,0.0,553098.3999999999,0.9648192249404633,0.947945205479452,0
MED-INS-01,baseline,95,9067.0,8483.0,584.0,28,0.0,25,20000.0,74890.79999999994,393750.0,70080.0,0.0,558720.7999999999,0.9355906032866439,0.9232876712328767,0
MED-INS-01,baseline,96,9255.0,8692.0,563.0,23,0.0,26,20800.0,79845.60000000003,409500.0,67560.0,0.0,577705.6000000001,0.9391680172879524,0.936986301369863,0
MED-INS-01,baseline,97,9009.0,8643.0,366.0,20,0.0,26,20800.0,80161.20000000004,393750.0,43920.0,0.0,538631.2000000001,0.9593739593739594,0.9452054794520548,0
MED-INS-01,baseline,98,9082.0,8570.0,512.0,26,0.0,25,20000.0,78295.19999999998,393750.0,61440.0,0.0,553485.2,0.9436247522572121,0.9287671232876712,0
MED-INS-01,baseline,99,9125.0,8586.0,539.0,25,0.0,25,20000.0,74253.59999999999,393750.0,64680.0,0.0,552683.6,0.940931506849315,0.9315068493150684,0
MED-INS-01,baseline,100,9261.0,8524.0,737.0,38,0.0,25,20000.0,71685.6,393750.0,88440.0,0.0,573875.6,0.9204189612352878,0.8958904109589041,0
MED-INS-01,baseline,101,9274.0,8583.0,691.0,35,0.0,25,20000.0,74497.2,393750.0,82920.0,0.0,571167.2,0.925490618934656,0.904109589041096,0
MED-INS-01,baseline,102,9110.0,8619.0,491.0,22,0.0,26,20800.0,77293.2,393750.0,58920.0,0.0,550763.2,0.9461031833150384,0.9397260273972603,0
MED-INS-01,baseline,103,9081.0,8620.0,461.0,21,0.0,26,20800.0,77647.19999999997,393750.0,55320.0,0.0,547517.2,0.9492346657857064,0.9424657534246575,0
MED-INS-01,baseline,104,9075.0,8688.0,387.0,21,0.0,26,20800.0,77279.99999999999,393750.0,46440.0,0.0,538270.0,0.9573553719008264,0.9424657534246575,0
MED-INS-01,baseline,105,9174.0,8502.0,672.0,31,0.0,25,20000.0,77996.40000000005,393750.0,80640.0,0.0,572386.4,0.9267495094833225,0.915068493150685,0
MED-INS-01,baseline,106,9065.0,8600.0,465.0,21,0.0,26,20800.0,79544.40000000001,393750.0,55800.0,0.0,549894.4,0.948703805846663,0.9424657534246575,0
MED-INS-01,baseline,107,9051.0,8474.0,577.0,28,0.0,25,20000.0,75680.39999999998,393750.0,69240.0,0.0,558670.3999999999,0.9362501381062865,0.9232876712328767,0
MED-INS-01,baseline,108,9017.0,8403.0,614.0,30,0.0,25,20000.0,75847.19999999998,393750.0,73680.0,0.0,563277.2,0.9319063990240657,0.9178082191780822,0
MED-INS-01,baseline,109,9278.0,8658.0,620.0,31,0.0,26,20800.0,74353.2,393750.0,74400.0,0.0,563303.2,0.9331752532873464,0.915068493150685,0
MED-INS-01,baseline,110,9144.0,8609.0,535.0,28,0.0,26,20800.0,74366.4,393750.0,64200.0,0.0,553116.4,0.9414916885389326,0.9232876712328767,0
MED-INS-01,baseline,111,9031.0,8358.0,673.0,32,0.0,25,20000.0,72325.19999999997,378000.0,80760.0,0.0,551085.2,0.9254789059904772,0.9123287671232877,0
MED-INS-01,baseline,112,9143.0,8603.0,540.0,27,0.0,26,20800.0,77621.99999999994,393750.0,64800.0,0.0,556972.0,0.9409384228371431,0.9260273972602739,0
MED-INS-01,baseline,113,9164.0,8698.0,466.0,23,0.0,26,20800.0,74044.80000000003,409500.0,55920.0,0.0,560264.8,0.949148843299869,0.936986301369863,0
MED-INS-01,baseline,114,9094.0,8556.0,538.0,28,0.0,25,20000.0,76958.39999999994,393750.0,64560.0,0.0,555268.3999999999,0.9408401143611173,0.9232876712328767,0
MED-INS-01,baseline,115,9180.0,8514.0,666.0,29,0.0,25,20000.0,74805.59999999999,393750.0,79920.0,0.0,568475.6,0.9274509803921569,0.9205479452054794,0
MED-INS-01,baseline,116,9062.0,8547.0,515.0,25,0.0,25,20000.0,75978.0,393750.0,61800.0,0.0,551528.0,0.94316927830501,0.9315068493150684,0
MED-INS-01,baseline,117,9224.0,8742.0,482.0,24,0.0,26,20800.0,77443.19999999994,401625.0,57840.0,0.0,557708.2,0.9477450130095403,0.9342465753424658,0
MED-INS-01,baseline,118,9093.0,8820.0,273.0,16,0.0,26,20800.0,80182.79999999997,409500.0,32760.0,0.0,543242.8,0.9699769053117783,0.9561643835616438,0
MED-INS-01,baseline,119,9049.0,8565.0,484.0,25,0.0,25,20000.0,78853.20000000004,393750.0,58080.0,0.0,550683.2000000001,0.9465134268979998,0.9315068493150684,0
MED-INS-01,baseline,120,9151.0,8556.0,595.0,29,0.0,25,20000.0,73731.60000000002,393750.0,71400.0,0.0,558881.6000000001,0.9349797836302044,0.9205479452054794,0
MED-INS-01,baseline,121,9170.0,8760.0,410.0,19,0.0,26,20800.0,79125.59999999999,409500.0,49200.0,0.0,558625.6,0.955288985823337,0.947945205479452,0
MED-INS-01,baseline,122,9021.0,8611.0,410.0,21,0.0,26,20800.0,79724.4,393750.0,49200.0,0.0,543474.4,0.9545504932934264,0.9424657534246575,0
MED-INS-01,baseline,123,9173.0,8470.0,703.0,35,0.0,25,20000.0,75451.20000000003,393750.0,84360.0,0.0,573561.2,0.9233620407718304,0.904109589041096,0
MED-INS-01,baseline,124,8993.0,8495.0,498.0,26,0.0,25,20000.0,79402.79999999996,385875.0,59760.0,0.0,545037.7999999999,0.9446235961303235,0.9287671232876712,0
MED-INS-01,baseline,125,9221.0,8785.0,436.0,21,0.0,26,20800.0,76813.20000000001,409500.0,52320.0,0.0,559433.2,0.9527166250948921,0.9424657534246575,0
MED-INS-01,baseline,126,9167.0,8800.0,367.0,22,0.0,26,20800.0,78636.00000000001,401625.0,44040.0,0.0,545101.0,0.9599650921784663,0.9397260273972603,0
MED-INS-01,baseline,127,9099.0,8774.0,325.0,19,0.0,26,20800.0,83125.19999999998,409500.0,39000.0,0.0,552425.2,0.9642817892076052,0.947945205479452,0
MED-INS-01,baseline,128,9113.0,8633.0,480.0,24,0.0,26,20800.0,77739.59999999998,393750.0,57600.0,0.0,549889.6,0.9473279929770657,0.9342465753424658,0
MED-INS-01,baseline,129,8986.0,8529.0,457.0,23,0.0,25,20000.0,74889.59999999996,393750.0,54840.0,0.0,543479.6,0.9491431115067883,0.936986301369863,0
MED-INS-01,baseline,130,9229.0,8766.0,463.0,23,0.0,26,20800.0,77383.19999999997,409500.0,55560.0,0.0,563243.2,0.9498320511431357,0.936986301369863,0
MED-INS-01,baseline,131,9242.0,8527.0,715.0,33,0.0,25,20000.0,70167.59999999998,393750.0,85800.0,0.0,569717.6,0.9226357931183726,0.9095890410958904,0
MED-INS-01,baseline,132,9045.0,8515.0,530.0,26,0.0,25,20000.0,80281.20000000004,393750.0,63600.0,0.0,557631.2000000001,0.941404090657822,0.9287671232876712,0
MED-INS-01,baseline,133,9278.0,8650.0,628.0,29,0.0,26,20800.0,76015.20000000001,393750.0,75360.0,0.0,565925.2,0.9323129984910541,0.9205479452054794,0
MED-INS-01,baseline,134,9156.0,8794.0,362.0,19,0.0,26,20800.0,80794.79999999997,409500.0,43440.0,0.0,554534.8,0.9604630843162953,0.947945205479452,0
MED-INS-01,baseline,135,9021.0,8728.0,293.0,13,0.0,26,20800.0,80791.19999999998,393750.0,35160.0,0.0,530501.2,0.9675202305731072,0.9643835616438357,0
MED-INS-01,baseline,136,9029.0,8592.0,437.0,20,0.0,25,20000.0,80289.59999999999,393750.0,52440.0,0.0,546479.6,0.9516003987152508,0.9452054794520548,0
MED-INS-01,baseline,137,9013.0,8315.0,698.0,31,0.0,25,20000.0,76958.40000000002,378000.0,83760.0,0.0,558718.4,0.9225563075557528,0.915068493150685,0
MED-INS-01,baseline,138,8997.0,8492.0,505.0,28,0.0,25,20000.0,76760.39999999994,393750.0,60600.0,0.0,551110.3999999999,0.9438701789485384,0.9232876712328767,0
MED-INS-01,baseline,139,9186.0,8424.0,762.0,41,0.0,25,20000.0,70915.19999999998,393750.0,91440.0,0.0,576105.2,0.9170476812540823,0.8876712328767123,0
MED-INS-01,baseline,140,9240.0,8773.0,467.0,22,0.0,26,20800.0,79855.20000000004,409500.0,56040.0,0.0,566195.2000000001,0.9494588744588744,0.9397260273972603,0
MED-INS-01,baseline,141,9108.0,8798.0,310.0,15,0.0,26,20800.0,81934.79999999996,409500.0,37200.0,0.0,549434.7999999999,0.9659639877031181,0.9589041095890412,0
MED-INS-01,baseline,142,9001.0,8425.0,576.0,28,0.0,25,20000.0,75851.99999999999,393750.0,69120.0,0.0,558722.0,0.9360071103210754,0.9232876712328767,0
MED-INS-01,baseline,143,9220.0,8580.0,640.0,29,0.0,25,20000.0,72602.40000000005,393750.0,76800.0,0.0,563152.4,0.93058568329718,0.9205479452054794,0
MED-INS-01,baseline,144,8995.0,8557.0,438.0,19,0.0,25,20000.0,82820.40000000001,393750.0,52560.0,0.0,549130.4,0.9513062812673707,0.947945205479452,0
MED-INS-01,baseline,145,9027.0,8400.0,627.0,33,0.0,25,20000.0,73268.3999999999,378000.0,75240.0,0.0,546508.3999999999,0.9305417082087072,0.9095890410958904,0
MED-INS-01,baseline,146,9096.0,8667.0,429.0,21,0.0,26,20800.0,78598.80000000003,393750.0,51480.0,0.0,544628.8,0.9528364116094987,0.9424657534246575,0
MED-INS-01,baseline,147,8956.0,8400.0,556.0,30,0.0,25,20000.0,80198.39999999998,378000.0,66720.0,0.0,544918.3999999999,0.9379187137114784,0.9178082191780822,0
MED-INS-01,baseline,148,9219.0,8857.0,362.0,22,0.0,26,20800.0,78440.40000000011,409500.0,43440.0,0.0,552180.4000000001,0.9607332682503525,0.9397260273972603,0
MED-INS-01,baseline,149,9216.0,8339.0,877.0,40,0.0,25,20000.0,73265.99999999999,378000.0,105240.0,0.0,576506.0,0.9048394097222222,0.8904109589041096,0
MED-INS-01,baseline,150,8931.0,8199.0,732.0,34,0.0,24,19200.0,76794.00000000003,378000.0,87840.0,0.0,561834.0,0.9180382935841451,0.9068493150684931,0
MED-INS-01,baseline,151,9029.0,8644.0,385.0,21,0.0,26,20800.0,78682.79999999996,393750.0,46200.0,0.0,539432.7999999999,0.957359619005427,0.9424657534246575,0
MED-INS-01,baseline,152,9079.0,8712.0,367.0,20,0.0,26,20800.0,80486.40000000007,393750.0,44040.0,0.0,539076.4000000001,0.9595770459301686,0.9452054794520548,0
MED-INS-01,baseline,153,9169.0,8802.0,367.0,19,0.0,26,20800.0,79240.80000000002,401625.0,44040.0,0.0,545705.8,0.959973824844585,0.947945205479452,0
MED-INS-01,baseline,154,9198.0,8708.0,490.0,23,0.0,26,20800.0,79309.2,393750.0,58800.0,0.0,552659.2,0.9467275494672754,0.936986301369863,0
MED-INS-01,baseline,155,9111.0,8813.0,298.0,16,0.0,26,20800.0,85557.60000000003,409500.0,35760.0,0.0,551617.6000000001,0.9672922840522445,0.9561643835616438,0
MED-INS-01,baseline,156,9074.0,8770.0,304.0,16,0.0,26,20800.0,80261.99999999997,401625.0,36480.0,0.0,539167.0,0.9664976856953934,0.9561643835616438,0
MED-INS-01,baseline,157,9107.0,8499.0,608.0,26,0.0,25,20000.0,77797.19999999995,393750.0,72960.0,0.0,564507.2,0.9332381684418579,0.9287671232876712,0
MED-INS-01,baseline,158,9227.0,8750.0,477.0,23,0.0,26,20800.0,75386.39999999998,393750.0,57240.0,0.0,547176.3999999999,0.9483038907553918,0.936986301369863,0
MED-INS-01,baseline,159,9294.0,8798.0,496.0,24,0.0,26,20800.0,76938.00000000004,409500.0,59520.0,0.0,566758.0,0.9466322358510867,0.9342465753424658,0
MED-INS-01,baseline,160,9281.0,8761.0,520.0,27,0.0,26,20800.0,78451.19999999997,409500.0,62400.0,0.0,571151.2,0.9439715547893546,0.9260273972602739,0
MED-INS-01,baseline,161,9268.0,8824.0,444.0,22,0.0,26,20800.0,78117.6,409500.0,53280.0,0.0,561697.6,0.9520932239965473,0.9397260273972603,0
MED-INS-01,baseline,162,9176.0,8611.0,565.0,26,0.0,26,20800.0,73347.5999999999,393750.0,67800.0,0.0,555697.5999999999,0.9384263295553618,0.9287671232876712,0
MED-INS-01,baseline,163,9079.0,8792.0,287.0,13,0.0,26,20800.0,79952.40000000004,409500.0,34440.0,0.0,544692.4,0.9683885890516577,0.9643835616438357,0
MED-INS-01,baseline,164,9035.0,8365.0,670.0,33,0.0,25,20000.0,71211.59999999998,378000.0,80400.0,0.0,549611.6,0.9258439402324294,0.9095890410958904,0
MED-INS-01,baseline,165,9106.0,8787.0,319.0,21,0.0,26,20800.0,76237.2,401625.0,38280.0,0.0,536942.2,0.964968152866242,0.9424657534246575,0
MED-INS-01,baseline,166,9240.0,8715.0,525.0,25,0.0,26,20800.0,77113.20000000001,393750.0,63000.0,0.0,554663.2,0.9431818181818182,0.9315068493150684,0
MED-INS-01,baseline,167,9100.0,8422.0,678.0,32,0.0,25,20000.0,75208.8,393750.0,81360.0,0.0,570318.8,0.9254945054945055,0.9123287671232877,0
MED-INS-01,baseline,168,9105.0,8750.0,355.0,20,0.0,26,20800.0,77869.2,393750.0,42600.0,0.0,535019.2,0.9610104338275672,0.9452054794520548,0
MED-INS-01,baseline,169,8953.0,8512.0,441.0,20,0.0,25,20000.0,84754.80000000005,393750.0,52920.0,0.0,551424.8,0.9507427677873339,0.9452054794520548,0
MED-INS-01,baseline,170,9119.0,8603.0,516.0,29,0.0,26,20800.0,74960.40000000004,393750.0,61920.0,0.0,551430.4,0.9434148481193113,0.9205479452054794,0
MED-INS-01,baseline,171,9129.0,8515.0,614.0,30,0.0,25,20000.0,75153.60000000003,393750.0,73680.0,0.0,562583.6000000001,0.9327418118085223,0.9178082191780822,0
MED-INS-01,baseline,172,8948.0,8280.0,668.0,35,0.0,25,20000.0,73785.60000000002,378000.0,80160.0,0.0,551945.6000000001,0.9253464461332142,0.904109589041096,0
MED-INS-01,baseline,173,9216.0,8557.0,659.0,35,0.0,25,20000.0,69642.00000000003,393750.0,79080.0,0.0,562472.0,0.9284939236111112,0.904109589041096,0
MED-INS-01,baseline,174,9018.0,8553.0,465.0,22,0.0,25,20000.0,78967.19999999994,393750.0,55800.0,0.0,548517.2,0.9484364604125083,0.9397260273972603,0
MED-INS-01,baseline,175,9167.0,8600.0,567.0,28,0.0,26,20800.0,77140.80000000005,393750.0,68040.0,0.0,559730.8,0.9381477037198648,0.9232876712328767,0
MED-INS-01,baseline,176,9307.0,8551.0,756.0,34,0.0,25,20000.0,75555.60000000006,393750.0,90720.0,0.0,580025.6000000001,0.9187708176641238,0.9068493150684931,0
MED-INS-01,baseline,177,8903.0,8664.0,239.0,13,0.0,26,20800.0,85989.59999999998,393750.0,28680.0,0.0,529219.6,0.9731551162529485,0.9643835616438357,0
MED-INS-01,baseline,178,9236.0,8632.0,604.0,31,0.0,26,20800.0,76610.40000000001,393750.0,72480.0,0.0,563640.4,0.9346037245560849,0.915068493150685,0
MED-INS-01,baseline,179,9074.0,8713.0,361.0,17,0.0,26,20800.0,79033.19999999998,393750.0,43320.0,0.0,536903.2,0.9602160017632797,0.9534246575342465,0
MED-INS-01,baseline,180,9216.0,8740.0,476.0,21,0.0,26,20800.0,79402.8,393750.0,57120.0,0.0,551072.8,0.9483506944444444,0.9424657534246575,0
MED-INS-01,baseline,181,9222.0,8750.0,472.0,25,0.0,26,20800.0,75187.20000000004,393750.0,56640.0,0.0,546377.2000000001,0.9488180438082845,0.9315068493150684,0
MED-INS-01,baseline,182,8855.0,8367.0,488.0,27,0.0,25,20000.0,75080.40000000001,378000.0,58560.0,0.0,531640.4,0.9448898927159797,0.9260273972602739,0
MED-INS-01,baseline,183,9075.0,8287.0,788.0,37,0.0,25,20000.0,75685.20000000008,378000.0,94560.0,0.0,568245.2000000001,0.913168044077135,0.8986301369863013,0
MED-INS-01,baseline,184,9077.0,8363.0,714.0,34,0.0,25,20000.0,70744.79999999996,378000.0,85680.0,0.0,554424.7999999999,0.9213396496639858,0.9068493150684931,0
MED-INS-01,baseline,185,9180.0,8872.0,308.0,20,0.0,26,20800.0,79343.99999999997,409500.0,36960.0,0.0,546604.0,0.9664488017429194,0.9452054794520548,0
MED-INS-01,baseline,186,9099.0,8676.0,423.0,21,0.0,26,20800.0,79867.20000000001,393750.0,50760.0,0.0,545177.2,0.9535113748763601,0.9424657534246575,0
MED-INS-01,baseline,187,8762.0,8263.0,499.0,25,0.0,25,20000.0,75192.00000000003,378000.0,59880.0,0.0,533072.0,0.9430495320703036,0.9315068493150684,0
MED-INS-01,baseline,188,9024.0,8499.0,525.0,23,0.0,25,20000.0,78178.79999999994,393750.0,63000.0,0.0,554928.7999999999,0.9418218085106383,0.936986301369863,0
MED-INS-01,baseline,189,8783.0,8436.0,347.0,20,0.0,25,20000.0,78038.4,393750.0,41640.0,0.0,533428.4,0.9604918592735967,0.9452054794520548,0
MED-INS-01,baseline,190,9214.0,8633.0,581.0,29,0.0,26,20800.0,77638.79999999994,393750.0,69720.0,0.0,561908.7999999999,0.9369437812025179,0.9205479452054794,0
MED-INS-01,baseline,191,9220.0,8687.0,533.0,23,0.0,26,20800.0,74710.79999999994,393750.0,63960.0,0.0,553220.7999999999,0.9421908893709328,0.936986301369863,0
MED-INS-01,baseline,192,9301.0,8600.0,701.0,30,0.0,26,20800.0,71168.4,393750.0,84120.0,0.0,569838.4,0.9246317600258037,0.9178082191780822,0
MED-INS-01,baseline,193,9055.0,8400.0,655.0,31,0.0,25,20000.0,75697.19999999997,385875.0,78600.0,0.0,560172.2,0.9276642738818333,0.915068493150685,0
MED-INS-01,baseline,194,9075.0,8640.0,435.0,19,0.0,26,20800.0,77235.60000000003,393750.0,52200.0,0.0,543985.6000000001,0.9520661157024793,0.947945205479452,0
MED-INS-01,baseline,195,9236.0,8807.0,429.0,23,0.0,26,20800.0,77125.2,409500.0,51480.0,0.0,558905.2,0.9535513209181464,0.936986301369863,0
MED-INS-01,baseline,196,8856.0,8400.0,456.0,26,0.0,25,20000.0,74342.39999999995,378000.0,54720.0,0.0,527062.3999999999,0.948509485094851,0.9287671232876712,0
MED-INS-01,baseline,197,9145.0,8844.0,301.0,14,0.0,26,20800.0,84580.79999999999,409500.0,36120.0,0.0,551000.8,0.9670858392564243,0.9616438356164384,0
MED-INS-01,baseline,198,9081.0,8646.0,435.0,22,0.0,26,20800.0,83820.00000000006,393750.0,52200.0,0.0,550570.0,0.9520977865873802,0.9397260273972603,0
MED-INS-01,baseline,199,9213.0,8574.0,639.0,30,0.0,25,20000.0,77489.99999999993,393750.0,76680.0,0.0,567920.0,0.9306414848583523,0.9178082191780822,0
MED-INS-01,probabilistic,0,9026.0,8903.0,123.0,5,0.0,46,36800.0,98091.10981987709,408254.3239395705,14760.0,0.0,557905.4337594477,0.9863727010857523,0.9863013698630136,0
MED-INS-01,probabilistic,1,9200.0,8945.0,255.0,9,0.0,47,37600.0,96971.18193298951,414689.3239395705,30600.0,0.0,579860.50587256,0.9722826086956522,0.9753424657534246,0
MED-INS-01,probabilistic,2,9235.0,9131.0,104.0,4,0.0,47,37600.0,105676.69179159898,416399.3239395705,12480.0,0.0,572156.0157311695,0.9887384948565241,0.989041095890411,0
MED-INS-01,probabilistic,3,9301.0,9188.0,113.0,5,0.0,48,38400.0,92232.70981987716,425624.3239395705,13560.0,0.0,569817.0337594476,0.9878507687345447,0.9863013698630136,0
MED-INS-01,probabilistic,4,9223.0,9032.0,191.0,7,0.0,47,37600.0,99477.54587643332,416264.3239395705,22920.0,0.0,576261.8698160038,0.9792909031768405,0.9808219178082191,0
MED-INS-01,probabilistic,5,9193.0,9013.0,180.0,8,0.0,47,37600.0,97307.56390471151,415049.3239395705,21600.0,0.0,571556.887844282,0.9804198846948765,0.9780821917808219,0
MED-INS-01,probabilistic,6,9240.0,9079.0,161.0,6,0.0,47,37600.0,102405.92784815519,420449.3239395705,19320.0,0.0,579775.2517877257,0.9825757575757575,0.9835616438356164,0
MED-INS-01,probabilistic,7,9270.0,9141.0,129.0,6,0.0,46,36800.0,97817.12784815523,425534.3239395705,15480.0,0.0,575631.4517877258,0.986084142394822,0.9835616438356164,0
MED-INS-01,probabilistic,8,9192.0,8999.318309768234,192.68169023176608,9,0.0,47,37600.0,101916.21630060517,416953.64787914103,23121.80282781193,0.0,579591.6670075582,0.9790381102881021,0.9753424657534246,0
MED-INS-01,probabilistic,9,9180.0,8957.0,223.0,10,0.0,46,36800.0,99775.19996126779,416444.3239395705,26760.0,0.0,579779.5239008383,0.9757080610021787,0.9726027397260274,0
MED-INS-01,probabilistic,10,9267.0,9047.0,220.0,9,0.0,46,36800.0,90927.98193298961,415881.8239395705,26400.0,0.0,570009.8058725601,0.9762598467681018,0.9753424657534246,0
MED-INS-01,probabilistic,11,8859.0,8761.0,98.0,4,0.0,46,36800.0,102835.09179159897,405734.3239395705,11760.0,0.0,557129.4157311695,0.9889378033638108,0.989041095890411,0
MED-INS-01,probabilistic,12,9078.0,8926.0,152.0,7,0.0,46,36800.0,90581.94587643331,410864.3239395705,18240.0,0.0,556486.2698160039,0.9832562238378497,0.9808219178082191,0
MED-INS-01,probabilistic,13,9294.0,9118.0,176.0,8,0.0,47,37600.0,106870.36390471144,420224.3239395705,21120.0,0.0,585814.687844282,0.9810630514310308,0.9780821917808219,0
MED-INS-01,probabilistic,14,9051.0,8891.0,160.0,7,0.0,46,36800.0,104924.7819329896,406634.3239395705,19200.0,0.0,567559.1058725601,0.9823223953154347,0.9808219178082191,0
MED-INS-01,probabilistic,15,8847.0,8695.0,152.0,6,0.0,45,36000.0,102351.92784815522,398714.3239395705,18240.0,0.0,555306.2517877257,0.9828190347010286,0.9835616438356164,0
MED-INS-01,probabilistic,16,9122.0,9006.0,116.0,5,0.0,46,36800.0,94584.70981987707,410909.3239395705,13920.0,0.0,556214.0337594475,0.9872834904626179,0.9863013698630136,0
MED-INS-01,probabilistic,17,9100.0,8974.0,126.0,5,0.0,47,37600.0,104376.70981987703,413969.3239395705,15120.0,0.0,571066.0337594475,0.9861538461538462,0.9863013698630136,0
MED-INS-01,probabilistic,18,8943.0,8836.0,107.0,5,0.0,45,36000.0,97755.109819877,410729.3239395705,12840.0,0.0,557324.4337594475,0.9880353348988036,0.9863013698630136,0
MED-INS-01,probabilistic,19,9196.0,9007.636619536468,188.36338046353217,9,0.0,46,36800.0,98635.19658338635,420252.9718187116,22603.605655623862,0.0,578291.7740577217,0.9795168137816951,0.9753424657534246,0
MED-INS-01,probabilistic,20,9047.0,8946.0,101.0,4,0.0,47,37600.0,98743.09179159898,411314.3239395705,12120.0,0.0,559777.4157311695,0.988836078257986,0.989041095890411,0
MED-INS-01,probabilistic,21,9329.0,9253.318309768234,75.68169023176608,3,0.0,48,38400.0,100652.89010265835,428293.64787914103,9081.802827811931,0.0,576428.3408096113,0.9918874809484655,0.9917808219178083,0
MED-INS-01,probabilistic,22,8931.0,8829.0,102.0,5,0.0,46,36800.0,100990.30981987706,408029.3239395705,12240.0,0.0,558059.6337594476,0.9885791064830366,0.9863013698630136,0
MED-INS-01,probabilistic,23,9368.0,9173.0,195.0,7,0.0,47,37600.0,100091.94587643334,425669.3239395705,23400.0,0.0,586761.2698160039,0.9791844577284372,0.9808219178082191,0
MED-INS-01,probabilistic,24,9213.0,9053.318309768234,159.68169023176608,7,0.0,47,37600.0,96624.10813093648,419698.64787914103,19161.80282781193,0.0,573084.5588378895,0.9826677857123883,0.9808219178082191,0
MED-INS-01,probabilistic,25,9209.0,9035.318309768234,173.68169023176608,7,0.0,46,36800.0,93435.76221577075,420643.64787914103,20841.80282781193,0.0,571721.2129227237,0.9811400054043038,0.9808219178082191,0
MED-INS-01,probabilistic,26,9009.0,8893.0,116.0,5,0.0,46,36800.0,103597.90981987707,407039.3239395705,13920.0,0.0,561357.2337594476,0.9871239871239871,0.9863013698630136,0
MED-INS-01,probabilistic,27,8990.0,8899.0,91.0,4,0.0,46,36800.0,102258.32784815518,412259.3239395705,10920.0,0.0,562237.6517877257,0.9898776418242492,0.989041095890411,0
MED-INS-01,probabilistic,28,9223.0,9098.0,125.0,5,0.0,47,37600.0,97124.34587643332,423599.3239395705,15000.0,0.0,573323.6698160039,0.9864469261628538,0.9863013698630136,0
MED-INS-01,probabilistic,29,9063.0,8902.0,161.0,6,0.0,46,36800.0,103230.32784815517,410684.3239395705,19320.0,0.0,570034.6517877257,0.982235462871014,0.9835616438356164,0
MED-INS-01,probabilistic,30,9182.0,8995.0,187.0,7,0.0,46,36800.0,103466.3458764334,413249.3239395705,22440.0,0.0,575955.6698160039,0.9796340666521455,0.9808219178082191,0
MED-INS-01,probabilistic,31,9084.0,8946.0,138.0,5,0.0,46,36800.0,97023.10981987695,417074.3239395705,16560.0,0.0,567457.4337594474,0.9848084544253632,0.9863013698630136,0
MED-INS-01,probabilistic,32,9070.0,8897.0,173.0,7,0.0,46,36800.0,103437.54587643324,410999.3239395705,20760.0,0.0,571996.8698160038,0.9809261300992282,0.9808219178082191,0
MED-INS-01,probabilistic,33,9073.0,8931.0,142.0,6,0.0,46,36800.0,90450.32784815527,412529.3239395705,17040.0,0.0,556819.6517877257,0.9843491678606856,0.9835616438356164,0
MED-INS-01,probabilistic,34,8997.0,8812.0,185.0,7,0.0,45,36000.0,99213.98193298961,411494.3239395705,22200.0,0.0,568908.3058725601,0.9794375903078804,0.9808219178082191,0
MED-INS-01,probabilistic,35,9049.0,8812.0,237.0,8,0.0,45,36000.0,103153.96390471148,403214.3239395705,28440.0,0.0,570808.287844282,0.9738092606917892,0.9780821917808219,0
MED-INS-01,probabilistic,36,9218.0,9095.0,123.0,5,0.0,47,37600.0,97183.90981987705,415364.3239395705,14760.0,0.0,564908.2337594476,0.986656541549143,0.9863013698630136,0
MED-INS-01,probabilistic,37,9079.0,8893.0,186.0,7,0.0,46,36800.0,100346.34587643322,406679.3239395705,22320.0,0.0,566145.6698160038,0.9795131622425377,0.9808219178082191,0
MED-INS-01,probabilistic,38,9318.0,9124.0,194.0,8,0.0,47,37600.0,98040.7639047114,424139.3239395705,23280.0,0.0,583060.0878442819,0.9791800815625671,0.9780821917808219,0
MED-INS-01,probabilistic,39,9040.0,8928.318309768234,111.68169023176608,5,0.0,45,36000.0,97833.7622157708,415063.64787914103,13401.802827811931,0.0,562299.2129227237,0.9876458307265745,0.9863013698630136,0
MED-INS-01,probabilistic,40,9084.0,8898.0,186.0,7,0.0,46,36800.0,99249.54587643324,413339.3239395705,22320.0,0.0,571708.8698160038,0.9795244385733157,0.9808219178082191,0
MED-INS-01,probabilistic,41,9042.0,8835.0,207.0,8,0.0,46,36800.0,96873.16390471144,409424.3239395705,24840.0,0.0,567937.487844282,0.9771068347710683,0.9780821917808219,0
MED-INS-01,probabilistic,42,8970.0,8840.0,130.0,5,0.0,45,36000.0,94822.30981987716,406679.3239395705,15600.0,0.0,553101.6337594477,0.9855072463768116,0.9863013698630136,0
MED-INS-01,probabilistic,43,9170.0,9066.0,104.0,4,0.0,47,37600.0,100150.69179159899,415949.3239395705,12480.0,0.0,566180.0157311695,0.9886586695747,0.989041095890411,0
MED-INS-01,probabilistic,44,9094.0,9031.0,63.0,3,0.0,47,37600.0,99277.47376332084,414689.3239395705,7560.0,0.0,559126.7977028913,0.9930723553991643,0.9917808219178083,0
MED-INS-01,probabilistic,45,8919.0,8847.0,72.0,3,0.0,46,36800.0,98924.67376332087,404114.3239395705,8640.0,0.0,548478.9977028914,0.9919273461150353,0.9917808219178083,0
MED-INS-01,probabilistic,46,9085.0,8936.0,149.0,6,0.0,46,36800.0,100832.72784815523,406724.3239395705,17880.0,0.0,562237.0517877258,0.983599339570721,0.9835616438356164,0
MED-INS-01,probabilistic,47,9222.0,9021.0,201.0,8,0.0,47,37600.0,103164.76390471148,414914.3239395705,24120.0,0.0,579799.0878442819,0.9782042940793754,0.9780821917808219,0
MED-INS-01,probabilistic,48,9043.0,8919.0,124.0,5,0.0,47,37600.0,104619.10981987705,413429.3239395705,14880.0,0.0,570528.4337594475,0.9862877363706735,0.9863013698630136,0
MED-INS-01,probabilistic,49,9151.0,8951.0,200.0,9,0.0,46,36800.0,97320.38193298948,412439.3239395705,24000.0,0.0,570559.7058725599,0.978144465085783,0.9753424657534246,0
MED-INS-01,probabilistic,50,8992.0,8923.0,69.0,3,0.0,46,36800.0,99631.4737633208,406904.3239395705,8280.0,0.0,551615.7977028913,0.9923265124555161,0.9917808219178083,0
MED-INS-01,probabilistic,51,9063.0,8925.0,138.0,5,0.0,46,36800.0,107001.10981987702,410009.3239395705,16560.0,0.0,570370.4337594475,0.9847732538894406,0.9863013698630136,0
MED-INS-01,probabilistic,52,8895.0,8738.0,157.0,8,0.0,46,36800.0,102267.16390471152,404654.3239395705,18840.0,0.0,562561.4878442821,0.9823496346261945,0.9780821917808219,0
MED-INS-01,probabilistic,53,9011.0,8843.0,168.0,6,0.0,45,36000.0,97415.1278481553,402854.3239395705,20160.0,0.0,556429.4517877258,0.9813561202974143,0.9835616438356164,0
MED-INS-01,probabilistic,54,9130.0,9041.0,89.0,4,0.0,47,37600.0,100317.49179159904,417839.3239395705,10680.0,0.0,566436.8157311695,0.9902519167579409,0.989041095890411,0
MED-INS-01,probabilistic,55,9084.0,8967.0,117.0,5,0.0,46,36800.0,98878.30981987709,419549.3239395705,14040.0,0.0,569267.6337594476,0.9871202113606341,0.9863013698630136,0
MED-INS-01,probabilistic,56,9179.0,9013.0,166.0,7,0.0,46,36800.0,94945.14587643341,410234.3239395705,19920.0,0.0,561899.4698160039,0.9819152413116897,0.9808219178082191,0
MED-INS-01,probabilistic,57,9091.0,8940.318309768234,150.68169023176608,7,0.0,46,36800.0,102769.79827232701,411733.64787914103,18081.80282781193,0.0,569385.2489792799,0.9834251798227075,0.9808219178082191,0
MED-INS-01,probabilistic,58,8928.0,8814.0,114.0,6,0.0,46,36800.0,97155.92784815522,404789.3239395705,13680.0,0.0,552425.2517877257,0.9872311827956989,0.9835616438356164,0
MED-INS-01,probabilistic,59,9127.0,8932.0,195.0,9,0.0,46,36800.0,97794.81798954586,409064.3239395705,23400.0,0.0,567059.1419291163,0.9786348197655308,0.9753424657534246,0
MED-INS-01,probabilistic,60,9233.0,9021.318309768234,211.68169023176608,9,0.0,47,37600.0,94517.39827232697,413623.6478791411,25401.80282781193,0.0,571142.84897928,0.9770733574968303,0.9753424657534246,0
MED-INS-01,probabilistic,61,9022.0,8895.0,127.0,5,0.0,46,36800.0,103751.50981987703,409334.3239395705,15240.0,0.0,565125.8337594476,0.9859232986034139,0.9863013698630136,0
MED-INS-01,probabilistic,62,9036.0,8899.0,137.0,5,0.0,46,36800.0,99810.70981987711,415769.3239395705,16440.0,0.0,568820.0337594476,0.984838424081452,0.9863013698630136,0
MED-INS-01,probabilistic,63,9178.0,8986.0,192.0,7,0.0,46,36800.0,99833.9458764334,418784.3239395705,23040.0,0.0,578458.269816004,0.9790804096753105,0.9808219178082191,0
MED-INS-01,probabilistic,64,9110.0,8902.318309768234,207.68169023176608,8,0.0,46,36800.0,100318.52615921448,410293.64787914103,24921.80282781193,0.0,572333.9768661674,0.9772028880096854,0.9780821917808219,0
MED-INS-01,probabilistic,65,9366.0,9180.0,186.0,8,0.0,47,37600.0,95980.79996126764,420629.3239395705,22320.0,0.0,576530.1239008382,0.9801409352978859,0.9780821917808219,0
MED-INS-01,probabilistic,66,9178.0,8915.0,263.0,10,0.0,46,36800.0,99901.19996126773,407984.3239395705,31560.0,0.0,576245.5239008382,0.9713445195031597,0.9726027397260274,0
MED-INS-01,probabilistic,67,8892.0,8738.0,154.0,6,0.0,45,36000.0,103098.32784815523,406049.3239395705,18480.0,0.0,563627.6517877257,0.98268106162843,0.9835616438356164,0
MED-INS-01,probabilistic,68,8802.0,8647.0,155.0,6,0.0,44,35200.0,101222.72784815522,402989.3239395705,18600.0,0.0,558012.0517877258,0.9823903658259486,0.9835616438356164,0
MED-INS-01,probabilistic,69,9159.0,8902.0,257.0,11,0.0,46,36800.0,95124.81798954576,409109.3239395705,30840.0,0.0,571874.1419291163,0.9719401681406267,0.9698630136986301,0
MED-INS-01,probabilistic,70,9083.0,8959.0,124.0,5,0.0,46,36800.0,100648.30981987706,412034.3239395705,14880.0,0.0,564362.6337594476,0.9863481228668942,0.9863013698630136,0
MED-INS-01,probabilistic,71,9070.0,8996.0,74.0,3,0.0,46,36800.0,101862.27376332085,410009.3239395705,8880.0,0.0,557551.5977028913,0.9918412348401323,0.9917808219178083,0
MED-INS-01,probabilistic,72,9351.0,9238.0,113.0,4,0.0,48,38400.0,96175.52784815524,424949.3239395705,13560.0,0.0,573084.8517877257,0.9879157309378676,0.989041095890411,0
MED-INS-01,probabilistic,73,9357.0,9230.0,127.0,5,0.0,47,37600.0,98801.50981987714,430169.3239395705,15240.0,0.0,581810.8337594477,0.9864272736988351,0.9863013698630136,0
MED-INS-01,probabilistic,74,9161.0,8953.0,208.0,9,0.0,47,37600.0,100901.1819329896,413249.3239395705,24960.0,0.0,576710.5058725601,0.9772950551249864,0.9753424657534246,0
MED-INS-01,probabilistic,75,9022.0,8955.0,67.0,2,0.0,46,36800.0,106762.25573504267,417884.3239395705,8040.0,0.0,569486.5796746132,0.9925737087120372,0.9945205479452055,0
MED-INS-01,probabilistic,76,9049.0,8859.0,190.0,7,0.0,46,36800.0,92306.34587643328,408704.3239395705,22800.0,0.0,560610.6698160038,0.9790032047740082,0.9808219178082191,0
MED-INS-01,probabilistic,77,9333.0,9190.0,143.0,7,0.0,48,38400.0,95900.34587643329,425579.3239395705,17160.0,0.0,577039.6698160039,0.9846780242151505,0.9808219178082191,0
MED-INS-01,probabilistic,78,9093.0,9014.0,79.0,4,0.0,46,36800.0,101548.69179159889,414689.3239395705,9480.0,0.0,562518.0157311694,0.9913119982404047,0.989041095890411,0
MED-INS-01,probabilistic,79,9060.0,8926.0,134.0,6,0.0,46,36800.0,97488.32784815514,411089.3239395705,16080.0,0.0,561457.6517877256,0.9852097130242825,0.9835616438356164,0
MED-INS-01,probabilistic,80,9014.0,8816.0,198.0,8,0.0,46,36800.0,97167.76390471151,411156.8239395705,23760.0,0.0,568884.587844282,0.978034169070335,0.9780821917808219,0
MED-INS-01,probabilistic,81,8894.0,8657.0,237.0,9,0.0,44,35200.0,98108.01798954574,403394.3239395705,28440.0,0.0,565142.3419291163,0.9733528221272768,0.9753424657534246,0
MED-INS-01,probabilistic,82,9141.0,9043.0,98.0,5,0.0,47,37600.0,102703.909819877,415004.3239395705,11760.0,0.0,567068.2337594475,0.9892790723115633,0.9863013698630136,0
MED-INS-01,probabilistic,83,9096.0,9038.0,58.0,3,0.0,47,37600.0,97381.47376332086,413969.3239395705,6960.0,0.0,555910.7977028914,0.9936235708003518,0.9917808219178083,0
MED-INS-01,probabilistic,84,9081.0,8931.0,150.0,6,0.0,46,36800.0,101525.12784815521,415319.3239395705,18000.0,0.0,571644.4517877258,0.9834819953749587,0.9835616438356164,0
MED-INS-01,probabilistic,85,9303.0,9120.0,183.0,6,0.0,47,37600.0,97345.5278481553,414284.3239395705,21960.0,0.0,571189.8517877258,0.9803289261528539,0.9835616438356164,0
MED-INS-01,probabilistic,86,9064.0,8920.0,144.0,5,0.0,46,36800.0,98065.90981987705,408794.3239395705,17280.0,0.0,560940.2337594476,0.9841129744042365,0.9863013698630136,0
MED-INS-01,probabilistic,87,9059.0,8827.0,232.0,9,0.0,46,36800.0,93578.7819329896,405464.3239395705,27840.0,0.0,563683.1058725601,0.9743901092835854,0.9753424657534246,0
MED-INS-01,probabilistic,88,9253.0,9151.0,102.0,4,0.0,48,38400.0,102572.29179159901,423329.3239395705,12240.0,0.0,576541.6157311695,0.9889765481465471,0.989041095890411,0
MED-INS-01,probabilistic,89,8933.0,8789.0,144.0,5,0.0,45,36000.0,100539.10981987718,408839.3239395705,17280.0,0.0,562658.4337594477,0.9838799955222209,0.9863013698630136,0
MED-INS-01,probabilistic,90,9007.0,8904.0,103.0,4,0.0,46,36800.0,101531.89179159902,417569.3239395705,12360.0,0.0,568261.2157311696,0.9885644498723215,0.989041095890411,0
MED-INS-01,probabilistic,91,9109.0,8931.0,178.0,7,0.0,46,36800.0,97768.74587643327,407579.3239395705,21360.0,0.0,563508.0698160038,0.9804588868152376,0.9808219178082191,0
MED-INS-01,probabilistic,92,8908.0,8731.0,177.0,7,0.0,45,36000.0,102231.54587643332,399254.3239395705,21240.0,0.0,558725.8698160038,0.9801302200269421,0.9808219178082191,0
MED-INS-01,probabilistic,93,9280.0,9145.0,135.0,5,0.0,47,37600.0,97254.70981987716,416444.3239395705,16200.0,0.0,567499.0337594477,0.9854525862068966,0.9863013698630136,0
MED-INS-01,probabilistic,94,9070.0,8934.0,136.0,5,0.0,46,36800.0,99299.50981987712,408794.3239395705,16320.0,0.0,561213.8337594476,0.985005512679162,0.9863013698630136,0
MED-INS-01,probabilistic,95,9064.0,8940.0,124.0,5,0.0,46,36800.0,101053.90981987715,415364.3239395705,14880.0,0.0,568098.2337594477,0.9863195057369815,0.9863013698630136,0
MED-INS-01,probabilistic,96,9264.0,9077.318309768234,186.68169023176608,7,0.0,47,37600.0,98056.09010265833,422398.64787914103,22401.80282781193,0.0,580456.5408096112,0.9798486949231686,0.9808219178082191,0
MED-INS-01,probabilistic,97,9025.0,8899.0,126.0,5,0.0,46,36800.0,103953.109819877,414464.3239395705,15120.0,0.0,570337.4337594475,0.9860387811634349,0.9863013698630136,0
MED-INS-01,probabilistic,98,9061.0,8875.0,186.0,7,0.0,46,36800.0,104077.14587643331,404339.3239395705,22320.0,0.0,567536.4698160038,0.979472464407902,0.9808219178082191,0
MED-INS-01,probabilistic,99,9151.0,9018.0,133.0,5,0.0,47,37600.0,101489.50981987704,416894.3239395705,15960.0,0.0,571943.8337594476,0.9854660692820457,0.9863013698630136,0
MED-INS-01,probabilistic,100,9177.0,9064.0,113.0,5,0.0,47,37600.0,89975.50981987713,420629.3239395705,13560.0,0.0,561764.8337594477,0.9876866078239076,0.9863013698630136,0
MED-INS-01,probabilistic,101,9290.0,9128.0,162.0,6,0.0,47,37600.0,101424.32784815517,417119.3239395705,19440.0,0.0,575583.6517877257,0.982561894510226,0.9835616438356164,0
MED-INS-01,probabilistic,102,9143.0,8982.0,161.0,6,0.0,46,36800.0,97207.52784815512,418154.3239395705,19320.0,0.0,571481.8517877257,0.9823909001421853,0.9835616438356164,0
MED-INS-01,probabilistic,103,9009.0,8822.0,187.0,7,0.0,45,36000.0,101695.14587643334,410774.3239395705,22440.0,0.0,570909.4698160039,0.9792429792429792,0.9808219178082191,0
MED-INS-01,probabilistic,104,9112.0,9014.0,98.0,5,0.0,47,37600.0,96439.90981987718,408794.3239395705,11760.0,0.0,554594.2337594477,0.9892449517120281,0.9863013698630136,0
MED-INS-01,probabilistic,105,9153.0,9014.0,139.0,5,0.0,47,37600.0,95907.10981987702,416759.3239395705,16680.0,0.0,566946.4337594475,0.9848137222768492,0.9863013698630136,0
MED-INS-01,probabilistic,106,9006.0,8728.318309768234,277.6816902317661,11,0.0,45,36000.0,98055.10644199573,408088.64787914103,33321.80282781193,0.0,575465.5571489487,0.969167034173688,0.9698630136986301,0
MED-INS-01,probabilistic,107,9110.0,8971.0,139.0,5,0.0,46,36800.0,107555.50981987704,419009.3239395705,16680.0,0.0,580044.8337594476,0.984742041712404,0.9863013698630136,0
MED-INS-01,probabilistic,108,9122.0,8905.0,217.0,8,0.0,46,36800.0,101967.16390471146,411224.3239395705,26040.0,0.0,576031.487844282,0.9762113571585179,0.9780821917808219,0
MED-INS-01,probabilistic,109,9282.0,9094.0,188.0,8,0.0,47,37600.0,97620.76390471144,416624.3239395705,22560.0,0.0,574405.0878442819,0.9797457444516268,0.9780821917808219,0
MED-INS-01,probabilistic,110,9151.0,9113.0,38.0,2,0.0,47,37600.0,99576.65573504272,417524.3239395705,4560.0,0.0,559260.9796746132,0.9958474483662988,0.9945205479452055,0
MED-INS-01,probabilistic,111,9232.0,9077.0,155.0,6,0.0,47,37600.0,95954.7278481552,419144.3239395705,18600.0,0.0,571299.0517877256,0.9832105719237435,0.9835616438356164,0
MED-INS-01,probabilistic,112,9103.0,8921.0,182.0,7,0.0,46,36800.0,97853.94587643331,416264.3239395705,21840.0,0.0,572758.2698160039,0.9800065912336592,0.9808219178082191,0
MED-INS-01,probabilistic,113,9134.0,8944.0,190.0,8,0.0,47,37600.0,95359.19996126766,414419.3239395705,22800.0,0.0,570178.5239008381,0.9791985986424349,0.9780821917808219,0
MED-INS-01,probabilistic,114,9171.0,9011.0,160.0,6,0.0,47,37600.0,98719.52784815521,415544.3239395705,19200.0,0.0,571063.8517877257,0.982553701886381,0.9835616438356164,0
MED-INS-01,probabilistic,115,9110.0,8927.0,183.0,7,0.0,46,36800.0,98804.34587643333,409109.3239395705,21960.0,0.0,566673.6698160039,0.9799121844127333,0.9808219178082191,0
MED-INS-01,probabilistic,116,9108.0,8970.0,138.0,5,0.0,47,37600.0,97780.90981987712,409131.8239395705,16560.0,0.0,561072.7337594477,0.9848484848484849,0.9863013698630136,0
MED-INS-01,probabilistic,117,9258.0,9160.0,98.0,4,0.0,47,37600.0,93392.29179159905,426434.3239395705,11760.0,0.0,569186.6157311696,0.9894145603802117,0.989041095890411,0
MED-INS-01,probabilistic,118,9050.0,8956.0,94.0,5,0.0,47,37600.0,101182.30981987691,413834.3239395705,11280.0,0.0,563896.6337594474,0.9896132596685083,0.9863013698630136,0
MED-INS-01,probabilistic,119,9100.0,8957.0,143.0,5,0.0,46,36800.0,99132.7098198771,412484.3239395705,17160.0,0.0,565577.0337594476,0.9842857142857143,0.9863013698630136,0
MED-INS-01,probabilistic,120,9211.0,8979.0,232.0,10,0.0,47,37600.0,97714.0360178239,416804.3239395705,27840.0,0.0,579958.3599573944,0.9748127239170556,0.9726027397260274,0
MED-INS-01,probabilistic,121,9153.0,9019.0,134.0,5,0.0,47,37600.0,99461.50981987713,415679.3239395705,16080.0,0.0,568820.8337594477,0.9853599912596963,0.9863013698630136,0
MED-INS-01,probabilistic,122,9100.0,8937.0,163.0,6,0.0,46,36800.0,100581.92784815529,413114.3239395705,19560.0,0.0,570056.2517877258,0.9820879120879121,0.9835616438356164,0
MED-INS-01,probabilistic,123,9080.0,8839.0,241.0,9,0.0,46,36800.0,99891.98193298953,407759.3239395705,28920.0,0.0,573371.30587256,0.9734581497797357,0.9753424657534246,0
MED-INS-01,probabilistic,124,9048.0,8925.0,123.0,5,0.0,47,37600.0,103067.50981987709,408029.3239395705,14760.0,0.0,563456.8337594476,0.9864058355437666,0.9863013698630136,0
MED-INS-01,probabilistic,125,9306.0,9149.0,157.0,6,0.0,47,37600.0,103308.32784815524,426839.3239395705,18840.0,0.0,586587.6517877257,0.9831291639802278,0.9835616438356164,0
MED-INS-01,probabilistic,126,9172.0,9087.0,85.0,3,0.0,47,37600.0,104246.67376332088,419054.3239395705,10200.0,0.0,571100.9977028915,0.9907326646314871,0.9917808219178083,0
MED-INS-01,probabilistic,127,8985.0,8938.0,47.0,2,0.0,46,36800.0,96601.85573504269,411629.3239395705,5640.0,0.0,550671.1796746132,0.9947690595436839,0.9945205479452055,0
MED-INS-01,probabilistic,128,9196.0,9082.0,114.0,5,0.0,47,37600.0,98638.30981987718,423509.3239395705,13680.0,0.0,573427.6337594477,0.987603305785124,0.9863013698630136,0
MED-INS-01,probabilistic,129,9035.0,8841.0,194.0,7,0.0,45,36000.0,99445.14587643347,401909.3239395705,23280.0,0.0,560634.4698160039,0.9785279468732706,0.9808219178082191,0
MED-INS-01,probabilistic,130,9221.0,9072.0,149.0,7,0.0,47,37600.0,100432.7458764334,414014.3239395705,17880.0,0.0,569927.0698160039,0.9838412319705021,0.9808219178082191,0
MED-INS-01,probabilistic,131,9201.0,9105.0,96.0,4,0.0,47,37600.0,97034.29179159894,423104.3239395705,11520.0,0.0,569258.6157311695,0.9895663514835344,0.989041095890411,0
MED-INS-01,probabilistic,132,9115.0,8903.0,212.0,9,0.0,46,36800.0,103317.98193298957,404834.3239395705,25440.0,0.0,570392.30587256,0.9767416346681295,0.9753424657534246,0
MED-INS-01,probabilistic,133,9097.0,8913.636619536468,183.36338046353217,8,0.0,46,36800.0,99141.59658338634,416202.9718187116,22003.605655623862,0.0,574148.1740577219,0.9798435329819136,0.9780821917808219,0
MED-INS-01,probabilistic,134,9128.0,9004.0,124.0,5,0.0,47,37600.0,98943.10981987708,416444.3239395705,14880.0,0.0,567867.4337594477,0.9864154250657318,0.9863013698630136,0
MED-INS-01,probabilistic,135,9061.0,8945.0,116.0,4,0.0,46,36800.0,104251.09179159906,406589.3239395705,13920.0,0.0,561560.4157311695,0.9871978810285841,0.989041095890411,0
MED-INS-01,probabilistic,136,9131.0,8985.0,146.0,7,0.0,46,36800.0,105089.94587643338,411224.3239395705,17520.0,0.0,570634.269816004,0.9840105136348702,0.9808219178082191,0
MED-INS-01,probabilistic,137,9057.0,8904.0,153.0,6,0.0,46,36800.0,103800.7639047114,417704.3239395705,18360.0,0.0,576665.0878442819,0.9831069890692282,0.9835616438356164,0
MED-INS-01,probabilistic,138,9060.0,8944.0,116.0,5,0.0,46,36800.0,105477.1098198771,418379.3239395705,13920.0,0.0,574576.4337594477,0.98719646799117,0.9863013698630136,0
MED-INS-01,probabilistic,139,9232.0,9169.0,63.0,3,0.0,48,38400.0,98754.27376332087,416759.3239395705,7560.0,0.0,561473.5977028913,0.9931759098786829,0.9917808219178083,0
MED-INS-01,probabilistic,140,9147.0,9010.0,137.0,6,0.0,46,36800.0,93702.32784815533,419279.3239395705,16440.0,0.0,566221.6517877259,0.9850224117196895,0.9835616438356164,0
MED-INS-01,probabilistic,141,8959.0,8845.0,114.0,5,0.0,46,36800.0,102657.10981987706,407714.3239395705,13680.0,0.0,560851.4337594477,0.9872753655541913,0.9863013698630136,0
MED-INS-01,probabilistic,142,9040.0,8862.0,178.0,7,0.0,46,36800.0,101227.14587643328,407309.3239395705,21360.0,0.0,566696.4698160038,0.9803097345132743,0.9808219178082191,0
MED-INS-01,probabilistic,143,9364.0,9178.0,186.0,7,0.0,48,38400.0,99917.34587643329,427896.8239395705,22320.0,0.0,588534.1698160039,0.9801366937206322,0.9808219178082191,0
MED-INS-01,probabilistic,144,8994.0,8748.0,246.0,9,0.0,46,36800.0,101931.98193298957,404879.3239395705,29520.0,0.0,573131.30587256,0.9726484322881921,0.9753424657534246,0
MED-INS-01,probabilistic,145,8970.0,8774.318309768234,195.68169023176608,8,0.0,45,36000.0,93201.76221577074,401698.64787914103,23481.80282781193,0.0,554382.2129227237,0.9781848728838611,0.9780821917808219,0
MED-INS-01,probabilistic,146,9055.0,8937.0,118.0,5,0.0,46,36800.0,101701.90981987715,409514.3239395705,14160.0,0.0,562176.2337594477,0.9869685256764219,0.9863013698630136,0
MED-INS-01,probabilistic,147,8938.0,8811.0,127.0,6,0.0,45,36000.0,100615.5278481552,405351.8239395705,15240.0,0.0,557207.3517877257,0.9857910046990378,0.9835616438356164,0
MED-INS-01,probabilistic,148,9219.0,9143.0,76.0,3,0.0,47,37600.0,99036.27376332092,422969.3239395705,9120.0,0.0,568725.5977028914,0.9917561557652674,0.9917808219178083,0
MED-INS-01,probabilistic,149,9290.0,9040.0,250.0,9,0.0,46,36800.0,97475.18193298965,411944.3239395705,30000.0,0.0,576219.5058725602,0.9730893433799784,0.9753424657534246,0
MED-INS-01,probabilistic,150,8937.0,8759.0,178.0,6,0.0,46,36800.0,102224.72784815531,402629.3239395705,21360.0,0.0,563014.0517877259,0.9800828018350677,0.9835616438356164,0
MED-INS-01,probabilistic,151,8983.0,8859.0,124.0,5,0.0,46,36800.0,104841.1098198771,408929.3239395705,14880.0,0.0,565450.4337594477,0.9861961482800846,0.9863013698630136,0
MED-INS-01,probabilistic,152,9023.0,8924.0,99.0,5,0.0,46,36800.0,101563.90981987717,409019.3239395705,11880.0,0.0,559263.2337594477,0.9890280394547268,0.9863013698630136,0
MED-INS-01,probabilistic,153,9121.0,8984.0,137.0,6,0.0,46,36800.0,101654.72784815515,418154.3239395705,16440.0,0.0,573049.0517877256,0.984979717136279,0.9835616438356164,0
MED-INS-01,probabilistic,154,9184.0,9032.0,152.0,5,0.0,46,36800.0,99262.30981987715,420764.3239395705,18240.0,0.0,575066.6337594476,0.9834494773519163,0.9863013698630136,0
MED-INS-01,probabilistic,155,9080.0,9015.0,65.0,3,0.0,47,37600.0,99108.27376332083,413024.3239395705,7800.0,0.0,557532.5977028913,0.9928414096916299,0.9917808219178083,0
MED-INS-01,probabilistic,156,8999.0,8928.0,71.0,3,0.0,46,36800.0,103515.87376332098,410234.3239395705,8520.0,0.0,559070.1977028914,0.9921102344704967,0.9917808219178083,0
MED-INS-01,probabilistic,157,9084.0,8917.0,167.0,7,0.0,46,36800.0,99073.14587643326,409469.3239395705,20040.0,0.0,565382.4698160038,0.9816160281814179,0.9808219178082191,0
MED-INS-01,probabilistic,158,9268.0,9237.0,31.0,2,0.0,47,37600.0,98263.85573504276,430574.3239395705,3720.0,0.0,570158.1796746133,0.9966551575312904,0.9945205479452055,0
MED-INS-01,probabilistic,159,9372.0,9215.318309768234,156.68169023176608,7,0.0,47,37600.0,95513.23601782406,431578.64787914103,18801.80282781193,0.0,583493.686724777,0.9832819365949887,0.9808219178082191,0
MED-INS-01,probabilistic,160,9197.0,9049.0,148.0,7,0.0,47,37600.0,92602.74587643326,416039.3239395705,17760.0,0.0,564002.0698160038,0.9839077960204414,0.9808219178082191,0
MED-INS-01,probabilistic,161,9268.0,9124.318309768234,143.68169023176608,6,0.0,47,37600.0,100842.81798954576,418303.64787914103,17241.80282781193,0.0,573988.2686964987,0.9844970122753813,0.9835616438356164,0
MED-INS-01,probabilistic,162,9217.0,9084.0,133.0,5,0.0,47,37600.0,99987.10981987714,418064.3239395705,15960.0,0.0,571611.4337594477,0.9855701421286752,0.9863013698630136,0
MED-INS-01,probabilistic,163,9032.0,8907.0,125.0,5,0.0,46,36800.0,101185.90981987711,406904.3239395705,15000.0,0.0,559890.2337594477,0.9861603188662533,0.9863013698630136,0
MED-INS-01,probabilistic,164,9136.0,8998.0,138.0,5,0.0,47,37600.0,101410.30981987706,416039.3239395705,16560.0,0.0,571609.6337594476,0.9848949211908932,0.9863013698630136,0
MED-INS-01,probabilistic,165,9010.0,8902.0,108.0,5,0.0,46,36800.0,91367.50981987712,410009.3239395705,12960.0,0.0,551136.8337594477,0.9880133185349611,0.9863013698630136,0
MED-INS-01,probabilistic,166,9221.0,9116.0,105.0,4,0.0,47,37600.0,95539.09179159906,418109.3239395705,12600.0,0.0,563848.4157311695,0.9886129487040451,0.989041095890411,0
MED-INS-01,probabilistic,167,9054.0,8829.0,225.0,9,0.0,46,36800.0,98507.18193298961,405194.3239395705,27000.0,0.0,567501.5058725602,0.9751491053677932,0.9753424657534246,0
MED-INS-01,probabilistic,168,9205.0,9069.0,136.0,6,0.0,47,37600.0,99899.1278481553,413969.3239395705,16320.0,0.0,567788.4517877258,0.9852254209668658,0.9835616438356164,0
MED-INS-01,probabilistic,169,8995.0,8797.0,198.0,8,0.0,45,36000.0,98853.16390471146,402359.3239395705,23760.0,0.0,560972.487844282,0.9779877709838799,0.9780821917808219,0
MED-INS-01,probabilistic,170,9119.0,8926.0,193.0,7,0.0,46,36800.0,97557.54587643329,412349.3239395705,23160.0,0.0,569866.8698160038,0.9788353986182695,0.9808219178082191,0
MED-INS-01,probabilistic,171,9207.0,9056.0,151.0,6,0.0,47,37600.0,98831.12784815519,417344.3239395705,18120.0,0.0,571895.4517877257,0.9835994352123384,0.9835616438356164,0
MED-INS-01,probabilistic,172,9021.0,8843.0,178.0,8,0.0,46,36800.0,99833.56390471147,406634.3239395705,21360.0,0.0,564627.887844282,0.9802682629420242,0.9780821917808219,0
MED-INS-01,probabilistic,173,9185.0,9038.0,147.0,7,0.0,47,37600.0,96243.54587643339,417614.3239395705,17640.0,0.0,569097.8698160038,0.9839956450734894,0.9808219178082191,0
MED-INS-01,probabilistic,174,9137.0,8985.0,152.0,6,0.0,46,36800.0,102908.72784815525,412664.3239395705,18240.0,0.0,570613.0517877258,0.9833643427820947,0.9835616438356164,0
MED-INS-01,probabilistic,175,9277.0,9091.0,186.0,8,0.0,46,36800.0,100801.19996126772,423554.3239395705,22320.0,0.0,583475.5239008382,0.9799504150048507,0.9780821917808219,0
MED-INS-01,probabilistic,176,9325.0,9070.0,255.0,9,0.0,47,37600.0,95885.18193298962,419369.3239395705,30600.0,0.0,583454.5058725602,0.9726541554959786,0.9753424657534246,0
MED-INS-01,probabilistic,177,8908.0,8765.0,143.0,6,0.0,45,36000.0,98621.12784815521,400379.3239395705,17160.0,0.0,552160.4517877258,0.9839470139200719,0.9835616438356164,0
MED-INS-01,probabilistic,178,9207.0,9006.0,201.0,7,0.0,46,36800.0,95029.14587643335,410819.3239395705,24120.0,0.0,566768.4698160039,0.9781687846203975,0.9808219178082191,0
MED-INS-01,probabilistic,179,9102.0,8971.0,131.0,5,0.0,46,36800.0,100051.90981987698,418694.3239395705,15720.0,0.0,571266.2337594475,0.9856075587782905,0.9863013698630136,0
MED-INS-01,probabilistic,180,9244.0,9089.0,155.0,6,0.0,47,37600.0,94811.12784815517,418694.3239395705,18600.0,0.0,569705.4517877257,0.9832323669407182,0.9835616438356164,0
MED-INS-01,probabilistic,181,9111.0,9023.0,88.0,4,0.0,47,37600.0,100889.89179159897,417029.3239395705,10560.0,0.0,566079.2157311696,0.9903413456261662,0.989041095890411,0
MED-INS-01,probabilistic,182,8923.0,8748.0,175.0,7,0.0,46,36800.0,101276.34587643335,405509.3239395705,21000.0,0.0,564585.6698160039,0.9803877619634652,0.9808219178082191,0
MED-INS-01,probabilistic,183,9084.0,8955.0,129.0,5,0.0,46,36800.0,95211.10981987705,417389.3239395705,15480.0,0.0,564880.4337594475,0.9857992073976222,0.9863013698630136,0
MED-INS-01,probabilistic,184,9127.0,8989.0,138.0,6,0.0,46,36800.0,102564.32784815518,408839.3239395705,16560.0,0.0,564763.6517877257,0.9848800262956064,0.9835616438356164,0
MED-INS-01,probabilistic,185,9078.0,8961.0,117.0,5,0.0,46,36800.0,101526.70981987703,409019.3239395705,14040.0,0.0,561386.0337594475,0.9871116986120291,0.9863013698630136,0
MED-INS-01,probabilistic,186,9198.0,9123.0,75.0,3,0.0,47,37600.0,102523.47376332084,427604.3239395705,9000.0,0.0,576727.7977028913,0.9918460534898891,0.9917808219178083,0
MED-INS-01,probabilistic,187,8878.0,8724.0,154.0,5,0.0,46,36800.0,101807.50981987714,403394.3239395705,18480.0,0.0,560481.8337594477,0.9826537508447849,0.9863013698630136,0
MED-INS-01,probabilistic,188,9079.0,8924.318309768234,154.68169023176608,6,0.0,46,36800.0,101601.32615921448,418123.64787914103,18561.80282781193,0.0,575086.7768661674,0.9829626952052246,0.9835616438356164,0
MED-INS-01,probabilistic,189,8900.0,8743.0,157.0,7,0.0,45,36000.0,102701.94587643337,402494.3239395705,18840.0,0.0,560036.2698160039,0.9823595505617978,0.9808219178082191,0
MED-INS-01,probabilistic,190,9140.0,8933.0,207.0,8,0.0,47,37600.0,96259.19996126763,413609.3239395705,24840.0,0.0,572308.5239008381,0.9773522975929978,0.9780821917808219,0
MED-INS-01,probabilistic,191,9244.0,9159.0,85.0,3,0.0,48,38400.0,102866.67376332094,421349.3239395705,10200.0,0.0,572815.9977028915,0.9908048463868455,0.9917808219178083,0
MED-INS-01,probabilistic,192,9286.0,9132.318309768234,153.68169023176608,7,0.0,47,37600.0,95209.30813093652,417853.64787914103,18441.80282781193,0.0,569104.7588378895,0.9834501733543219,0.9808219178082191,0
MED-INS-01,probabilistic,193,9024.0,8893.0,131.0,6,0.0,46,36800.0,96629.12784815514,407129.3239395705,15720.0,0.0,556278.4517877257,0.9854831560283688,0.9835616438356164,0
MED-INS-01,probabilistic,194,9102.0,8911.0,191.0,7,0.0,46,36800.0,99055.14587643334,415454.3239395705,22920.0,0.0,574229.4698160039,0.9790156009668205,0.9808219178082191,0
MED-INS-01,probabilistic,195,9162.0,9092.0,70.0,3,0.0,47,37600.0,95455.47376332084,423374.3239395705,8400.0,0.0,564829.7977028913,0.992359746780179,0.9917808219178083,0
MED-INS-01,probabilistic,196,8869.0,8708.0,161.0,7,0.0,45,36000.0,100781.94587643332,398804.3239395705,19320.0,0.0,554906.2698160039,0.9818468823993686,0.9808219178082191,0
MED-INS-01,probabilistic,197,9042.0,8966.318309768234,75.68169023176608,4,0.0,47,37600.0,103008.92615921455,411688.64787914103,9081.802827811931,0.0,561379.3768661675,0.9916299833851177,0.989041095890411,0
MED-INS-01,probabilistic,198,9045.0,8869.0,176.0,7,0.0,46,36800.0,96502.74587643334,410999.3239395705,21120.0,0.0,565422.0698160038,0.9805417357656163,0.9808219178082191,0
MED-INS-01,probabilistic,199,9085.0,8949.0,136.0,6,0.0,46,36800.0,92367.92784815528,416714.3239395705,16320.0,0.0,562202.2517877258,0.985030269675289,0.9835616438356164,0
SUT-GEN-02,baseline,0,14593.0,14097.0,496.0,17,0.0,26,10400.0,15454.799999999983,218400.0,29760.0,0.0,274014.8,0.9660111012129103,0.9534246575342465,0
SUT-GEN-02,baseline,1,14694.0,14184.0,510.0,17,0.0,26,10400.0,14941.499999999982,218400.0,30600.0,0.0,274341.5,0.9652919559003675,0.9534246575342465,0
SUT-GEN-02,baseline,2,14604.0,14295.0,309.0,11,0.0,26,10400.0,15536.999999999996,218400.0,18540.0,0.0,262877.0,0.9788414133114215,0.9698630136986301,0
SUT-GEN-02,baseline,3,14894.0,14459.0,435.0,14,0.0,27,10800.0,15503.850000000006,218400.0,26100.0,0.0,270803.85,0.9707936081643614,0.9616438356164384,0
SUT-GEN-02,baseline,4,14770.0,14320.0,450.0,12,0.0,26,10400.0,15863.25,218400.0,27000.0,0.0,271663.25,0.969532836831415,0.9671232876712329,0
SUT-GEN-02,baseline,5,14675.0,14367.0,308.0,12,0.0,26,10400.0,15757.799999999992,218400.0,18480.0,0.0,263037.8,0.9790119250425895,0.9671232876712329,0
SUT-GEN-02,baseline,6,14721.0,14288.0,433.0,14,0.0,26,10400.0,15677.399999999994,218400.0,25980.0,0.0,270457.4,0.9705862373480062,0.9616438356164384,0
SUT-GEN-02,baseline,7,14838.0,14394.0,444.0,17,0.0,26,10400.0,15174.449999999997,218400.0,26640.0,0.0,270614.45,0.9700768297614234,0.9534246575342465,0
SUT-GEN-02,baseline,8,14678.0,14371.0,307.0,11,0.0,26,10400.0,16096.049999999996,218400.0,18420.0,0.0,263316.05,0.9790843439160649,0.9698630136986301,0
SUT-GEN-02,baseline,9,14617.0,14165.0,452.0,14,0.0,26,10400.0,15958.050000000007,218400.0,27120.0,0.0,271878.05000000005,0.9690771020045152,0.9616438356164384,0
SUT-GEN-02,baseline,10,14923.0,14480.0,443.0,17,0.0,27,10800.0,15317.999999999989,218400.0,26580.0,0.0,271098.0,0.9703142799705153,0.9534246575342465,0
SUT-GEN-02,baseline,11,14153.0,13846.0,307.0,12,0.0,26,10400.0,16043.700000000006,210000.0,18420.0,0.0,254863.7,0.9783084858333922,0.9671232876712329,0
SUT-GEN-02,baseline,12,14607.0,14093.0,514.0,20,0.0,26,10400.0,15347.099999999999,218400.0,30840.0,0.0,274987.1,0.9648113917984528,0.9452054794520548,0
SUT-GEN-02,baseline,13,14788.0,14363.0,425.0,18,0.0,26,10400.0,15649.949999999999,218400.0,25500.0,0.0,269949.95,0.9712604814714634,0.9506849315068493,0
SUT-GEN-02,baseline,14,14352.0,13938.0,414.0,16,0.0,26,10400.0,15363.0,210000.0,24840.0,0.0,260603.0,0.9711538461538461,0.9561643835616438,0
SUT-GEN-02,baseline,15,14300.0,13959.0,341.0,12,0.0,26,10400.0,15914.399999999996,210000.0,20460.0,0.0,256774.4,0.9761538461538461,0.9671232876712329,0
SUT-GEN-02,baseline,16,14661.0,14136.0,525.0,19,0.0,26,10400.0,15516.150000000009,218400.0,31500.0,0.0,275816.15,0.9641907100470637,0.947945205479452,0
SUT-GEN-02,baseline,17,14452.0,13960.0,492.0,17,0.0,26,10400.0,15551.1,210000.0,29520.0,0.0,265471.1,0.9659562690285082,0.9534246575342465,0
SUT-GEN-02,baseline,18,14411.0,14001.0,410.0,13,0.0,26,10400.0,15808.050000000001,218400.0,24600.0,0.0,269208.05,0.9715495107903684,0.9643835616438357,0
SUT-GEN-02,baseline,19,14715.0,14432.0,283.0,11,0.0,27,10800.0,15548.700000000003,218400.0,16980.0,0.0,261728.7,0.9807679238871899,0.9698630136986301,0
SUT-GEN-02,baseline,20,14477.0,14158.0,319.0,12,0.0,26,10400.0,15978.600000000006,218400.0,19140.0,0.0,263918.6,0.9779650480071838,0.9671232876712329,0
SUT-GEN-02,baseline,21,14978.0,14572.0,406.0,14,0.0,27,10800.0,15667.949999999999,226800.0,24360.0,0.0,277627.95,0.9728935772466284,0.9616438356164384,0
SUT-GEN-02,baseline,22,14197.0,13782.0,415.0,15,0.0,25,10000.0,15407.699999999995,210000.0,24900.0,0.0,260307.7,0.9707684722124392,0.9589041095890412,0
SUT-GEN-02,baseline,23,14863.0,14424.0,439.0,13,0.0,27,10800.0,15881.100000000008,218400.0,26340.0,0.0,271421.1,0.9704635672475275,0.9643835616438357,0
SUT-GEN-02,baseline,24,14676.0,14263.0,413.0,15,0.0,26,10400.0,16215.300000000005,218400.0,24780.0,0.0,269795.3,0.9718588171163804,0.9589041095890412,0
SUT-GEN-02,baseline,25,14740.0,14433.0,307.0,13,0.0,27,10800.0,16263.299999999992,218400.0,18420.0,0.0,263883.3,0.9791723202170963,0.9643835616438357,0
SUT-GEN-02,baseline,26,14281.0,14009.0,272.0,10,0.0,26,10400.0,16250.100000000004,218400.0,16320.0,0.0,261370.1,0.9809537147258596,0.9726027397260274,0
SUT-GEN-02,baseline,27,14380.0,13992.0,388.0,17,0.0,26,10400.0,15379.949999999999,210000.0,23280.0,0.0,259059.95,0.9730180806675939,0.9534246575342465,0
SUT-GEN-02,baseline,28,14935.0,14630.0,305.0,10,0.0,27,10800.0,15785.550000000005,226800.0,18300.0,0.0,271685.55,0.979578172079009,0.9726027397260274,0
SUT-GEN-02,baseline,29,14523.0,14195.0,328.0,12,0.0,26,10400.0,15965.849999999997,218400.0,19680.0,0.0,264445.85,0.9774151346140605,0.9671232876712329,0
SUT-GEN-02,baseline,30,14565.0,14145.0,420.0,12,0.0,26,10400.0,15397.199999999997,218400.0,25200.0,0.0,269397.2,0.9711637487126673,0.9671232876712329,0
SUT-GEN-02,baseline,31,14475.0,14193.0,282.0,11,0.0,26,10400.0,15968.699999999988,218400.0,16920.0,0.0,261688.69999999998,0.9805181347150259,0.9698630136986301,0
SUT-GEN-02,baseline,32,14392.0,13981.0,411.0,15,0.0,26,10400.0,15169.650000000001,210000.0,24660.0,0.0,260229.65,0.9714424680377988,0.9589041095890412,0
SUT-GEN-02,baseline,33,14717.0,14354.0,363.0,12,0.0,26,10400.0,15228.600000000008,218400.0,21780.0,0.0,265808.6,0.9753346470068628,0.9671232876712329,0
SUT-GEN-02,baseline,34,14389.0,13877.0,512.0,16,0.0,26,10400.0,15679.500000000002,210000.0,30720.0,0.0,266799.5,0.9644172631871568,0.9561643835616438,0
SUT-GEN-02,baseline,35,14325.0,13961.0,364.0,13,0.0,26,10400.0,15543.299999999996,218400.0,21840.0,0.0,266183.3,0.9745898778359511,0.9643835616438357,0
SUT-GEN-02,baseline,36,14754.0,14389.0,365.0,14,0.0,26,10400.0,15888.149999999992,218400.0,21900.0,0.0,266588.15,0.9752609461840857,0.9616438356164384,0
SUT-GEN-02,baseline,37,14470.0,14159.0,311.0,9,0.0,26,10400.0,15382.800000000003,218400.0,18660.0,0.0,262842.8,0.9785072563925363,0.9753424657534246,0
SUT-GEN-02,baseline,38,14910.0,14431.0,479.0,16,0.0,27,10800.0,15408.00000000001,218400.0,28740.0,0.0,273348.0,0.9678739101274313,0.9561643835616438,0
SUT-GEN-02,baseline,39,14682.0,14248.0,434.0,17,0.0,26,10400.0,15557.25000000001,218400.0,26040.0,0.0,270397.25,0.970439994551151,0.9534246575342465,0
SUT-GEN-02,baseline,40,14666.0,14275.0,391.0,11,0.0,26,10400.0,16069.050000000014,218400.0,23460.0,0.0,268329.05000000005,0.9733396972589663,0.9698630136986301,0
SUT-GEN-02,baseline,41,14456.0,14000.0,456.0,16,0.0,26,10400.0,15351.749999999998,210000.0,27360.0,0.0,263111.75,0.9684560044272275,0.9561643835616438,0
SUT-GEN-02,baseline,42,14608.0,14332.0,276.0,8,0.0,26,10400.0,16360.799999999992,218400.0,16560.0,0.0,261720.8,0.981106243154436,0.9780821917808219,0
SUT-GEN-02,baseline,43,14539.0,14198.0,341.0,12,0.0,26,10400.0,15769.799999999988,218400.0,20460.0,0.0,265029.8,0.976545842217484,0.9671232876712329,0
SUT-GEN-02,baseline,44,14609.0,14405.0,204.0,7,0.0,27,10800.0,16490.100000000002,218400.0,12240.0,0.0,257930.1,0.9860360052022725,0.9808219178082191,0
SUT-GEN-02,baseline,45,14361.0,14000.0,361.0,14,0.0,26,10400.0,15392.999999999995,210000.0,21660.0,0.0,257453.0,0.9748624747580252,0.9616438356164384,0
SUT-GEN-02,baseline,46,14533.0,14080.0,453.0,14,0.0,26,10400.0,15670.5,218400.0,27180.0,0.0,271650.5,0.9688295603110163,0.9616438356164384,0
SUT-GEN-02,baseline,47,14546.0,14083.0,463.0,16,0.0,26,10400.0,15371.399999999994,218400.0,27780.0,0.0,271951.4,0.968169943627114,0.9561643835616438,0
SUT-GEN-02,baseline,48,14251.0,13875.0,376.0,14,0.0,26,10400.0,16070.999999999993,210000.0,22560.0,0.0,259031.0,0.9736158866044489,0.9616438356164384,0
SUT-GEN-02,baseline,49,14649.0,14085.0,564.0,22,0.0,26,10400.0,15258.300000000005,218400.0,33840.0,0.0,277898.3,0.9614990784353881,0.9397260273972603,0
SUT-GEN-02,baseline,50,14585.0,14095.0,490.0,19,0.0,26,10400.0,15294.15,218400.0,29400.0,0.0,273494.15,0.966403839561193,0.947945205479452,0
SUT-GEN-02,baseline,51,14460.0,14111.0,349.0,15,0.0,26,10400.0,15677.54999999999,218400.0,20940.0,0.0,265417.55,0.9758644536652835,0.9589041095890412,0
SUT-GEN-02,baseline,52,14099.0,13744.0,355.0,15,0.0,25,10000.0,15620.699999999997,210000.0,21300.0,0.0,256920.7,0.9748209092843464,0.9589041095890412,0
SUT-GEN-02,baseline,53,14709.0,14347.0,362.0,12,0.0,26,10400.0,15994.950000000006,218400.0,21720.0,0.0,266514.95,0.975389217485893,0.9671232876712329,0
SUT-GEN-02,baseline,54,14241.0,13682.0,559.0,18,0.0,25,10000.0,14999.699999999999,210000.0,33540.0,0.0,268539.7,0.9607471385436416,0.9506849315068493,0
SUT-GEN-02,baseline,55,14716.0,14258.0,458.0,13,0.0,26,10400.0,15932.400000000009,218400.0,27480.0,0.0,272212.4,0.9688774123403099,0.9643835616438357,0
SUT-GEN-02,baseline,56,14699.0,14168.0,531.0,19,0.0,26,10400.0,15398.250000000002,218400.0,31860.0,0.0,276058.25,0.9638750935437785,0.947945205479452,0
SUT-GEN-02,baseline,57,14384.0,13944.0,440.0,18,0.0,26,10400.0,15208.799999999997,218400.0,26400.0,0.0,270408.8,0.9694104560622915,0.9506849315068493,0
SUT-GEN-02,baseline,58,14465.0,14253.0,212.0,9,0.0,26,10400.0,16206.149999999992,218400.0,12720.0,0.0,257726.15,0.9853439336329071,0.9753424657534246,0
SUT-GEN-02,baseline,59,14702.0,14168.0,534.0,18,0.0,26,10400.0,15834.000000000013,218400.0,32040.0,0.0,276674.0,0.9636784111005305,0.9506849315068493,0
SUT-GEN-02,baseline,60,14772.0,14171.0,601.0,19,0.0,26,10400.0,14817.450000000008,218400.0,36060.0,0.0,279677.45,0.9593149201191443,0.947945205479452,0
SUT-GEN-02,baseline,61,14564.0,14169.0,395.0,14,0.0,26,10400.0,15965.699999999997,218400.0,23700.0,0.0,268465.7,0.9728783301290854,0.9616438356164384,0
SUT-GEN-02,baseline,62,14531.0,14151.0,380.0,13,0.0,26,10400.0,15486.75000000001,218400.0,22800.0,0.0,267086.75,0.9738490124561283,0.9643835616438357,0
SUT-GEN-02,baseline,63,14621.0,14000.0,621.0,21,0.0,26,10400.0,15482.999999999996,210000.0,37260.0,0.0,273143.0,0.9575268449490459,0.9424657534246575,0
SUT-GEN-02,baseline,64,14703.0,14089.0,614.0,16,0.0,26,10400.0,15657.449999999995,218400.0,36840.0,0.0,281297.45,0.9582398150037408,0.9561643835616438,0
SUT-GEN-02,baseline,65,14912.0,14271.0,641.0,21,0.0,26,10400.0,15617.100000000013,218400.0,38460.0,0.0,282877.1,0.9570144849785408,0.9424657534246575,0
SUT-GEN-02,baseline,66,14533.0,14099.0,434.0,17,0.0,26,10400.0,15256.200000000004,218400.0,26040.0,0.0,270096.2,0.9701369297460951,0.9534246575342465,0
SUT-GEN-02,baseline,67,14349.0,13982.0,367.0,13,0.0,26,10400.0,15968.999999999996,210000.0,22020.0,0.0,258389.0,0.9744233047599136,0.9643835616438357,0
SUT-GEN-02,baseline,68,14256.0,13866.0,390.0,15,0.0,26,10400.0,15868.349999999999,210000.0,23400.0,0.0,259668.35,0.9726430976430976,0.9589041095890412,0
SUT-GEN-02,baseline,69,14678.0,14109.0,569.0,19,0.0,26,10400.0,15765.600000000006,218400.0,34140.0,0.0,278705.6,0.9612345006131625,0.947945205479452,0
SUT-GEN-02,baseline,70,14671.0,14455.0,216.0,7,0.0,27,10800.0,16341.900000000003,218400.0,12960.0,0.0,258501.9,0.9852770772271828,0.9808219178082191,0
SUT-GEN-02,baseline,71,14515.0,14255.0,260.0,10,0.0,26,10400.0,16005.000000000007,218400.0,15600.0,0.0,260405.0,0.9820874956941096,0.9726027397260274,0
SUT-GEN-02,baseline,72,14981.0,14483.0,498.0,16,0.0,27,10800.0,15246.899999999987,218400.0,29880.0,0.0,274326.9,0.9667578933315533,0.9561643835616438,0
SUT-GEN-02,baseline,73,14967.0,14424.0,543.0,19,0.0,27,10800.0,15234.600000000008,218400.0,32580.0,0.0,277014.6,0.9637201844056925,0.947945205479452,0
SUT-GEN-02,baseline,74,14656.0,14251.0,405.0,14,0.0,26,10400.0,15831.749999999989,218400.0,24300.0,0.0,268931.75,0.9723662663755459,0.9616438356164384,0
SUT-GEN-02,baseline,75,14308.0,14082.0,226.0,9,0.0,26,10400.0,16120.95000000001,218400.0,13560.0,0.0,258480.95,0.9842046407604138,0.9753424657534246,0
SUT-GEN-02,baseline,76,14462.0,13705.0,757.0,24,0.0,25,10000.0,14745.599999999995,210000.0,45420.0,0.0,280165.6,0.9476559258747062,0.9342465753424658,0
SUT-GEN-02,baseline,77,14882.0,14483.0,399.0,16,0.0,27,10800.0,15051.749999999984,218400.0,23940.0,0.0,268191.75,0.9731890874882408,0.9561643835616438,0
SUT-GEN-02,baseline,78,14558.0,13970.0,588.0,20,0.0,26,10400.0,15066.750000000007,210000.0,35280.0,0.0,270746.75,0.959609836516005,0.9452054794520548,0
SUT-GEN-02,baseline,79,14684.0,14468.0,216.0,12,0.0,27,10800.0,15824.249999999993,218400.0,12960.0,0.0,257984.25,0.9852901116861891,0.9671232876712329,0
SUT-GEN-02,baseline,80,14303.0,13736.0,567.0,20,0.0,25,10000.0,15508.500000000002,210000.0,34020.0,0.0,269528.5,0.9603579668600993,0.9452054794520548,0
SUT-GEN-02,baseline,81,14228.0,13714.0,514.0,16,0.0,25,10000.0,15787.049999999994,210000.0,30840.0,0.0,266627.05,0.9638740511667135,0.9561643835616438,0
SUT-GEN-02,baseline,82,14481.0,14104.0,377.0,16,0.0,26,10400.0,15269.999999999996,218400.0,22620.0,0.0,266690.0,0.9739658863338168,0.9561643835616438,0
SUT-GEN-02,baseline,83,14703.0,14348.0,355.0,14,0.0,26,10400.0,15631.650000000009,218400.0,21300.0,0.0,265731.65,0.975855267632456,0.9616438356164384,0
SUT-GEN-02,baseline,84,14462.0,13999.0,463.0,15,0.0,26,10400.0,15165.899999999998,210000.0,27780.0,0.0,263345.9,0.9679850643064583,0.9589041095890412,0
SUT-GEN-02,baseline,85,14790.0,14253.0,537.0,18,0.0,26,10400.0,15057.450000000004,218400.0,32220.0,0.0,276077.45,0.9636916835699797,0.9506849315068493,0
SUT-GEN-02,baseline,86,14602.0,14292.0,310.0,13,0.0,26,10400.0,15636.150000000007,218400.0,18600.0,0.0,263036.15,0.9787700315025339,0.9643835616438357,0
SUT-GEN-02,baseline,87,14638.0,14286.0,352.0,13,0.0,26,10400.0,15717.75,218400.0,21120.0,0.0,265637.75,0.9759529990435852,0.9643835616438357,0
SUT-GEN-02,baseline,88,14603.0,14309.0,294.0,12,0.0,26,10400.0,15443.399999999989,218400.0,17640.0,0.0,261883.4,0.9798671505854961,0.9671232876712329,0
SUT-GEN-02,baseline,89,14203.0,13862.0,341.0,9,0.0,26,10400.0,15905.09999999999,210000.0,20460.0,0.0,256765.09999999998,0.9759909878194748,0.9753424657534246,0
SUT-GEN-02,baseline,90,14522.0,14102.0,420.0,12,0.0,26,10400.0,16466.700000000004,218400.0,25200.0,0.0,270466.7,0.9710783638617271,0.9671232876712329,0
SUT-GEN-02,baseline,91,14607.0,14214.0,393.0,13,0.0,26,10400.0,15247.350000000002,218400.0,23580.0,0.0,267627.35,0.9730950913945369,0.9643835616438357,0
SUT-GEN-02,baseline,92,14342.0,14056.0,286.0,9,0.0,26,10400.0,16235.700000000004,218400.0,17160.0,0.0,262195.7,0.9800585692372054,0.9753424657534246,0
SUT-GEN-02,baseline,93,14884.0,14467.0,417.0,16,0.0,27,10800.0,15547.949999999997,218400.0,25020.0,0.0,269767.95,0.971983337812416,0.9561643835616438,0
SUT-GEN-02,baseline,94,14663.0,14349.0,314.0,10,0.0,26,10400.0,16048.5,218400.0,18840.0,0.0,263688.5,0.978585555479779,0.9726027397260274,0
SUT-GEN-02,baseline,95,14416.0,14087.0,329.0,15,0.0,26,10400.0,15693.300000000005,218400.0,19740.0,0.0,264233.3,0.9771781354051055,0.9589041095890412,0
SUT-GEN-02,baseline,96,14743.0,14218.0,525.0,16,0.0,26,10400.0,14845.349999999986,218400.0,31500.0,0.0,275145.35,0.9643898799430238,0.9561643835616438,0
SUT-GEN-02,baseline,97,14483.0,14122.0,361.0,11,0.0,26,10400.0,15691.500000000013,218400.0,21660.0,0.0,266151.5,0.9750742249533937,0.9698630136986301,0
SUT-GEN-02,baseline,98,14561.0,14222.0,339.0,11,0.0,26,10400.0,16025.699999999995,218400.0,20340.0,0.0,265165.7,0.9767186319620905,0.9698630136986301,0
SUT-GEN-02,baseline,99,14623.0,14243.0,380.0,13,0.0,26,10400.0,15880.800000000008,218400.0,22800.0,0.0,267480.80000000005,0.9740135403132052,0.9643835616438357,0
SUT-GEN-02,baseline,100,14795.0,14326.0,469.0,17,0.0,26,10400.0,15555.900000000009,218400.0,28140.0,0.0,272495.9,0.9683001013856033,0.9534246575342465,0
SUT-GEN-02,baseline,101,14856.0,14476.0,380.0,14,0.0,27,10800.0,15428.399999999996,218400.0,22800.0,0.0,267428.4,0.9744211093161013,0.9616438356164384,0
SUT-GEN-02,baseline,102,14611.0,14203.0,408.0,16,0.0,26,10400.0,15883.65000000002,218400.0,24480.0,0.0,269163.65,0.9720758332762987,0.9561643835616438,0
SUT-GEN-02,baseline,103,14463.0,13822.0,641.0,22,0.0,25,10000.0,15326.25,210000.0,38460.0,0.0,273786.25,0.9556800110627117,0.9397260273972603,0
SUT-GEN-02,baseline,104,14465.0,14000.0,465.0,17,0.0,26,10400.0,14738.100000000004,210000.0,27900.0,0.0,263038.1,0.9678534393363291,0.9534246575342465,0
SUT-GEN-02,baseline,105,14756.0,14223.0,533.0,16,0.0,26,10400.0,15764.099999999999,218400.0,31980.0,0.0,276544.1,0.9638791000271076,0.9561643835616438,0
SUT-GEN-02,baseline,106,14450.0,13979.0,471.0,17,0.0,26,10400.0,15199.499999999987,210000.0,28260.0,0.0,263859.5,0.9674048442906574,0.9534246575342465,0
SUT-GEN-02,baseline,107,14365.0,13826.0,539.0,21,0.0,25,10000.0,15399.600000000002,210000.0,32340.0,0.0,267739.6,0.9624782457361643,0.9424657534246575,0
SUT-GEN-02,baseline,108,14667.0,14320.0,347.0,11,0.0,26,10400.0,16090.199999999995,218400.0,20820.0,0.0,265710.2,0.9763414467853003,0.9698630136986301,0
SUT-GEN-02,baseline,109,14912.0,14252.0,660.0,22,0.0,26,10400.0,14656.499999999987,218400.0,39600.0,0.0,283056.5,0.9557403433476395,0.9397260273972603,0
SUT-GEN-02,baseline,110,14709.0,14561.0,148.0,8,0.0,27,10800.0,15907.500000000004,226800.0,8880.0,0.0,262387.5,0.9899381331157795,0.9780821917808219,0
SUT-GEN-02,baseline,111,14586.0,13964.0,622.0,21,0.0,26,10400.0,14559.450000000006,210000.0,37320.0,0.0,272279.45,0.957356369121075,0.9424657534246575,0
SUT-GEN-02,baseline,112,14535.0,14212.0,323.0,13,0.0,26,10400.0,15783.449999999997,218400.0,19380.0,0.0,263963.45,0.9777777777777777,0.9643835616438357,0
SUT-GEN-02,baseline,113,14580.0,14227.0,353.0,12,0.0,26,10400.0,15943.350000000006,218400.0,21180.0,0.0,265923.35,0.9757887517146776,0.9671232876712329,0
SUT-GEN-02,baseline,114,14594.0,14102.0,492.0,18,0.0,26,10400.0,15238.950000000004,218400.0,29520.0,0.0,273558.95,0.9662875154172947,0.9506849315068493,0
SUT-GEN-02,baseline,115,14576.0,14102.0,474.0,17,0.0,26,10400.0,15267.449999999992,218400.0,28440.0,0.0,272507.44999999995,0.9674807903402854,0.9534246575342465,0
SUT-GEN-02,baseline,116,14600.0,14036.0,564.0,18,0.0,26,10400.0,15136.349999999991,218400.0,33840.0,0.0,277776.35,0.9613698630136986,0.9506849315068493,0
SUT-GEN-02,baseline,117,14746.0,14234.0,512.0,19,0.0,26,10400.0,15420.000000000015,218400.0,30720.0,0.0,274940.0,0.9652787196527872,0.947945205479452,0
SUT-GEN-02,baseline,118,14577.0,14191.0,386.0,15,0.0,26,10400.0,15626.400000000012,218400.0,23160.0,0.0,267586.4,0.97351992865473,0.9589041095890412,0
SUT-GEN-02,baseline,119,14563.0,14172.0,391.0,14,0.0,26,10400.0,15505.500000000007,218400.0,23460.0,0.0,267765.5,0.9731511364416673,0.9616438356164384,0
SUT-GEN-02,baseline,120,14708.0,14283.0,425.0,16,0.0,26,10400.0,15492.449999999997,218400.0,25500.0,0.0,269792.45,0.9711041610008159,0.9561643835616438,0
SUT-GEN-02,baseline,121,14671.0,14199.0,472.0,15,0.0,26,10400.0,15848.85,218400.0,28320.0,0.0,272968.85,0.9678276872742144,0.9589041095890412,0
SUT-GEN-02,baseline,122,14406.0,13927.0,479.0,16,0.0,26,10400.0,15051.749999999995,210000.0,28740.0,0.0,264191.75,0.9667499652922393,0.9561643835616438,0
SUT-GEN-02,baseline,123,14915.0,14318.0,597.0,21,0.0,26,10400.0,15434.25000000001,218400.0,35820.0,0.0,280054.25,0.9599731813610459,0.9424657534246575,0
SUT-GEN-02,baseline,124,14336.0,13944.0,392.0,13,0.0,26,10400.0,16547.850000000006,218400.0,23520.0,0.0,268867.85,0.97265625,0.9643835616438357,0
SUT-GEN-02,baseline,125,14700.0,14411.0,289.0,11,0.0,27,10800.0,15838.500000000005,218400.0,17340.0,0.0,262378.5,0.9803401360544217,0.9698630136986301,0
SUT-GEN-02,baseline,126,14703.0,14423.0,280.0,11,0.0,27,10800.0,15802.050000000008,218400.0,16800.0,0.0,261802.05000000002,0.980956267428416,0.9698630136986301,0
SUT-GEN-02,baseline,127,14559.0,14379.0,180.0,9,0.0,26,10400.0,15910.349999999995,218400.0,10800.0,0.0,255510.35,0.9876365134968061,0.9753424657534246,0
SUT-GEN-02,baseline,128,14656.0,14205.0,451.0,15,0.0,26,10400.0,15729.299999999997,218400.0,27060.0,0.0,271589.3,0.9692276200873362,0.9589041095890412,0
SUT-GEN-02,baseline,129,14253.0,13813.0,440.0,16,0.0,25,10000.0,15546.749999999998,210000.0,26400.0,0.0,261946.75,0.9691293061109941,0.9561643835616438,0
SUT-GEN-02,baseline,130,14745.0,14326.0,419.0,18,0.0,26,10400.0,14862.600000000002,218400.0,25140.0,0.0,268802.6,0.9715835876568328,0.9506849315068493,0
SUT-GEN-02,baseline,131,14782.0,14242.0,540.0,17,0.0,26,10400.0,15842.700000000006,218400.0,32400.0,0.0,277042.7,0.9634690840211068,0.9534246575342465,0
SUT-GEN-02,baseline,132,14436.0,13691.0,745.0,23,0.0,25,10000.0,15008.250000000005,210000.0,44700.0,0.0,279708.25,0.9483929066223331,0.936986301369863,0
SUT-GEN-02,baseline,133,14831.0,14473.0,358.0,12,0.0,27,10800.0,16071.750000000004,218400.0,21480.0,0.0,266751.75,0.975861371451689,0.9671232876712329,0
SUT-GEN-02,baseline,134,14610.0,14185.0,425.0,13,0.0,26,10400.0,15430.35,218400.0,25500.0,0.0,269730.35,0.9709103353867214,0.9643835616438357,0
SUT-GEN-02,baseline,135,14376.0,14004.0,372.0,14,0.0,26,10400.0,15570.6,218400.0,22320.0,0.0,266690.6,0.9741235392320534,0.9616438356164384,0
SUT-GEN-02,baseline,136,14407.0,13812.0,595.0,21,0.0,25,10000.0,15185.250000000005,210000.0,35700.0,0.0,270885.25,0.9587006316373985,0.9424657534246575,0
SUT-GEN-02,baseline,137,14311.0,13706.0,605.0,20,0.0,25,10000.0,15241.350000000006,210000.0,36300.0,0.0,271541.35,0.9577248270561107,0.9452054794520548,0
SUT-GEN-02,baseline,138,14361.0,13953.0,408.0,15,0.0,26,10400.0,15499.05,210000.0,24480.0,0.0,260379.05,0.9715897221641947,0.9589041095890412,0
SUT-GEN-02,baseline,139,14771.0,14509.0,262.0,13,0.0,27,10800.0,15745.349999999995,218400.0,15720.0,0.0,260665.35,0.9822625414663868,0.9643835616438357,0
SUT-GEN-02,baseline,140,14672.0,14250.0,422.0,15,0.0,26,10400.0,15464.100000000002,218400.0,25320.0,0.0,269584.1,0.9712377317339149,0.9589041095890412,0
SUT-GEN-02,baseline,141,14440.0,13864.0,576.0,19,0.0,26,10400.0,15309.600000000008,210000.0,34560.0,0.0,270269.6,0.9601108033240997,0.947945205479452,0
SUT-GEN-02,baseline,142,14370.0,13996.0,374.0,16,0.0,26,10400.0,15414.15000000001,210000.0,22440.0,0.0,258254.15000000002,0.973973556019485,0.9561643835616438,0
SUT-GEN-02,baseline,143,14797.0,14049.0,748.0,26,0.0,26,10400.0,14179.19999999999,218400.0,44880.0,0.0,287859.19999999995,0.9494492126782456,0.9287671232876712,0
SUT-GEN-02,baseline,144,14328.0,13827.0,501.0,14,0.0,25,10000.0,15947.4,210000.0,30060.0,0.0,266007.4,0.9650335008375209,0.9616438356164384,0
SUT-GEN-02,baseline,145,14556.0,14017.0,539.0,20,0.0,26,10400.0,15358.05000000001,218400.0,32340.0,0.0,276498.05000000005,0.9629705963176697,0.9452054794520548,0
SUT-GEN-02,baseline,146,14588.0,14265.0,323.0,12,0.0,26,10400.0,16067.399999999994,218400.0,19380.0,0.0,264247.4,0.9778585138469975,0.9671232876712329,0
SUT-GEN-02,baseline,147,14336.0,13885.0,451.0,18,0.0,26,10400.0,14997.299999999997,210000.0,27060.0,0.0,262457.3,0.9685407366071429,0.9506849315068493,0
SUT-GEN-02,baseline,148,14660.0,14344.0,316.0,10,0.0,26,10400.0,15659.100000000008,218400.0,18960.0,0.0,263419.1,0.9784447476125512,0.9726027397260274,0
SUT-GEN-02,baseline,149,14867.0,14461.0,406.0,16,0.0,27,10800.0,15179.700000000003,218400.0,24360.0,0.0,268739.7,0.9726911952646802,0.9561643835616438,0
SUT-GEN-02,baseline,150,14280.0,13988.0,292.0,9,0.0,26,10400.0,15945.44999999999,218400.0,17520.0,0.0,262265.44999999995,0.9795518207282913,0.9753424657534246,0
SUT-GEN-02,baseline,151,14412.0,14103.0,309.0,14,0.0,26,10400.0,15679.050000000012,218400.0,18540.0,0.0,263019.05000000005,0.9785595337218984,0.9616438356164384,0
SUT-GEN-02,baseline,152,14492.0,14075.0,417.0,15,0.0,26,10400.0,15682.950000000003,218400.0,25020.0,0.0,269502.95,0.9712255037261938,0.9589041095890412,0
SUT-GEN-02,baseline,153,14518.0,14192.0,326.0,11,0.0,26,10400.0,15417.899999999996,218400.0,19560.0,0.0,263777.9,0.9775451164072186,0.9698630136986301,0
SUT-GEN-02,baseline,154,14485.0,13846.0,639.0,21,0.0,26,10400.0,14968.199999999997,210000.0,38340.0,0.0,273708.2,0.9558853986882982,0.9424657534246575,0
SUT-GEN-02,baseline,155,14562.0,14369.0,193.0,10,0.0,26,10400.0,15320.849999999991,218400.0,11580.0,0.0,255700.84999999998,0.9867463260541135,0.9726027397260274,0
SUT-GEN-02,baseline,156,14356.0,14000.0,356.0,12,0.0,26,10400.0,15725.100000000004,210000.0,21360.0,0.0,257485.1,0.9752020061298412,0.9671232876712329,0
SUT-GEN-02,baseline,157,14564.0,14158.0,406.0,15,0.0,26,10400.0,15034.800000000005,218400.0,24360.0,0.0,268194.8,0.972123043120022,0.9589041095890412,0
SUT-GEN-02,baseline,158,14687.0,14455.0,232.0,10,0.0,27,10800.0,15367.8,218400.0,13920.0,0.0,258487.8,0.9842037175733642,0.9726027397260274,0
SUT-GEN-02,baseline,159,14890.0,14404.0,486.0,16,0.0,27,10800.0,15460.199999999993,218400.0,29160.0,0.0,273820.19999999995,0.9673606447280054,0.9561643835616438,0
SUT-GEN-02,baseline,160,14800.0,14353.0,447.0,16,0.0,26,10400.0,14961.150000000007,218400.0,26820.0,0.0,270581.15,0.9697972972972972,0.9561643835616438,0
SUT-GEN-02,baseline,161,14787.0,14350.0,437.0,15,0.0,26,10400.0,15134.999999999993,218400.0,26220.0,0.0,270155.0,0.9704470142692906,0.9589041095890412,0
SUT-GEN-02,baseline,162,14684.0,14049.0,635.0,20,0.0,26,10400.0,15163.949999999988,218400.0,38100.0,0.0,282063.94999999995,0.9567556524107873,0.9452054794520548,0
SUT-GEN-02,baseline,163,14423.0,14257.0,166.0,8,0.0,26,10400.0,15728.250000000005,218400.0,9960.0,0.0,254488.25,0.9884906052832282,0.9780821917808219,0
SUT-GEN-02,baseline,164,14614.0,14338.0,276.0,8,0.0,26,10400.0,16151.700000000019,218400.0,16560.0,0.0,261511.7,0.9811140002737101,0.9780821917808219,0
SUT-GEN-02,baseline,165,14531.0,14188.0,343.0,15,0.0,26,10400.0,15701.099999999999,218400.0,20580.0,0.0,265081.1,0.9763952928222421,0.9589041095890412,0
SUT-GEN-02,baseline,166,14675.0,14286.0,389.0,16,0.0,26,10400.0,15223.349999999997,218400.0,23340.0,0.0,267363.35,0.9734923339011925,0.9561643835616438,0
SUT-GEN-02,baseline,167,14631.0,14117.0,514.0,14,0.0,26,10400.0,15735.749999999996,218400.0,30840.0,0.0,275375.75,0.9648691135260747,0.9616438356164384,0
SUT-GEN-02,baseline,168,14630.0,14361.0,269.0,10,0.0,26,10400.0,16129.499999999998,218400.0,16140.0,0.0,261069.5,0.9816131237183868,0.9726027397260274,0
SUT-GEN-02,baseline,169,14218.0,13769.0,449.0,16,0.0,25,10000.0,15661.350000000002,210000.0,26940.0,0.0,262601.35,0.9684203122802082,0.9561643835616438,0
SUT-GEN-02,baseline,170,14558.0,14060.0,498.0,16,0.0,26,10400.0,15410.399999999992,218400.0,29880.0,0.0,274090.4,0.9657920043962083,0.9561643835616438,0
SUT-GEN-02,baseline,171,14605.0,14248.0,357.0,11,0.0,26,10400.0,15793.200000000006,218400.0,21420.0,0.0,266013.2,0.9755563163300239,0.9698630136986301,0
SUT-GEN-02,baseline,172,14491.0,14132.0,359.0,16,0.0,26,10400.0,15498.900000000001,218400.0,21540.0,0.0,265838.9,0.9752260023462839,0.9561643835616438,0
SUT-GEN-02,baseline,173,14983.0,14560.0,423.0,16,0.0,27,10800.0,15243.899999999996,218400.0,25380.0,0.0,269823.9,0.9717680037375692,0.9561643835616438,0
SUT-GEN-02,baseline,174,14571.0,14000.0,571.0,20,0.0,26,10400.0,15294.300000000001,210000.0,34260.0,0.0,269954.3,0.9608125729188114,0.9452054794520548,0
SUT-GEN-02,baseline,175,14610.0,14068.0,542.0,21,0.0,26,10400.0,15116.550000000001,218400.0,32520.0,0.0,276436.55,0.9629021218343601,0.9424657534246575,0
SUT-GEN-02,baseline,176,14919.0,14555.0,364.0,13,0.0,27,10800.0,15187.950000000003,218400.0,21840.0,0.0,266227.95,0.9756015818754609,0.9643835616438357,0
SUT-GEN-02,baseline,177,14201.0,13836.0,365.0,13,0.0,25,10000.0,15541.949999999995,210000.0,21900.0,0.0,257441.95,0.9742975846771355,0.9643835616438357,0
SUT-GEN-02,baseline,178,14768.0,14266.0,502.0,16,0.0,26,10400.0,15866.699999999979,218400.0,30120.0,0.0,274786.69999999995,0.9660075839653305,0.9561643835616438,0
SUT-GEN-02,baseline,179,14449.0,14041.0,408.0,15,0.0,26,10400.0,15515.399999999998,218400.0,24480.0,0.0,268795.4,0.9717627517475258,0.9589041095890412,0
SUT-GEN-02,baseline,180,14707.0,14210.0,497.0,21,0.0,26,10400.0,15057.749999999996,218400.0,29820.0,0.0,273677.75,0.9662065683008091,0.9424657534246575,0
SUT-GEN-02,baseline,181,14861.0,14560.0,301.0,10,0.0,27,10800.0,15663.75000000001,218400.0,18060.0,0.0,262923.75,0.9797456429580782,0.9726027397260274,0
SUT-GEN-02,baseline,182,14182.0,13808.0,374.0,13,0.0,25,10000.0,16046.999999999982,210000.0,22440.0,0.0,258486.99999999997,0.9736285432238049,0.9643835616438357,0
SUT-GEN-02,baseline,183,14648.0,14300.0,348.0,12,0.0,26,10400.0,15530.700000000006,218400.0,20880.0,0.0,265210.7,0.9762424904423812,0.9671232876712329,0
SUT-GEN-02,baseline,184,14523.0,14151.0,372.0,16,0.0,26,10400.0,15164.24999999999,218400.0,22320.0,0.0,266284.25,0.974385457550093,0.9561643835616438,0
SUT-GEN-02,baseline,185,14695.0,14221.0,474.0,18,0.0,26,10400.0,15818.999999999998,218400.0,28440.0,0.0,273059.0,0.967744130656686,0.9506849315068493,0
SUT-GEN-02,baseline,186,14653.0,14221.0,432.0,14,0.0,26,10400.0,15643.500000000011,218400.0,25920.0,0.0,270363.5,0.9705179826656657,0.9616438356164384,0
SUT-GEN-02,baseline,187,14094.0,13820.0,274.0,11,0.0,25,10000.0,15912.75000000001,210000.0,16440.0,0.0,252352.75,0.9805591031644671,0.9698630136986301,0
SUT-GEN-02,baseline,188,14527.0,14235.0,292.0,12,0.0,26,10400.0,16105.199999999993,218400.0,17520.0,0.0,262425.19999999995,0.9798994974874372,0.9671232876712329,0
SUT-GEN-02,baseline,189,14199.0,13861.0,338.0,11,0.0,26,10400.0,16139.249999999998,210000.0,20280.0,0.0,256819.25,0.9761955067258258,0.9698630136986301,0
SUT-GEN-02,baseline,190,14822.0,14376.0,446.0,16,0.0,26,10400.0,15264.749999999998,218400.0,26760.0,0.0,270824.75,0.9699095938469842,0.9561643835616438,0
SUT-GEN-02,baseline,191,14781.0,14266.0,515.0,16,0.0,26,10400.0,15123.900000000005,218400.0,30900.0,0.0,274823.9,0.9651579730735403,0.9561643835616438,0
SUT-GEN-02,baseline,192,14960.0,14333.0,627.0,23,0.0,26,10400.0,15108.0,218400.0,37620.0,0.0,281528.0,0.9580882352941177,0.936986301369863,0
SUT-GEN-02,baseline,193,14669.0,14186.0,483.0,14,0.0,26,10400.0,16101.149999999994,218400.0,28980.0,0.0,273881.15,0.9670734201377054,0.9616438356164384,0
SUT-GEN-02,baseline,194,14461.0,13915.0,546.0,20,0.0,26,10400.0,14865.749999999996,210000.0,32760.0,0.0,268025.75,0.9622432750155591,0.9452054794520548,0
SUT-GEN-02,baseline,195,14824.0,14467.0,357.0,13,0.0,27,10800.0,15536.550000000012,218400.0,21420.0,0.0,266156.55000000005,0.9759174311926605,0.9643835616438357,0
SUT-GEN-02,baseline,196,14280.0,13994.0,286.0,10,0.0,26,10400.0,16156.94999999999,218400.0,17160.0,0.0,262116.94999999998,0.9799719887955182,0.9726027397260274,0
SUT-GEN-02,baseline,197,14546.0,14156.0,390.0,17,0.0,26,10400.0,15426.900000000012,218400.0,23400.0,0.0,267626.9,0.9731885054310463,0.9534246575342465,0
SUT-GEN-02,baseline,198,14501.0,14053.0,448.0,16,0.0,26,10400.0,15797.700000000003,218400.0,26880.0,0.0,271477.7,0.9691055789255913,0.9561643835616438,0
SUT-GEN-02,baseline,199,14692.0,14375.0,317.0,13,0.0,26,10400.0,15519.149999999985,218400.0,19020.0,0.0,263339.15,0.9784236319085217,0.9643835616438357,0
SUT-GEN-02,probabilistic,0,14470.0,14254.883510554862,215.1164894451366,8,0.0,30,12000.0,17665.268801793987,220453.25265832295,12906.989366708196,0.0,263025.5108268251,0.9851336220148488,0.9780821917808219,0
SUT-GEN-02,probabilistic,1,14702.0,14488.0,214.0,5,0.0,31,12400.0,17216.40318998755,220714.4175527743,12840.0,0.0,263170.82074276183,0.985444157257516,0.9863013698630136,0
SUT-GEN-02,probabilistic,2,14741.0,14602.294503518287,138.7054964817122,4,0.0,31,12400.0,18306.2497857656,226793.8351055486,8322.329788902733,0.0,265822.4146802169,0.9905904961344745,0.989041095890411,0
SUT-GEN-02,probabilistic,3,15002.0,14849.294503518287,152.7054964817122,5,0.0,32,12800.0,17302.66143471011,225803.8351055486,9162.329788902733,0.0,265068.8263291615,0.9898209907691166,0.9863013698630136,0
SUT-GEN-02,probabilistic,4,14596.0,14410.0,186.0,4,0.0,30,12000.0,17591.987365515277,219769.4175527743,11160.0,0.0,260521.40491828957,0.9872567826801864,0.989041095890411,0
SUT-GEN-02,probabilistic,5,14626.0,14443.294503518287,182.7054964817122,6,0.0,31,12400.0,16862.081434710115,220118.8351055486,10962.329788902733,0.0,260343.24632916148,0.9875081706220626,0.9835616438356164,0
SUT-GEN-02,probabilistic,6,14722.0,14543.294503518287,178.7054964817122,5,0.0,31,12400.0,17940.01143471013,219233.8351055486,10722.329788902733,0.0,260296.17632916148,0.9878613302213209,0.9863013698630136,0
SUT-GEN-02,probabilistic,7,14783.0,14639.0,144.0,4,0.0,31,12400.0,17122.937365515303,228034.4175527743,8640.0,0.0,266197.3549182896,0.9902590813772577,0.989041095890411,0
SUT-GEN-02,probabilistic,8,14535.0,14305.589007036575,229.4109929634244,8,0.0,30,12000.0,17133.142977321702,220978.25265832295,13764.659577805465,0.0,263876.0552134501,0.9842166499509167,0.9780821917808219,0
SUT-GEN-02,probabilistic,9,14716.0,14494.0,222.0,6,0.0,31,12400.0,17381.719014459806,219019.4175527743,13320.0,0.0,262121.13656723412,0.9849143789073118,0.9835616438356164,0
SUT-GEN-02,probabilistic,10,14785.0,14597.294503518287,187.7054964817122,6,0.0,31,12400.0,17431.781434710127,225998.83510554864,11262.329788902733,0.0,267092.9463291615,0.9873043289494953,0.9835616438356164,0
SUT-GEN-02,probabilistic,11,14063.0,13949.294503518287,113.7054964817122,4,0.0,29,11600.0,17841.50561023787,213638.8351055486,6822.329788902733,0.0,249902.67050468922,0.9919145632879391,0.989041095890411,0
SUT-GEN-02,probabilistic,12,14636.0,14463.0,173.0,5,0.0,31,12400.0,17369.253189987532,218974.4175527743,10380.0,0.0,259123.67074276184,0.9881798305547964,0.9863013698630136,0
SUT-GEN-02,probabilistic,13,14861.0,14677.294503518287,183.7054964817122,6,0.0,31,12400.0,18132.117259182367,222203.8351055486,11022.329788902733,0.0,263758.2821536337,0.9876384162249032,0.9835616438356164,0
SUT-GEN-02,probabilistic,14,14426.0,14267.0,159.0,4,0.0,30,12000.0,18354.167365515306,219529.4175527743,9540.0,0.0,259423.58491828962,0.9889782337446278,0.989041095890411,0
SUT-GEN-02,probabilistic,15,14278.0,14138.294503518287,139.7054964817122,5,0.0,30,12000.0,18086.72396129335,215134.4175527743,8382.329788902733,0.0,253603.4713029704,0.9902153315253038,0.9863013698630136,0
SUT-GEN-02,probabilistic,16,14623.0,14476.0,147.0,4,0.0,30,12000.0,17558.057365515288,221119.4175527743,8820.0,0.0,259497.4749182896,0.9899473432264241,0.989041095890411,0
SUT-GEN-02,probabilistic,17,14381.0,14235.0,146.0,4,0.0,30,12000.0,17811.197365515298,215164.4175527743,8760.0,0.0,253735.6149182896,0.9898477157360406,0.989041095890411,0
SUT-GEN-02,probabilistic,18,14324.0,14222.0,102.0,3,0.0,30,12000.0,17849.67154104304,221329.4175527743,6120.0,0.0,257299.08909381734,0.9928790840547334,0.9917808219178083,0
SUT-GEN-02,probabilistic,19,14652.0,14504.294503518287,147.7054964817122,5,0.0,30,12000.0,17297.111434710117,221378.8351055486,8862.329788902733,0.0,259538.27632916148,0.989919089784213,0.9863013698630136,0
SUT-GEN-02,probabilistic,20,14581.0,14448.294503518287,132.7054964817122,4,0.0,31,12400.0,18022.4181368211,219488.8351055486,7962.329788902733,0.0,257873.58303127246,0.9908987383251003,0.989041095890411,0
SUT-GEN-02,probabilistic,21,14850.0,14651.294503518287,198.7054964817122,5,0.0,31,12400.0,17382.254929393486,225863.83510554864,11922.329788902733,0.0,267568.41982384486,0.98661915848608,0.9863013698630136,0
SUT-GEN-02,probabilistic,22,14264.0,14120.0,144.0,4,0.0,30,12000.0,17959.48736551528,212944.4175527743,8640.0,0.0,251543.9049182896,0.9899046550757151,0.989041095890411,0
SUT-GEN-02,probabilistic,23,14950.0,14708.0,242.0,5,0.0,31,12400.0,17639.19318998755,225394.4175527743,14520.0,0.0,269953.61074276187,0.9838127090301003,0.9863013698630136,0
SUT-GEN-02,probabilistic,24,14635.0,14458.589007036575,176.4109929634244,6,0.0,31,12400.0,17922.813854960426,219898.25265832295,10584.659577805465,0.0,260805.72609108884,0.9879459519669679,0.9835616438356164,0
SUT-GEN-02,probabilistic,25,14859.0,14748.0,111.0,3,0.0,31,12400.0,18405.69154104304,227629.4175527743,6660.0,0.0,265095.10909381736,0.9925297799313547,0.9917808219178083,0
SUT-GEN-02,probabilistic,26,14344.0,14223.0,121.0,3,0.0,30,12000.0,18051.241541043037,219394.4175527743,7260.0,0.0,256705.65909381735,0.9915644171779141,0.9917808219178083,0
SUT-GEN-02,probabilistic,27,14418.0,14315.0,103.0,3,0.0,30,12000.0,16717.025035726394,220024.4175527743,6180.0,0.0,254921.4425885007,0.992856152032182,0.9917808219178083,0
SUT-GEN-02,probabilistic,28,14683.0,14515.294503518287,167.7054964817122,5,0.0,31,12400.0,17752.377259182384,225338.83510554864,10062.329788902733,0.0,265553.5421536338,0.9885782540024713,0.9863013698630136,0
SUT-GEN-02,probabilistic,29,14474.0,14310.0,164.0,4,0.0,30,12000.0,17701.997365515293,220744.4175527743,9840.0,0.0,260286.4149182896,0.9886693381235319,0.989041095890411,0
SUT-GEN-02,probabilistic,30,14628.0,14426.294503518287,201.7054964817122,5,0.0,30,12000.0,17725.51143471012,220718.8351055486,12102.329788902733,0.0,262546.67632916145,0.9862109996936209,0.9863013698630136,0
SUT-GEN-02,probabilistic,31,14470.0,14325.0,145.0,3,0.0,30,12000.0,17640.601541043045,222349.4175527743,8700.0,0.0,260690.01909381736,0.9899792674498963,0.9917808219178083,0
SUT-GEN-02,probabilistic,32,14598.0,14404.294503518287,193.7054964817122,6,0.0,30,12000.0,18098.248908126898,220898.83510554864,11622.329788902733,0.0,262619.4138025783,0.9867306825262562,0.9835616438356164,0
SUT-GEN-02,probabilistic,33,14676.0,14527.0,149.0,4,0.0,31,12400.0,16995.947365515294,220864.4175527743,8940.0,0.0,259200.3649182896,0.9898473698555464,0.989041095890411,0
SUT-GEN-02,probabilistic,34,14424.0,14154.294503518287,269.7054964817122,6,0.0,30,12000.0,17568.56725918237,214268.8351055486,16182.329788902733,0.0,260019.73215363373,0.9813016156072024,0.9835616438356164,0
SUT-GEN-02,probabilistic,35,14392.0,14146.294503518287,245.7054964817122,6,0.0,30,12000.0,17686.58561023786,219773.83510554864,14742.329788902733,0.0,264202.75050468923,0.9829276336519099,0.9835616438356164,0
SUT-GEN-02,probabilistic,36,14717.0,14569.589007036575,147.4109929634244,5,0.0,31,12400.0,17337.153854960423,221638.25265832295,8844.659577805465,0.0,260220.06609108884,0.9899836248580943,0.9863013698630136,0
SUT-GEN-02,probabilistic,37,14449.0,14221.0,228.0,5,0.0,30,12000.0,17773.923189987545,219064.4175527743,13680.0,0.0,262518.34074276185,0.9842203612706761,0.9863013698630136,0
SUT-GEN-02,probabilistic,38,14821.0,14602.294503518287,218.7054964817122,6,0.0,31,12400.0,16882.617259182378,220718.8351055486,13122.329788902733,0.0,263123.7821536337,0.9852435398096139,0.9835616438356164,0
SUT-GEN-02,probabilistic,39,14751.0,14571.589007036575,179.4109929634244,6,0.0,31,12400.0,17015.76385496044,220003.25265832298,10764.659577805465,0.0,260183.67609108888,0.9878373674351959,0.9835616438356164,0
SUT-GEN-02,probabilistic,40,14695.0,14460.0,235.0,5,0.0,31,12400.0,17859.963189987546,224989.4175527743,14100.0,0.0,269349.3807427619,0.9840081660428718,0.9863013698630136,0
SUT-GEN-02,probabilistic,41,14439.0,14241.294503518287,197.7054964817122,6,0.0,30,12000.0,17312.395610237858,219848.83510554864,11862.329788902733,0.0,261023.56050468926,0.986307535391529,0.9835616438356164,0
SUT-GEN-02,probabilistic,42,14610.0,14476.294503518287,133.7054964817122,4,0.0,31,12400.0,17731.929785765617,219803.83510554864,8022.329788902733,0.0,257958.094680217,0.9908483575303414,0.989041095890411,0
SUT-GEN-02,probabilistic,43,14754.0,14626.0,128.0,3,0.0,31,12400.0,17918.491541043033,228049.4175527743,7680.0,0.0,266047.90909381735,0.9913243866070218,0.9917808219178083,0
SUT-GEN-02,probabilistic,44,14594.0,14539.0,55.0,2,0.0,31,12400.0,18043.45571657078,220924.4175527743,3300.0,0.0,254667.8732693451,0.9962313279429903,0.9945205479452055,0
SUT-GEN-02,probabilistic,45,14328.0,14210.294503518287,117.7054964817122,4,0.0,30,12000.0,17366.83143471012,218858.83510554864,7062.329788902733,0.0,255287.9963291615,0.99178493184801,0.989041095890411,0
SUT-GEN-02,probabilistic,46,14630.0,14411.589007036575,218.4109929634244,6,0.0,30,12000.0,17554.761328377204,221518.25265832295,13104.659577805465,0.0,264177.67356450565,0.9850710189361979,0.9835616438356164,0
SUT-GEN-02,probabilistic,47,14441.0,14248.0,193.0,5,0.0,30,12000.0,17402.553189987568,220609.4175527743,11580.0,0.0,261591.97074276189,0.9866352745654733,0.9863013698630136,0
SUT-GEN-02,probabilistic,48,14241.0,14123.0,118.0,3,0.0,30,12000.0,18075.421541043037,219829.4175527743,7080.0,0.0,256984.83909381734,0.9917140650235237,0.9917808219178083,0
SUT-GEN-02,probabilistic,49,14672.0,14459.294503518287,212.7054964817122,7,0.0,31,12400.0,16951.903083654644,220193.83510554864,12762.329788902733,0.0,262308.06797810603,0.9855026242855975,0.9808219178082191,0
SUT-GEN-02,probabilistic,50,14609.0,14525.0,84.0,2,0.0,31,12400.0,17508.135716570785,220684.4175527743,5040.0,0.0,255632.55326934508,0.9942501197891711,0.9945205479452055,0
SUT-GEN-02,probabilistic,51,14335.0,14162.0,173.0,4,0.0,30,12000.0,17398.2473655153,219649.4175527743,10380.0,0.0,259427.6649182896,0.9879316358562957,0.989041095890411,0
SUT-GEN-02,probabilistic,52,14100.0,13946.0,154.0,5,0.0,30,12000.0,17557.80318998755,211639.4175527743,9240.0,0.0,250437.22074276186,0.9890780141843971,0.9863013698630136,0
SUT-GEN-02,probabilistic,53,14637.0,14477.0,160.0,4,0.0,31,12400.0,17802.94736551528,218374.4175527743,9600.0,0.0,258177.3649182896,0.9890687982510077,0.989041095890411,0
SUT-GEN-02,probabilistic,54,14451.0,14331.589007036575,119.4109929634244,5,0.0,30,12000.0,17676.349679432697,220933.25265832298,7164.659577805464,0.0,257774.26191556113,0.9917368353080461,0.9863013698630136,0
SUT-GEN-02,probabilistic,55,14691.0,14398.17801407315,292.8219859268488,10,0.0,30,12000.0,17093.336940183624,222112.08776387156,17569.31915561093,0.0,268774.7438596661,0.9800679337058845,0.9726027397260274,0
SUT-GEN-02,probabilistic,56,14769.0,14620.0,149.0,4,0.0,31,12400.0,17801.4473655153,221704.4175527743,8940.0,0.0,260845.86491828962,0.9899113006974067,0.989041095890411,0
SUT-GEN-02,probabilistic,57,14319.0,14190.294503518287,128.7054964817122,4,0.0,30,12000.0,18060.81978576561,219173.8351055486,7722.329788902733,0.0,256956.98468021696,0.9910115583154052,0.989041095890411,0
SUT-GEN-02,probabilistic,58,14414.0,14293.0,121.0,4,0.0,30,12000.0,17425.727365515293,220084.4175527743,7260.0,0.0,256770.1449182896,0.9916053836547801,0.989041095890411,0
SUT-GEN-02,probabilistic,59,14568.0,14343.589007036575,224.4109929634244,8,0.0,30,12000.0,18026.242977321734,221068.25265832295,13464.659577805465,0.0,264559.15521345014,0.9845956210211817,0.9780821917808219,0
SUT-GEN-02,probabilistic,60,14687.0,14445.589007036575,241.4109929634244,7,0.0,30,12000.0,17420.435503904955,222073.25265832295,14484.659577805465,0.0,265978.3477400334,0.9835629473028239,0.9808219178082191,0
SUT-GEN-02,probabilistic,61,14430.0,14275.0,155.0,4,0.0,30,12000.0,17841.317365515308,220189.4175527743,9300.0,0.0,259330.7349182896,0.9892584892584892,0.989041095890411,0
SUT-GEN-02,probabilistic,62,14486.0,14267.294503518287,218.7054964817122,6,0.0,30,12000.0,17891.21725918241,221543.83510554864,13122.329788902733,0.0,264557.3821536338,0.9849022852076686,0.9835616438356164,0
SUT-GEN-02,probabilistic,63,14605.0,14376.0,229.0,5,0.0,30,12000.0,17819.883189987548,219619.4175527743,13740.0,0.0,263179.3007427618,0.9843204382060938,0.9863013698630136,0
SUT-GEN-02,probabilistic,64,14551.0,14352.0,199.0,4,0.0,30,12000.0,17537.89736551531,220654.4175527743,11940.0,0.0,262132.3149182896,0.9863239639887293,0.989041095890411,0
SUT-GEN-02,probabilistic,65,14909.0,14713.0,196.0,5,0.0,31,12400.0,16939.29318998755,226504.4175527743,11760.0,0.0,267603.71074276185,0.9868535783754779,0.9863013698630136,0
SUT-GEN-02,probabilistic,66,14611.0,14370.0,241.0,6,0.0,30,12000.0,18448.489014459818,219949.4175527743,14460.0,0.0,264857.90656723414,0.9835055779891863,0.9835616438356164,0
SUT-GEN-02,probabilistic,67,14278.0,14101.294503518287,176.7054964817122,5,0.0,30,12000.0,17381.561434710122,213638.83510554864,10602.329788902733,0.0,253622.72632916152,0.9876239321696517,0.9863013698630136,0
SUT-GEN-02,probabilistic,68,14183.0,14019.0,164.0,4,0.0,30,12000.0,18059.807365515313,213484.4175527743,9840.0,0.0,253384.22491828963,0.9884368610308115,0.989041095890411,0
SUT-GEN-02,probabilistic,69,14651.0,14401.0,250.0,6,0.0,30,12000.0,17648.029014459815,220504.4175527743,15000.0,0.0,265152.4465672341,0.982936318340045,0.9835616438356164,0
SUT-GEN-02,probabilistic,70,14576.0,14411.294503518287,164.7054964817122,4,0.0,31,12400.0,17299.60143471011,219323.8351055486,9882.329788902733,0.0,258905.76632916147,0.9887002266409363,0.989041095890411,0
SUT-GEN-02,probabilistic,71,14445.0,14300.294503518287,144.7054964817122,4,0.0,30,12000.0,17701.783280448955,219278.83510554864,8682.329788902733,0.0,257662.94817490035,0.9899823124623252,0.989041095890411,0
SUT-GEN-02,probabilistic,72,15063.0,14928.0,135.0,3,0.0,31,12400.0,17548.77503572639,228154.4175527743,8100.0,0.0,266203.1925885007,0.9910376419040032,0.9917808219178083,0
SUT-GEN-02,probabilistic,73,15015.0,14868.0,147.0,4,0.0,31,12400.0,17124.647365515284,227674.4175527743,8820.0,0.0,266019.0649182896,0.9902097902097902,0.989041095890411,0
SUT-GEN-02,probabilistic,74,14646.0,14492.0,154.0,5,0.0,31,12400.0,17875.05318998755,219829.4175527743,9240.0,0.0,259344.47074276186,0.9894851836678956,0.9863013698630136,0
SUT-GEN-02,probabilistic,75,14341.0,14187.294503518287,153.7054964817122,4,0.0,30,12000.0,17822.005610237873,214868.83510554864,9222.329788902733,0.0,253913.17050468925,0.9892820935442638,0.989041095890411,0
SUT-GEN-02,probabilistic,76,14621.0,14389.294503518287,231.7054964817122,6,0.0,31,12400.0,17878.31725918238,218963.83510554864,13902.329788902733,0.0,263144.4821536337,0.9841525547854653,0.9835616438356164,0
SUT-GEN-02,probabilistic,77,14792.0,14663.294503518287,128.7054964817122,5,0.0,31,12400.0,16924.123083654635,227798.83510554864,7722.329788902733,0.0,264845.287978106,0.9912989794157847,0.9863013698630136,0
SUT-GEN-02,probabilistic,78,14695.0,14589.589007036575,105.4109929634244,5,0.0,31,12400.0,17595.858030488176,221083.25265832295,6324.659577805464,0.0,257403.77026661657,0.9928267442692463,0.9863013698630136,0
SUT-GEN-02,probabilistic,79,14498.0,14355.294503518287,142.7054964817122,5,0.0,30,12000.0,17201.646487876573,220639.4175527743,8562.329788902733,0.0,258403.39382955362,0.9901568839507716,0.9863013698630136,0
SUT-GEN-02,probabilistic,80,14458.0,14273.0,185.0,5,0.0,30,12000.0,18389.283189987564,221704.4175527743,11100.0,0.0,263193.70074276184,0.9872043159496473,0.9863013698630136,0
SUT-GEN-02,probabilistic,81,14256.0,14005.0,251.0,6,0.0,30,12000.0,17792.20901445981,213514.4175527743,15060.0,0.0,258366.6265672341,0.9823933782267116,0.9835616438356164,0
SUT-GEN-02,probabilistic,82,14448.0,14317.589007036575,130.4109929634244,6,0.0,30,12000.0,17612.178030488194,219403.25265832295,7824.659577805464,0.0,256840.0902666166,0.9909737684825979,0.9835616438356164,0
SUT-GEN-02,probabilistic,83,14569.0,14478.0,91.0,3,0.0,31,12400.0,17389.651541043037,220114.4175527743,5460.0,0.0,255364.06909381735,0.9937538609376072,0.9917808219178083,0
SUT-GEN-02,probabilistic,84,14482.0,14321.0,161.0,4,0.0,30,12000.0,17557.0673655153,221869.4175527743,9660.0,0.0,261086.4849182896,0.9888827510012429,0.989041095890411,0
SUT-GEN-02,probabilistic,85,14940.0,14759.0,181.0,4,0.0,31,12400.0,16843.21736551529,222979.4175527743,10860.0,0.0,263082.6349182896,0.9878848728246319,0.989041095890411,0
SUT-GEN-02,probabilistic,86,14670.0,14519.0,151.0,3,0.0,31,12400.0,17448.391541043053,219874.4175527743,9060.0,0.0,258782.80909381737,0.9897068847989093,0.9917808219178083,0
SUT-GEN-02,probabilistic,87,14626.0,14402.0,224.0,6,0.0,30,12000.0,17353.90901445981,220144.4175527743,13440.0,0.0,262938.3265672341,0.9846848078763846,0.9835616438356164,0
SUT-GEN-02,probabilistic,88,14471.0,14351.294503518287,119.7054964817122,4,0.0,30,12000.0,17958.17561023786,220088.83510554864,7182.329788902733,0.0,257229.34050468926,0.9917279043271569,0.989041095890411,0
SUT-GEN-02,probabilistic,89,14146.0,13907.589007036575,238.4109929634244,7,0.0,29,11600.0,18133.17880179397,214153.25265832295,14304.659577805465,0.0,258191.0910379224,0.9831464023071239,0.9808219178082191,0
SUT-GEN-02,probabilistic,90,14429.0,14304.0,125.0,3,0.0,30,12000.0,17625.84154104305,219964.4175527743,7500.0,0.0,257090.25909381735,0.9913368909834361,0.9917808219178083,0
SUT-GEN-02,probabilistic,91,14720.0,14471.589007036575,248.4109929634244,7,0.0,31,12400.0,17081.302977321713,219163.25265832298,14904.659577805465,0.0,263549.2152134502,0.9831242531954195,0.9808219178082191,0
SUT-GEN-02,probabilistic,92,14189.0,14036.294503518287,152.7054964817122,5,0.0,29,11600.0,18107.155610237878,214958.83510554864,9162.329788902733,0.0,253828.32050468927,0.9892377548465916,0.9863013698630136,0
SUT-GEN-02,probabilistic,93,14710.0,14575.589007036575,134.4109929634244,5,0.0,31,12400.0,16935.708030488186,227083.25265832298,8064.659577805464,0.0,264483.62026661664,0.9908626109474218,0.9863013698630136,0
SUT-GEN-02,probabilistic,94,14644.0,14517.294503518287,126.7054964817122,4,0.0,30,12000.0,17534.679785765602,221843.83510554864,7602.329788902733,0.0,258980.84468021698,0.9913476170116284,0.989041095890411,0
SUT-GEN-02,probabilistic,95,14406.0,14294.0,112.0,3,0.0,30,12000.0,17976.271541043032,220159.4175527743,6720.0,0.0,256855.68909381735,0.9922254616132167,0.9917808219178083,0
SUT-GEN-02,probabilistic,96,14719.0,14524.294503518287,194.7054964817122,5,0.0,31,12400.0,16365.805610237856,219578.8351055486,11682.329788902733,0.0,260026.9705046892,0.9867718257706561,0.9863013698630136,0
SUT-GEN-02,probabilistic,97,14356.0,14114.294503518287,241.7054964817122,6,0.0,29,11600.0,18116.245610237867,215483.83510554864,14502.329788902733,0.0,259702.41050468927,0.9831634510670303,0.9835616438356164,0
SUT-GEN-02,probabilistic,98,14466.0,14266.0,200.0,5,0.0,30,12000.0,17125.953189987547,219574.4175527743,12000.0,0.0,260700.37074276185,0.9861744780865478,0.9863013698630136,0
SUT-GEN-02,probabilistic,99,14532.0,14349.294503518287,182.7054964817122,5,0.0,30,12000.0,17754.94143471013,221138.83510554864,10962.329788902733,0.0,261856.10632916153,0.9874273674317566,0.9863013698630136,0
SUT-GEN-02,probabilistic,100,14685.0,14507.883510554862,177.1164894451366,7,0.0,31,12400.0,17184.717924155255,218972.67021109725,10626.989366708196,0.0,259184.37750196073,0.9879389520296127,0.9808219178082191,0
SUT-GEN-02,probabilistic,101,14876.0,14692.0,184.0,4,0.0,31,12400.0,18103.037365515294,229279.4175527743,11040.0,0.0,270822.4549182896,0.9876310836246303,0.989041095890411,0
SUT-GEN-02,probabilistic,102,14605.0,14410.294503518287,194.7054964817122,5,0.0,30,12000.0,17824.72143471013,221048.8351055486,11682.329788902733,0.0,262555.88632916147,0.9866685726476061,0.9863013698630136,0
SUT-GEN-02,probabilistic,103,14471.0,14251.589007036575,219.4109929634244,7,0.0,30,12000.0,17886.547152849464,219958.25265832295,13164.659577805465,0.0,263009.4593889779,0.984837883148129,0.9808219178082191,0
SUT-GEN-02,probabilistic,104,14319.0,14199.0,120.0,4,0.0,30,12000.0,17258.77736551529,220084.4175527743,7200.0,0.0,256543.1949182896,0.9916195265032475,0.989041095890411,0
SUT-GEN-02,probabilistic,105,14837.0,14697.0,140.0,3,0.0,31,12400.0,17872.441541043027,227839.4175527743,8400.0,0.0,266511.8590938173,0.990564130215003,0.9917808219178083,0
SUT-GEN-02,probabilistic,106,14335.0,14081.0,254.0,6,0.0,30,12000.0,17578.699014459813,219919.4175527743,15240.0,0.0,264738.11656723416,0.982281130101151,0.9835616438356164,0
SUT-GEN-02,probabilistic,107,14409.0,14264.0,145.0,3,0.0,30,12000.0,17510.491541043044,221269.4175527743,8700.0,0.0,259479.90909381735,0.9899368450274134,0.9917808219178083,0
SUT-GEN-02,probabilistic,108,14547.0,14338.0,209.0,5,0.0,30,12000.0,17285.253189987554,219889.4175527743,12540.0,0.0,261714.67074276187,0.985632776517495,0.9863013698630136,0
SUT-GEN-02,probabilistic,109,14918.0,14689.294503518287,228.7054964817122,6,0.0,31,12400.0,17068.18143471012,227723.83510554864,13722.329788902733,0.0,270914.3463291615,0.9846691582999254,0.9835616438356164,0
SUT-GEN-02,probabilistic,110,14547.0,14485.294503518287,61.7054964817122,3,0.0,31,12400.0,17765.409785765612,219128.83510554864,3702.329788902732,0.0,252996.574680217,0.9957581978083652,0.9917808219178083,0
SUT-GEN-02,probabilistic,111,14614.0,14426.294503518287,187.7054964817122,5,0.0,31,12400.0,17766.505610237862,219638.83510554864,11262.329788902733,0.0,261067.67050468925,0.987155775524722,0.9863013698630136,0
SUT-GEN-02,probabilistic,112,14619.0,14459.0,160.0,4,0.0,31,12400.0,17959.697365515294,219889.4175527743,9600.0,0.0,259849.1149182896,0.9890553389424721,0.989041095890411,0
SUT-GEN-02,probabilistic,113,14669.0,14485.0,184.0,5,0.0,30,12000.0,17509.326684670912,221254.4175527743,11040.0,0.0,261803.7442374452,0.9874565410048401,0.9863013698630136,0
SUT-GEN-02,probabilistic,114,14588.0,14392.589007036575,195.4109929634244,6,0.0,31,12400.0,17623.999679432698,219403.25265832295,11724.659577805465,0.0,261151.9119155611,0.9866046755577581,0.9835616438356164,0
SUT-GEN-02,probabilistic,115,14473.0,14306.294503518287,166.7054964817122,5,0.0,30,12000.0,17169.19308365463,220628.83510554864,10002.329788902733,0.0,259800.357978106,0.9884816211924471,0.9863013698630136,0
SUT-GEN-02,probabilistic,116,14564.0,14443.0,121.0,3,0.0,31,12400.0,17209.771541043046,219634.4175527743,7260.0,0.0,256504.18909381735,0.9916918429003021,0.9917808219178083,0
SUT-GEN-02,probabilistic,117,14715.0,14590.0,125.0,3,0.0,31,12400.0,16963.111541043036,221479.4175527743,7500.0,0.0,258342.52909381734,0.9915052667346246,0.9917808219178083,0
SUT-GEN-02,probabilistic,118,14426.0,14288.294503518287,137.7054964817122,5,0.0,30,12000.0,17716.061434710136,219698.8351055486,8262.329788902733,0.0,257677.2263291615,0.9904543534949596,0.9863013698630136,0
SUT-GEN-02,probabilistic,119,14634.0,14458.0,176.0,3,0.0,31,12400.0,18455.521541043057,220084.4175527743,10560.0,0.0,261499.93909381737,0.987973213065464,0.9917808219178083,0
SUT-GEN-02,probabilistic,120,14681.0,14452.0,229.0,6,0.0,30,12000.0,17798.959014459808,221344.4175527743,13740.0,0.0,264883.3765672341,0.9844016075199237,0.9835616438356164,0
SUT-GEN-02,probabilistic,121,14552.0,14384.0,168.0,4,0.0,30,12000.0,17593.697365515294,219844.4175527743,10080.0,0.0,259518.1149182896,0.9884551951621771,0.989041095890411,0
SUT-GEN-02,probabilistic,122,14400.0,14249.0,151.0,4,0.0,30,12000.0,18234.64736551529,214969.4175527743,9060.0,0.0,254264.0649182896,0.9895138888888889,0.989041095890411,0
SUT-GEN-02,probabilistic,123,14675.0,14460.294503518287,214.7054964817122,6,0.0,30,12000.0,17132.51890812689,220733.83510554864,12882.329788902733,0.0,262748.68380257825,0.9853693017729668,0.9835616438356164,0
SUT-GEN-02,probabilistic,124,14376.0,14251.294503518287,124.7054964817122,4,0.0,30,12000.0,17842.99328044896,218753.83510554864,7482.329788902733,0.0,256079.15817490034,0.9913254384751173,0.989041095890411,0
SUT-GEN-02,probabilistic,125,14762.0,14603.589007036575,158.4109929634244,6,0.0,31,12400.0,17906.883854960437,227623.25265832298,9504.659577805465,0.0,267434.7960910889,0.9892690019669811,0.9835616438356164,0
SUT-GEN-02,probabilistic,126,14540.0,14434.0,106.0,2,0.0,31,12400.0,18030.61571657077,218434.4175527743,6360.0,0.0,255225.03326934506,0.9927097661623109,0.9945205479452055,0
SUT-GEN-02,probabilistic,127,14443.0,14368.0,75.0,2,0.0,30,12000.0,17117.685716570766,222004.4175527743,4500.0,0.0,255622.10326934507,0.9948071730249948,0.9945205479452055,0
SUT-GEN-02,probabilistic,128,14556.0,14413.0,143.0,4,0.0,30,12000.0,17366.897365515295,221539.4175527743,8580.0,0.0,259486.3149182896,0.990175872492443,0.989041095890411,0
SUT-GEN-02,probabilistic,129,14450.0,14233.0,217.0,5,0.0,30,12000.0,17618.673189987563,219964.4175527743,13020.0,0.0,262603.09074276185,0.9849826989619377,0.9863013698630136,0
SUT-GEN-02,probabilistic,130,14877.0,14724.0,153.0,5,0.0,31,12400.0,17141.70318998756,222994.4175527743,9180.0,0.0,261716.12074276188,0.9897156684815487,0.9863013698630136,0
SUT-GEN-02,probabilistic,131,14768.0,14606.294503518287,161.7054964817122,4,0.0,31,12400.0,17265.249785765605,222053.83510554864,9702.329788902733,0.0,261421.41468021699,0.9890502778655396,0.989041095890411,0
SUT-GEN-02,probabilistic,132,14682.0,14407.294503518287,274.7054964817122,7,0.0,30,12000.0,18355.917259182395,220628.83510554864,16482.32978890273,0.0,267467.08215363376,0.9812896406156033,0.9808219178082191,0
SUT-GEN-02,probabilistic,133,14672.0,14463.294503518287,208.7054964817122,5,0.0,31,12400.0,17003.843961293347,219488.8351055486,12522.329788902733,0.0,261415.0088557447,0.9857752524208211,0.9863013698630136,0
SUT-GEN-02,probabilistic,134,14546.0,14257.589007036575,288.4109929634244,9,0.0,30,12000.0,17619.607152849458,219343.25265832295,17304.659577805465,0.0,266267.5193889779,0.9801724877654733,0.9753424657534246,0
SUT-GEN-02,probabilistic,135,14326.0,14189.0,137.0,3,0.0,30,12000.0,17718.24154104305,220894.4175527743,8220.0,0.0,258832.65909381735,0.9904369677509424,0.9917808219178083,0
SUT-GEN-02,probabilistic,136,14519.0,14361.294503518287,157.7054964817122,5,0.0,30,12000.0,17989.710753865733,221828.8351055486,9462.329788902733,0.0,261280.8756483171,0.9891379918395404,0.9863013698630136,0
SUT-GEN-02,probabilistic,137,14474.0,14326.0,148.0,4,0.0,30,12000.0,18391.457365515296,219409.4175527743,8880.0,0.0,258680.8749182896,0.9897747685505044,0.989041095890411,0
SUT-GEN-02,probabilistic,138,14403.0,14299.0,104.0,3,0.0,30,12000.0,17742.72154104305,219439.4175527743,6240.0,0.0,255422.13909381736,0.9927792820940082,0.9917808219178083,0
SUT-GEN-02,probabilistic,139,14686.0,14624.0,62.0,2,0.0,31,12400.0,17681.505716570777,225949.4175527743,3720.0,0.0,259750.92326934508,0.9957782922511235,0.9945205479452055,0
SUT-GEN-02,probabilistic,140,14809.0,14662.0,147.0,4,0.0,31,12400.0,17669.237365515284,221554.4175527743,8820.0,0.0,260443.6549182896,0.9900736038895266,0.989041095890411,0
SUT-GEN-02,probabilistic,141,14395.0,14244.0,151.0,4,0.0,30,12000.0,17070.79736551529,221269.4175527743,9060.0,0.0,259400.2149182896,0.9895102466134075,0.989041095890411,0
SUT-GEN-02,probabilistic,142,14381.0,14240.0,141.0,4,0.0,30,12000.0,18137.687365515285,217999.4175527743,8460.0,0.0,256597.10491828958,0.9901953967039844,0.989041095890411,0
SUT-GEN-02,probabilistic,143,15008.0,14840.0,168.0,4,0.0,31,12400.0,17241.197365515283,227299.4175527743,10080.0,0.0,267020.6149182896,0.9888059701492538,0.989041095890411,0
SUT-GEN-02,probabilistic,144,14402.0,14175.294503518287,226.7054964817122,6,0.0,30,12000.0,17019.717259182373,219038.83510554864,13602.329788902733,0.0,261660.88215363375,0.9842587490291825,0.9835616438356164,0
SUT-GEN-02,probabilistic,145,14537.0,14363.0,174.0,4,0.0,30,12000.0,17341.427365515276,222139.4175527743,10440.0,0.0,261920.84491828957,0.9880305427529752,0.989041095890411,0
SUT-GEN-02,probabilistic,146,14381.0,14248.294503518287,132.7054964817122,4,0.0,30,12000.0,17565.54978576561,221318.83510554864,7962.329788902733,0.0,258846.714680217,0.9907721649063548,0.989041095890411,0
SUT-GEN-02,probabilistic,147,14403.0,14268.0,135.0,4,0.0,30,12000.0,18326.297365515293,220519.4175527743,8100.0,0.0,258945.7149182896,0.9906269527181837,0.989041095890411,0
SUT-GEN-02,probabilistic,148,14631.0,14506.294503518287,124.7054964817122,4,0.0,31,12400.0,18232.361434710125,220463.8351055486,7482.329788902733,0.0,258578.52632916148,0.9914766252148375,0.989041095890411,0
SUT-GEN-02,probabilistic,149,14711.0,14474.0,237.0,6,0.0,31,12400.0,17721.859014459813,220099.4175527743,14220.0,0.0,264441.27656723413,0.9838896064169669,0.9835616438356164,0
SUT-GEN-02,probabilistic,150,14107.0,13916.0,191.0,4,0.0,29,11600.0,17535.347365515303,214444.4175527743,11460.0,0.0,255039.7649182896,0.9864606223860495,0.989041095890411,0
SUT-GEN-02,probabilistic,151,14300.0,14135.294503518287,164.7054964817122,5,0.0,30,12000.0,17941.93308365463,219473.83510554864,9882.329788902733,0.0,259298.09797810603,0.9884821331131669,0.9863013698630136,0
SUT-GEN-02,probabilistic,152,14451.0,14310.294503518287,140.7054964817122,5,0.0,30,12000.0,17297.561434710125,220433.83510554864,8442.329788902733,0.0,258173.72632916152,0.9902632692213886,0.9863013698630136,0
SUT-GEN-02,probabilistic,153,14553.0,14398.0,155.0,4,0.0,30,12000.0,16873.39736551531,221644.4175527743,9300.0,0.0,259817.8149182896,0.9893492750635607,0.989041095890411,0
SUT-GEN-02,probabilistic,154,14477.0,14284.0,193.0,4,0.0,30,12000.0,17430.227365515275,219949.4175527743,11580.0,0.0,260959.6449182896,0.9866685086689231,0.989041095890411,0
SUT-GEN-02,probabilistic,155,14477.0,14421.0,56.0,2,0.0,30,12000.0,17026.845716570788,219994.4175527743,3360.0,0.0,252381.2632693451,0.9961317952614492,0.9945205479452055,0
SUT-GEN-02,probabilistic,156,14365.0,14252.294503518287,112.7054964817122,3,0.0,30,12000.0,17721.745610237864,220508.8351055486,6762.329788902733,0.0,256992.91050468924,0.9921541596601662,0.9917808219178083,0
SUT-GEN-02,probabilistic,157,14575.0,14392.0,183.0,5,0.0,30,12000.0,17555.25318998757,219679.4175527743,10980.0,0.0,260214.67074276187,0.9874442538593482,0.9863013698630136,0
SUT-GEN-02,probabilistic,158,14762.0,14714.0,48.0,2,0.0,31,12400.0,17345.32571657078,226099.4175527743,2880.0,0.0,258724.74326934508,0.9967484080747866,0.9945205479452055,0
SUT-GEN-02,probabilistic,159,14888.0,14729.0,159.0,4,0.0,31,12400.0,18117.947365515294,227164.4175527743,9540.0,0.0,267222.3649182896,0.9893202579258463,0.989041095890411,0
SUT-GEN-02,probabilistic,160,14714.0,14556.294503518287,157.7054964817122,6,0.0,31,12400.0,16870.66143471012,220268.8351055486,9462.329788902733,0.0,259001.82632916147,0.9892819426069245,0.9835616438356164,0
SUT-GEN-02,probabilistic,161,14788.0,14629.294503518287,158.7054964817122,4,0.0,31,12400.0,17229.669785765596,227843.83510554864,9522.329788902733,0.0,266995.83468021697,0.9892679539841958,0.989041095890411,0
SUT-GEN-02,probabilistic,162,14669.0,14515.0,154.0,4,0.0,30,12000.0,17490.76736551529,221419.4175527743,9240.0,0.0,260150.1849182896,0.9895016701888336,0.989041095890411,0
SUT-GEN-02,probabilistic,163,14505.0,14405.0,100.0,3,0.0,30,12000.0,18030.90154104304,221404.4175527743,6000.0,0.0,257435.31909381735,0.9931058255773871,0.9917808219178083,0
SUT-GEN-02,probabilistic,164,14592.0,14404.0,188.0,4,0.0,30,12000.0,17379.797365515296,221044.4175527743,11280.0,0.0,261704.2149182896,0.9871162280701754,0.989041095890411,0
SUT-GEN-02,probabilistic,165,14490.0,14348.0,142.0,4,0.0,30,12000.0,17635.42736551529,220594.4175527743,8520.0,0.0,258749.8449182896,0.990200138026225,0.989041095890411,0
SUT-GEN-02,probabilistic,166,14838.0,14709.0,129.0,3,0.0,31,12400.0,17232.60154104304,227674.4175527743,7740.0,0.0,265047.01909381733,0.9913061059441973,0.9917808219178083,0
SUT-GEN-02,probabilistic,167,14580.0,14324.0,256.0,6,0.0,31,12400.0,18018.25901445981,218269.4175527743,15360.0,0.0,264047.6765672341,0.9824417009602194,0.9835616438356164,0
SUT-GEN-02,probabilistic,168,14556.0,14400.294503518287,155.7054964817122,5,0.0,30,12000.0,17656.16725918239,220703.83510554864,9342.329788902733,0.0,259702.3321536338,0.9893030024401132,0.9863013698630136,0
SUT-GEN-02,probabilistic,169,14247.0,14052.0,195.0,5,0.0,30,12000.0,17600.913189987543,213364.4175527743,11700.0,0.0,254665.33074276184,0.9863129079806275,0.9863013698630136,0
SUT-GEN-02,probabilistic,170,14708.0,14529.294503518287,178.7054964817122,5,0.0,31,12400.0,17492.363961293348,221258.83510554864,10722.329788902733,0.0,261873.52885574472,0.987849775871518,0.9863013698630136,0
SUT-GEN-02,probabilistic,171,14686.0,14497.294503518287,188.7054964817122,5,0.0,31,12400.0,17803.91725918237,219923.8351055486,11322.329788902733,0.0,261450.08215363373,0.9871506539233479,0.9863013698630136,0
SUT-GEN-02,probabilistic,172,14377.0,14216.0,161.0,5,0.0,30,12000.0,17336.103189987538,220894.4175527743,9660.0,0.0,259890.52074276184,0.9888015580440982,0.9863013698630136,0
SUT-GEN-02,probabilistic,173,14917.0,14804.0,113.0,4,0.0,31,12400.0,17518.937365515296,229684.4175527743,6780.0,0.0,266383.3549182896,0.9924247502849098,0.989041095890411,0
SUT-GEN-02,probabilistic,174,14429.0,14236.294503518287,192.7054964817122,6,0.0,30,12000.0,16672.2790144598,213544.4175527743,11562.329788902733,0.0,253779.02635613686,0.9866445702071028,0.9835616438356164,0
SUT-GEN-02,probabilistic,175,14532.0,14329.0,203.0,5,0.0,30,12000.0,17731.386684670888,220384.4175527743,12180.0,0.0,262295.80423744523,0.9860308285163777,0.9863013698630136,0
SUT-GEN-02,probabilistic,176,14915.0,14709.0,206.0,5,0.0,31,12400.0,17426.40318998756,220864.4175527743,12360.0,0.0,263050.82074276183,0.9861884009386523,0.9863013698630136,0
SUT-GEN-02,probabilistic,177,14302.0,14163.0,139.0,4,0.0,30,12000.0,17653.337365515312,219154.4175527743,8340.0,0.0,257147.7549182896,0.990281079569291,0.989041095890411,0
SUT-GEN-02,probabilistic,178,14929.0,14666.294503518287,262.7054964817122,6,0.0,31,12400.0,17843.48725918238,227963.83510554864,15762.329788902733,0.0,273969.65215363377,0.9824030078048287,0.9835616438356164,0
SUT-GEN-02,probabilistic,179,14396.0,14253.294503518287,142.7054964817122,4,0.0,30,12000.0,16871.27890812688,221933.8351055486,8562.329788902733,0.0,259367.44380257823,0.9900871425061327,0.989041095890411,0
SUT-GEN-02,probabilistic,180,14729.0,14560.0,169.0,4,0.0,31,12400.0,17215.067365515315,226384.4175527743,10140.0,0.0,266139.4849182896,0.9885260370697264,0.989041095890411,0
SUT-GEN-02,probabilistic,181,14762.0,14663.0,99.0,3,0.0,31,12400.0,17514.30154104305,221974.4175527743,5940.0,0.0,257828.71909381734,0.9932935916542474,0.9917808219178083,0
SUT-GEN-02,probabilistic,182,14261.0,14102.0,159.0,4,0.0,30,12000.0,18322.307365515306,211879.4175527743,9540.0,0.0,251741.7249182896,0.9888507117312951,0.989041095890411,0
SUT-GEN-02,probabilistic,183,14612.0,14430.294503518287,181.7054964817122,5,0.0,31,12400.0,17317.94561023785,219758.83510554864,10902.329788902733,0.0,260379.11050468925,0.9875646388939425,0.9863013698630136,0
SUT-GEN-02,probabilistic,184,14593.0,14453.0,140.0,4,0.0,31,12400.0,18071.027365515314,218779.4175527743,8400.0,0.0,257650.4449182896,0.9904063592133214,0.989041095890411,0
SUT-GEN-02,probabilistic,185,14695.0,14518.294503518287,176.7054964817122,5,0.0,30,12000.0,17947.017259182387,221588.8351055486,10602.329788902733,0.0,262138.18215363374,0.9879751278338406,0.9863013698630136,0
SUT-GEN-02,probabilistic,186,14755.0,14656.0,99.0,2,0.0,31,12400.0,18307.63571657078,227119.4175527743,5940.0,0.0,263767.0532693451,0.9932904100304981,0.9945205479452055,0
SUT-GEN-02,probabilistic,187,14115.0,13918.0,197.0,4,0.0,29,11600.0,17592.647365515288,212899.4175527743,11820.0,0.0,253912.0649182896,0.9860432164364151,0.989041095890411,0
SUT-GEN-02,probabilistic,188,14529.0,14325.294503518287,203.7054964817122,5,0.0,30,12000.0,17090.755610237873,221933.8351055486,12222.329788902733,0.0,263246.9205046892,0.9859793862976315,0.9863013698630136,0
SUT-GEN-02,probabilistic,189,14181.0,14010.0,171.0,5,0.0,30,12000.0,18212.853189987538,211609.4175527743,10260.0,0.0,252082.27074276184,0.9879416120160779,0.9863013698630136,0
SUT-GEN-02,probabilistic,190,14635.0,14406.294503518287,228.7054964817122,6,0.0,31,12400.0,16981.72308365464,219278.83510554864,13722.329788902733,0.0,262382.88797810604,0.9843727026660941,0.9835616438356164,0
SUT-GEN-02,probabilistic,191,14603.0,14448.294503518287,154.7054964817122,4,0.0,30,12000.0,16684.781434710127,220643.83510554864,9282.329788902733,0.0,258610.94632916152,0.9894059099855022,0.989041095890411,0
SUT-GEN-02,probabilistic,192,14961.0,14771.294503518287,189.7054964817122,5,0.0,31,12400.0,17930.56143471014,228143.8351055486,11382.329788902733,0.0,269856.7263291615,0.9873199988983549,0.9863013698630136,0
SUT-GEN-02,probabilistic,193,14481.0,14346.0,135.0,4,0.0,30,12000.0,17814.857365515294,220084.4175527743,8100.0,0.0,257999.2749182896,0.9906774394033562,0.989041095890411,0
SUT-GEN-02,probabilistic,194,14552.0,14324.0,228.0,5,0.0,30,12000.0,18444.363189987558,219169.4175527743,13680.0,0.0,263293.78074276185,0.9843320505772403,0.9863013698630136,0
SUT-GEN-02,probabilistic,195,14766.0,14655.0,111.0,3,0.0,31,12400.0,17548.201541043018,227419.4175527743,6660.0,0.0,264027.6190938173,0.9924827305973182,0.9917808219178083,0
SUT-GEN-02,probabilistic,196,14300.0,14109.0,191.0,5,0.0,30,12000.0,18509.103189987556,220294.4175527743,11460.0,0.0,262263.5207427619,0.9866433566433567,0.9863013698630136,0
SUT-GEN-02,probabilistic,197,14668.0,14601.0,67.0,2,0.0,31,12400.0,18284.535716570776,225784.4175527743,4020.0,0.0,260488.95326934507,0.9954322334333242,0.9945205479452055,0
SUT-GEN-02,probabilistic,198,14405.0,14176.589007036575,228.4109929634244,8,0.0,30,12000.0,17102.825503904936,220933.25265832295,13704.659577805465,0.0,263740.73774003336,0.9841436311722718,0.9780821917808219,0
SUT-GEN-02,probabilistic,199,14638.0,14502.0,136.0,4,0.0,31,12400.0,17246.14736551531,220579.4175527743,8160.0,0.0,258385.5649182896,0.9907091132668397,0.989041095890411,0
BLD-BAG-03,baseline,0,5410.0,4895.0,515.0,37,0.0,24,14400.0,28713.59999999999,148050.0,77250.0,0.0,268413.6,0.9048059149722736,0.8986301369863013,0
BLD-BAG-03,baseline,1,5579.0,5188.0,391.0,28,0.0,26,15600.0,31441.600000000002,157500.0,58650.0,0.0,263191.6,0.9299157555117404,0.9232876712328767,0
BLD-BAG-03,baseline,2,5453.0,4886.0,567.0,42,0.0,24,14400.0,27764.800000000007,151200.0,85050.0,0.0,278414.8,0.8960205391527599,0.8849315068493151,0
BLD-BAG-03,baseline,3,5611.0,5244.0,367.0,31,0.0,26,15600.0,28920.0,160650.0,55050.0,0.0,260220.0,0.9345927642131527,0.915068493150685,0
BLD-BAG-03,baseline,4,5539.0,5033.0,506.0,34,0.0,25,15000.0,29736.799999999985,157500.0,75900.0,0.0,278136.8,0.9086477703556599,0.9068493150684931,0
BLD-BAG-03,baseline,5,5476.0,4948.0,528.0,41,0.0,25,15000.0,29113.599999999988,151200.0,79200.0,0.0,274513.6,0.9035792549306063,0.8876712328767123,0
BLD-BAG-03,baseline,6,5569.0,5179.0,390.0,26,0.0,26,15600.0,29936.80000000001,157500.0,58500.0,0.0,261536.80000000002,0.9299694738732268,0.9287671232876712,0
BLD-BAG-03,baseline,7,5522.0,4732.0,790.0,59,0.0,24,14400.0,26003.19999999999,144900.0,118500.0,0.0,303803.19999999995,0.8569358927924665,0.8383561643835616,0
BLD-BAG-03,baseline,8,5514.0,5007.0,507.0,39,0.0,25,15000.0,28467.99999999999,151200.0,76050.0,0.0,270718.0,0.9080522306855278,0.8931506849315068,0
BLD-BAG-03,baseline,9,5462.0,4796.0,666.0,49,0.0,24,14400.0,29770.399999999987,144900.0,99900.0,0.0,288970.4,0.8780666422555841,0.8657534246575342,0
BLD-BAG-03,baseline,10,5580.0,5135.0,445.0,34,0.0,25,15000.0,30900.8,157500.0,66750.0,0.0,270150.8,0.9202508960573477,0.9068493150684931,0
BLD-BAG-03,baseline,11,5233.0,4830.0,403.0,34,0.0,24,14400.0,30344.799999999996,144900.0,60450.0,0.0,250094.8,0.9229887253965221,0.9068493150684931,0
BLD-BAG-03,baseline,12,5454.0,4931.0,523.0,36,0.0,24,14400.0,30544.00000000002,151200.0,78450.0,0.0,274594.0,0.9041070773744041,0.9013698630136986,0
BLD-BAG-03,baseline,13,5554.0,5085.0,469.0,35,0.0,25,15000.0,28573.600000000006,157500.0,70350.0,0.0,271423.6,0.9155563557796182,0.904109589041096,0
BLD-BAG-03,baseline,14,5377.0,5033.0,344.0,30,0.0,25,15000.0,32223.199999999986,151200.0,51600.0,0.0,250023.19999999998,0.9360238050957783,0.9178082191780822,0
BLD-BAG-03,baseline,15,5219.0,4868.0,351.0,29,0.0,24,14400.0,32736.0,151200.0,52650.0,0.0,250986.0,0.9327457367311746,0.9205479452054794,0
BLD-BAG-03,baseline,16,5473.0,5031.0,442.0,36,0.0,25,15000.0,28399.999999999993,151200.0,66300.0,0.0,260900.0,0.9192399049881235,0.9013698630136986,0
BLD-BAG-03,baseline,17,5346.0,4849.0,497.0,36,0.0,24,14400.0,31027.99999999999,151200.0,74550.0,0.0,271178.0,0.9070332959221848,0.9013698630136986,0
BLD-BAG-03,baseline,18,5324.0,4859.0,465.0,39,0.0,24,14400.0,31735.999999999985,151200.0,69750.0,0.0,267086.0,0.9126596543951916,0.8931506849315068,0
BLD-BAG-03,baseline,19,5586.0,5040.0,546.0,43,0.0,25,15000.0,29876.80000000001,151200.0,81900.0,0.0,277976.80000000005,0.9022556390977443,0.8821917808219178,0
BLD-BAG-03,baseline,20,5455.0,5268.0,187.0,14,0.0,26,15600.0,36368.79999999998,163800.0,28050.0,0.0,243818.8,0.9657195233730522,0.9616438356164384,0
BLD-BAG-03,baseline,21,5630.0,5368.0,262.0,24,0.0,27,16200.0,30771.200000000004,163800.0,39300.0,0.0,250071.2,0.9534635879218473,0.9342465753424658,0
BLD-BAG-03,baseline,22,5349.0,4978.0,371.0,31,0.0,25,15000.0,31435.999999999978,151200.0,55650.0,0.0,253285.99999999997,0.930641241353524,0.915068493150685,0
BLD-BAG-03,baseline,23,5588.0,4844.0,744.0,51,0.0,24,14400.0,28940.799999999992,151200.0,111600.0,0.0,306140.8,0.8668575518969219,0.8602739726027397,0
BLD-BAG-03,baseline,24,5476.0,5040.0,436.0,36,0.0,25,15000.0,30849.599999999995,151200.0,65400.0,0.0,262449.6,0.9203798392987582,0.9013698630136986,0
BLD-BAG-03,baseline,25,5550.0,5195.0,355.0,30,0.0,26,15600.0,30829.599999999984,157500.0,53250.0,0.0,257179.59999999998,0.936036036036036,0.9178082191780822,0
BLD-BAG-03,baseline,26,5344.0,4935.0,409.0,31,0.0,25,15000.0,32297.60000000002,151200.0,61350.0,0.0,259847.60000000003,0.9234655688622755,0.915068493150685,0
BLD-BAG-03,baseline,27,5389.0,4955.0,434.0,37,0.0,25,15000.0,30525.59999999999,154350.0,65100.0,0.0,264975.6,0.9194655780293189,0.8986301369863013,0
BLD-BAG-03,baseline,28,5526.0,4684.0,842.0,57,0.0,23,13800.0,26789.59999999998,144900.0,126300.0,0.0,311789.6,0.8476293883460008,0.8438356164383561,0
BLD-BAG-03,baseline,29,5415.0,5031.0,384.0,31,0.0,25,15000.0,29341.599999999995,157500.0,57600.0,0.0,259441.59999999998,0.9290858725761773,0.915068493150685,0
BLD-BAG-03,baseline,30,5512.0,5075.0,437.0,33,0.0,25,15000.0,32660.8,154350.0,65550.0,0.0,267560.8,0.9207184325108854,0.9095890410958904,0
BLD-BAG-03,baseline,31,5407.0,5032.0,375.0,30,0.0,25,15000.0,32168.800000000003,157500.0,56250.0,0.0,260918.8,0.9306454595894211,0.9178082191780822,0
BLD-BAG-03,baseline,32,5417.0,4964.0,453.0,36,0.0,25,15000.0,32092.800000000014,151200.0,67950.0,0.0,266242.80000000005,0.9163743769614178,0.9013698630136986,0
BLD-BAG-03,baseline,33,5498.0,4822.0,676.0,48,0.0,24,14400.0,28084.79999999998,144900.0,101400.0,0.0,288784.8,0.8770461986176792,0.8684931506849315,0
BLD-BAG-03,baseline,34,5499.0,5050.0,449.0,31,0.0,25,15000.0,31289.600000000002,157500.0,67350.0,0.0,271139.6,0.9183487906892163,0.915068493150685,0
BLD-BAG-03,baseline,35,5319.0,5024.0,295.0,22,0.0,25,15000.0,30672.00000000002,157500.0,44250.0,0.0,247422.0,0.9445384470765181,0.9397260273972603,0
BLD-BAG-03,baseline,36,5567.0,5175.0,392.0,28,0.0,26,15600.0,30546.399999999998,157500.0,58800.0,0.0,262446.4,0.9295850547871385,0.9232876712328767,0
BLD-BAG-03,baseline,37,5382.0,4958.0,424.0,30,0.0,25,15000.0,31669.599999999995,151200.0,63600.0,0.0,261469.59999999998,0.9212188777406168,0.9178082191780822,0
BLD-BAG-03,baseline,38,5629.0,5110.0,519.0,40,0.0,25,15000.0,28025.599999999988,157500.0,77850.0,0.0,278375.6,0.9077988985610232,0.8904109589041096,0
BLD-BAG-03,baseline,39,5556.0,5250.0,306.0,24,0.0,26,15600.0,30885.599999999973,157500.0,45900.0,0.0,249885.59999999998,0.9449244060475162,0.9342465753424658,0
BLD-BAG-03,baseline,40,5455.0,5040.0,415.0,36,0.0,25,15000.0,30930.399999999998,151200.0,62250.0,0.0,259380.4,0.923923006416132,0.9013698630136986,0
BLD-BAG-03,baseline,41,5438.0,4869.0,569.0,41,0.0,24,14400.0,35363.199999999975,151200.0,85350.0,0.0,286313.19999999995,0.89536594336153,0.8876712328767123,0
BLD-BAG-03,baseline,42,5467.0,5249.0,218.0,18,0.0,26,15600.0,31013.60000000002,163800.0,32700.0,0.0,243113.60000000003,0.9601243826595939,0.9506849315068493,0
BLD-BAG-03,baseline,43,5506.0,5040.0,466.0,36,0.0,25,15000.0,30863.199999999975,151200.0,69900.0,0.0,266963.19999999995,0.9153650563022158,0.9013698630136986,0
BLD-BAG-03,baseline,44,5404.0,5040.0,364.0,29,0.0,25,15000.0,30010.399999999987,151200.0,54600.0,0.0,250810.4,0.9326424870466321,0.9205479452054794,0
BLD-BAG-03,baseline,45,5361.0,4956.0,405.0,31,0.0,25,15000.0,33423.2,151200.0,60750.0,0.0,260373.2,0.9244543928371572,0.915068493150685,0
BLD-BAG-03,baseline,46,5404.0,5020.0,384.0,29,0.0,25,15000.0,30877.6,157500.0,57600.0,0.0,260977.6,0.9289415247964471,0.9205479452054794,0
BLD-BAG-03,baseline,47,5421.0,5014.0,407.0,30,0.0,25,15000.0,29292.800000000017,151200.0,61050.0,0.0,256542.80000000002,0.924921601180594,0.9178082191780822,0
BLD-BAG-03,baseline,48,5308.0,4861.0,447.0,34,0.0,24,14400.0,30585.600000000002,151200.0,67050.0,0.0,263235.6,0.9157874905802562,0.9068493150684931,0
BLD-BAG-03,baseline,49,5460.0,4951.0,509.0,36,0.0,25,15000.0,29781.60000000002,151200.0,76350.0,0.0,272331.60000000003,0.9067765567765568,0.9013698630136986,0
BLD-BAG-03,baseline,50,5468.0,4956.0,512.0,36,0.0,25,15000.0,29868.800000000007,151200.0,76800.0,0.0,272868.8,0.9063643013899049,0.9013698630136986,0
BLD-BAG-03,baseline,51,5378.0,5116.0,262.0,20,0.0,25,15000.0,32494.39999999998,157500.0,39300.0,0.0,244294.39999999997,0.951283004834511,0.9452054794520548,0
BLD-BAG-03,baseline,52,5257.0,4827.0,430.0,35,0.0,24,14400.0,31839.99999999999,151200.0,64500.0,0.0,261940.0,0.9182042990298649,0.904109589041096,0
BLD-BAG-03,baseline,53,5515.0,5060.0,455.0,34,0.0,25,15000.0,29979.199999999993,157500.0,68250.0,0.0,270729.2,0.9174977334542158,0.9068493150684931,0
BLD-BAG-03,baseline,54,5408.0,5040.0,368.0,30,0.0,25,15000.0,30606.4,151200.0,55200.0,0.0,252006.4,0.9319526627218935,0.9178082191780822,0
BLD-BAG-03,baseline,55,5577.0,5172.0,405.0,29,0.0,26,15600.0,30059.20000000001,157500.0,60750.0,0.0,263909.2,0.9273803119956966,0.9205479452054794,0
BLD-BAG-03,baseline,56,5464.0,5007.0,457.0,39,0.0,25,15000.0,27632.000000000015,151200.0,68550.0,0.0,262382.0,0.9163616398243045,0.8931506849315068,0
BLD-BAG-03,baseline,57,5327.0,4930.0,397.0,32,0.0,24,14400.0,29492.000000000007,151200.0,59550.0,0.0,254642.0,0.9254740003754458,0.9123287671232877,0
BLD-BAG-03,baseline,58,5404.0,5040.0,364.0,35,0.0,25,15000.0,29583.999999999975,151200.0,54600.0,0.0,250383.99999999997,0.9326424870466321,0.904109589041096,0
BLD-BAG-03,baseline,59,5444.0,4942.0,502.0,41,0.0,25,15000.0,28214.400000000016,151200.0,75300.0,0.0,269714.4,0.9077883908890522,0.8876712328767123,0
BLD-BAG-03,baseline,60,5538.0,5041.0,497.0,38,0.0,25,15000.0,30460.80000000001,157500.0,74550.0,0.0,277510.80000000005,0.9102564102564102,0.8958904109589041,0
BLD-BAG-03,baseline,61,5365.0,5059.0,306.0,26,0.0,25,15000.0,31039.2,157500.0,45900.0,0.0,249439.2,0.9429636533084809,0.9287671232876712,0
BLD-BAG-03,baseline,62,5444.0,5024.0,420.0,32,0.0,25,15000.0,30463.999999999985,157500.0,63000.0,0.0,265964.0,0.922850844966936,0.9123287671232877,0
BLD-BAG-03,baseline,63,5480.0,5040.0,440.0,32,0.0,25,15000.0,29715.199999999997,151200.0,66000.0,0.0,261915.2,0.9197080291970803,0.9123287671232877,0
BLD-BAG-03,baseline,64,5551.0,4991.0,560.0,41,0.0,25,15000.0,31653.60000000001,151200.0,84000.0,0.0,281853.6,0.8991172761664565,0.8876712328767123,0
BLD-BAG-03,baseline,65,5656.0,5050.0,606.0,45,0.0,25,15000.0,28856.000000000007,157500.0,90900.0,0.0,292256.0,0.8928571428571429,0.8767123287671232,0
BLD-BAG-03,baseline,66,5411.0,4664.0,747.0,50,0.0,23,13800.0,29571.199999999983,144900.0,112050.0,0.0,300321.19999999995,0.861947883940122,0.863013698630137,0
BLD-BAG-03,baseline,67,5302.0,4934.0,368.0,29,0.0,24,14400.0,34637.60000000001,151200.0,55200.0,0.0,255437.6,0.930592229347416,0.9205479452054794,0
BLD-BAG-03,baseline,68,5274.0,4935.0,339.0,23,0.0,25,15000.0,28774.40000000003,151200.0,50850.0,0.0,245824.40000000002,0.9357224118316269,0.936986301369863,0
BLD-BAG-03,baseline,69,5480.0,4896.0,584.0,45,0.0,24,14400.0,27726.399999999998,151200.0,87600.0,0.0,280926.4,0.8934306569343066,0.8767123287671232,0
BLD-BAG-03,baseline,70,5448.0,5203.0,245.0,20,0.0,26,15600.0,32984.8,157500.0,36750.0,0.0,242834.8,0.955029368575624,0.9452054794520548,0
BLD-BAG-03,baseline,71,5457.0,5040.0,417.0,30,0.0,25,15000.0,31597.599999999988,151200.0,62550.0,0.0,260347.59999999998,0.9235843870258383,0.9178082191780822,0
BLD-BAG-03,baseline,72,5682.0,5135.0,547.0,40,0.0,25,15000.0,31345.600000000002,157500.0,82050.0,0.0,285895.6,0.9037310806054206,0.8904109589041096,0
BLD-BAG-03,baseline,73,5641.0,5040.0,601.0,45,0.0,25,15000.0,29183.2,151200.0,90150.0,0.0,285533.2,0.8934586066300302,0.8767123287671232,0
BLD-BAG-03,baseline,74,5487.0,4968.0,519.0,38,0.0,25,15000.0,29146.39999999998,151200.0,77850.0,0.0,273196.39999999997,0.9054127938764353,0.8958904109589041,0
BLD-BAG-03,baseline,75,5347.0,4990.0,357.0,28,0.0,25,15000.0,31446.399999999972,157500.0,53550.0,0.0,257496.39999999997,0.933233588928371,0.9232876712328767,0
BLD-BAG-03,baseline,76,5465.0,4947.0,518.0,37,0.0,25,15000.0,32370.400000000012,151200.0,77700.0,0.0,276270.4,0.9052150045745654,0.8986301369863013,0
BLD-BAG-03,baseline,77,5602.0,4830.0,772.0,58,0.0,24,14400.0,25807.999999999978,144900.0,115800.0,0.0,300908.0,0.8621920742591932,0.8410958904109589,0
BLD-BAG-03,baseline,78,5509.0,5040.0,469.0,37,0.0,25,15000.0,29284.80000000001,151200.0,70350.0,0.0,265834.80000000005,0.9148665819567979,0.8986301369863013,0
BLD-BAG-03,baseline,79,5446.0,5124.0,322.0,28,0.0,25,15000.0,30587.200000000023,157500.0,48300.0,0.0,251387.2,0.9408740359897172,0.9232876712328767,0
BLD-BAG-03,baseline,80,5347.0,4952.0,395.0,29,0.0,25,15000.0,34208.799999999996,151200.0,59250.0,0.0,259658.8,0.9261268000748083,0.9205479452054794,0
BLD-BAG-03,baseline,81,5247.0,4710.0,537.0,39,0.0,23,13800.0,28260.00000000002,144900.0,80550.0,0.0,267510.0,0.8976558033161807,0.8931506849315068,0
BLD-BAG-03,baseline,82,5417.0,4962.0,455.0,35,0.0,25,15000.0,30238.4,151200.0,68250.0,0.0,264688.4,0.9160051689126822,0.904109589041096,0
BLD-BAG-03,baseline,83,5571.0,5174.0,397.0,32,0.0,26,15600.0,33304.000000000015,157500.0,59550.0,0.0,265954.0,0.9287381080595943,0.9123287671232877,0
BLD-BAG-03,baseline,84,5397.0,4945.0,452.0,36,0.0,25,15000.0,28915.19999999999,151200.0,67800.0,0.0,262915.19999999995,0.9162497683898462,0.9013698630136986,0
BLD-BAG-03,baseline,85,5620.0,5066.0,554.0,38,0.0,25,15000.0,27279.2,157500.0,83100.0,0.0,282879.2,0.901423487544484,0.8958904109589041,0
BLD-BAG-03,baseline,86,5394.0,4823.0,571.0,47,0.0,24,14400.0,27024.8,151200.0,85650.0,0.0,278274.8,0.8941416388579904,0.8712328767123287,0
BLD-BAG-03,baseline,87,5483.0,5166.0,317.0,26,0.0,26,15600.0,32219.99999999998,157500.0,47550.0,0.0,252870.0,0.9421849352544227,0.9287671232876712,0
BLD-BAG-03,baseline,88,5472.0,5042.0,430.0,32,0.0,25,15000.0,29105.600000000002,157500.0,64500.0,0.0,266105.6,0.9214181286549707,0.9123287671232877,0
BLD-BAG-03,baseline,89,5282.0,4939.0,343.0,24,0.0,25,15000.0,31430.4,151200.0,51450.0,0.0,249080.4,0.9350624763347217,0.9342465753424658,0
BLD-BAG-03,baseline,90,5371.0,4916.0,455.0,35,0.0,24,14400.0,29332.79999999999,151200.0,68250.0,0.0,263182.8,0.9152857940793149,0.904109589041096,0
BLD-BAG-03,baseline,91,5473.0,5101.0,372.0,30,0.0,25,15000.0,29497.599999999984,157500.0,55800.0,0.0,257797.59999999998,0.9320299652841221,0.9178082191780822,0
BLD-BAG-03,baseline,92,5274.0,4783.0,491.0,41,0.0,24,14400.0,29443.200000000004,144900.0,73650.0,0.0,262393.2,0.9069017823284035,0.8876712328767123,0
BLD-BAG-03,baseline,93,5601.0,5207.0,394.0,30,0.0,26,15600.0,29757.60000000003,157500.0,59100.0,0.0,261957.60000000003,0.9296554186752366,0.9178082191780822,0
BLD-BAG-03,baseline,94,5460.0,5119.0,341.0,23,0.0,25,15000.0,33040.00000000003,157500.0,51150.0,0.0,256690.00000000003,0.9375457875457875,0.936986301369863,0
BLD-BAG-03,baseline,95,5425.0,5098.0,327.0,27,0.0,25,15000.0,31593.599999999988,157500.0,49050.0,0.0,253143.59999999998,0.9397235023041475,0.9260273972602739,0
BLD-BAG-03,baseline,96,5569.0,5157.0,412.0,29,0.0,26,15600.0,33248.0,157500.0,61800.0,0.0,268148.0,0.9260190339378703,0.9205479452054794,0
BLD-BAG-03,baseline,97,5407.0,5064.0,343.0,28,0.0,25,15000.0,32806.40000000001,157500.0,51450.0,0.0,256756.40000000002,0.9365637137044572,0.9232876712328767,0
BLD-BAG-03,baseline,98,5387.0,4649.0,738.0,57,0.0,23,13800.0,26181.59999999999,141750.0,110700.0,0.0,292431.6,0.8630035270094673,0.8438356164383561,0
BLD-BAG-03,baseline,99,5480.0,5046.0,434.0,34,0.0,25,15000.0,30073.599999999977,157500.0,65100.0,0.0,267673.6,0.9208029197080292,0.9068493150684931,0
BLD-BAG-03,baseline,100,5527.0,4922.0,605.0,47,0.0,24,14400.0,28769.59999999998,151200.0,90750.0,0.0,285119.6,0.8905373620408902,0.8712328767123287,0
BLD-BAG-03,baseline,101,5595.0,5093.0,502.0,37,0.0,25,15000.0,31143.99999999998,157500.0,75300.0,0.0,278944.0,0.9102770330652368,0.8986301369863013,0
BLD-BAG-03,baseline,102,5485.0,5033.0,452.0,30,0.0,25,15000.0,30478.40000000001,157500.0,67800.0,0.0,270778.4,0.9175934366453965,0.9178082191780822,0
BLD-BAG-03,baseline,103,5451.0,4930.0,521.0,36,0.0,24,14400.0,30558.399999999994,151200.0,78150.0,0.0,274308.4,0.90442120711796,0.9013698630136986,0
BLD-BAG-03,baseline,104,5420.0,4982.0,438.0,35,0.0,25,15000.0,30847.99999999999,151200.0,65700.0,0.0,262748.0,0.9191881918819188,0.904109589041096,0
BLD-BAG-03,baseline,105,5528.0,5089.0,439.0,30,0.0,25,15000.0,29181.59999999998,157500.0,65850.0,0.0,267531.6,0.9205861070911722,0.9178082191780822,0
BLD-BAG-03,baseline,106,5399.0,4908.0,491.0,36,0.0,24,14400.0,31473.599999999962,151200.0,73650.0,0.0,270723.6,0.9090572328208928,0.9013698630136986,0
BLD-BAG-03,baseline,107,5434.0,5085.0,349.0,28,0.0,25,15000.0,30911.999999999967,157500.0,52350.0,0.0,255761.99999999997,0.9357747515642253,0.9232876712328767,0
BLD-BAG-03,baseline,108,5448.0,5056.0,392.0,30,0.0,25,15000.0,32852.0,157500.0,58800.0,0.0,264152.0,0.9280469897209985,0.9178082191780822,0
BLD-BAG-03,baseline,109,5696.0,5285.0,411.0,30,0.0,26,15600.0,33021.600000000006,163800.0,61650.0,0.0,274071.6,0.9278441011235955,0.9178082191780822,0
BLD-BAG-03,baseline,110,5551.0,5349.0,202.0,19,0.0,26,15600.0,31098.40000000002,163800.0,30300.0,0.0,240798.40000000002,0.9636101603314718,0.947945205479452,0
BLD-BAG-03,baseline,111,5457.0,4943.0,514.0,35,0.0,25,15000.0,32594.39999999999,151200.0,77100.0,0.0,275894.4,0.9058090525929998,0.904109589041096,0
BLD-BAG-03,baseline,112,5405.0,4899.0,506.0,37,0.0,24,14400.0,29364.800000000014,148050.0,75900.0,0.0,267714.80000000005,0.9063829787234042,0.8986301369863013,0
BLD-BAG-03,baseline,113,5504.0,5048.0,456.0,33,0.0,25,15000.0,29860.799999999996,154350.0,68400.0,0.0,267610.8,0.9171511627906976,0.9095890410958904,0
BLD-BAG-03,baseline,114,5458.0,4996.0,462.0,35,0.0,25,15000.0,30745.600000000013,154350.0,69300.0,0.0,269395.6,0.9153536093807255,0.904109589041096,0
BLD-BAG-03,baseline,115,5503.0,4845.0,658.0,55,0.0,24,14400.0,28228.800000000003,151200.0,98700.0,0.0,292528.8,0.8804288569870979,0.8493150684931507,0
BLD-BAG-03,baseline,116,5485.0,4865.0,620.0,44,0.0,24,14400.0,33624.80000000001,151200.0,93000.0,0.0,292224.80000000005,0.886964448495898,0.8794520547945206,0
BLD-BAG-03,baseline,117,5611.0,5228.0,383.0,31,0.0,26,15600.0,31165.6,160650.0,57450.0,0.0,264865.6,0.9317412225984673,0.915068493150685,0
BLD-BAG-03,baseline,118,5411.0,4909.0,502.0,40,0.0,24,14400.0,28467.2,148050.0,75300.0,0.0,266217.2,0.9072260210681944,0.8904109589041096,0
BLD-BAG-03,baseline,119,5422.0,4963.0,459.0,36,0.0,25,15000.0,29879.200000000033,151200.0,68850.0,0.0,264929.20000000007,0.9153448911840649,0.9013698630136986,0
BLD-BAG-03,baseline,120,5419.0,4959.0,460.0,38,0.0,25,15000.0,28813.600000000002,151200.0,69000.0,0.0,264013.6,0.9151134895737221,0.8958904109589041,0
BLD-BAG-03,baseline,121,5562.0,5039.0,523.0,34,0.0,25,15000.0,31531.999999999978,154350.0,78450.0,0.0,279332.0,0.9059690758719885,0.9068493150684931,0
BLD-BAG-03,baseline,122,5328.0,4873.0,455.0,37,0.0,24,14400.0,28971.99999999997,151200.0,68250.0,0.0,262822.0,0.9146021021021021,0.8986301369863013,0
BLD-BAG-03,baseline,123,5593.0,4986.0,607.0,39,0.0,25,15000.0,32911.99999999999,151200.0,91050.0,0.0,290162.0,0.8914714822099052,0.8931506849315068,0
BLD-BAG-03,baseline,124,5360.0,4853.0,507.0,40,0.0,24,14400.0,34037.60000000001,151200.0,76050.0,0.0,275687.6,0.9054104477611941,0.8904109589041096,0
BLD-BAG-03,baseline,125,5494.0,4928.0,566.0,43,0.0,24,14400.0,29240.799999999992,151200.0,84900.0,0.0,279740.8,0.8969785220240262,0.8821917808219178,0
BLD-BAG-03,baseline,126,5515.0,5246.0,269.0,20,0.0,26,15600.0,30372.8,157500.0,40350.0,0.0,243822.8,0.9512239347234814,0.9452054794520548,0
BLD-BAG-03,baseline,127,5454.0,5007.0,447.0,33,0.0,25,15000.0,30052.000000000004,151200.0,67050.0,0.0,263302.0,0.918041804180418,0.9095890410958904,0
BLD-BAG-03,baseline,128,5431.0,4875.0,556.0,43,0.0,24,14400.0,25312.0,151200.0,83400.0,0.0,274312.0,0.8976247468237893,0.8821917808219178,0
BLD-BAG-03,baseline,129,5386.0,4982.0,404.0,29,0.0,25,15000.0,31439.99999999997,151200.0,60600.0,0.0,258239.99999999997,0.9249907166728556,0.9205479452054794,0
BLD-BAG-03,baseline,130,5579.0,5135.0,444.0,34,0.0,25,15000.0,32522.39999999999,157500.0,66600.0,0.0,271622.4,0.9204158451335365,0.9068493150684931,0
BLD-BAG-03,baseline,131,5578.0,5144.0,434.0,34,0.0,25,15000.0,29031.20000000002,157500.0,65100.0,0.0,266631.2,0.9221943348870563,0.9068493150684931,0
BLD-BAG-03,baseline,132,5465.0,4867.0,598.0,47,0.0,24,14400.0,28640.799999999974,151200.0,89700.0,0.0,283940.8,0.8905763952424519,0.8712328767123287,0
BLD-BAG-03,baseline,133,5567.0,5040.0,527.0,38,0.0,25,15000.0,30372.799999999985,151200.0,79050.0,0.0,275622.8,0.9053350098796479,0.8958904109589041,0
BLD-BAG-03,baseline,134,5394.0,4786.0,608.0,42,0.0,24,14400.0,30446.39999999999,148050.0,91200.0,0.0,284096.4,0.8872821653689285,0.8849315068493151,0
BLD-BAG-03,baseline,135,5394.0,5057.0,337.0,22,0.0,25,15000.0,33900.000000000015,157500.0,50550.0,0.0,256950.0,0.9375231738969225,0.9397260273972603,0
BLD-BAG-03,baseline,136,5377.0,4899.0,478.0,37,0.0,24,14400.0,30349.600000000002,151200.0,71700.0,0.0,267649.6,0.9111028454528548,0.8986301369863013,0
BLD-BAG-03,baseline,137,5411.0,5040.0,371.0,27,0.0,25,15000.0,32094.399999999987,151200.0,55650.0,0.0,253944.4,0.9314359637774903,0.9260273972602739,0
BLD-BAG-03,baseline,138,5343.0,4844.0,499.0,38,0.0,24,14400.0,31112.799999999996,151200.0,74850.0,0.0,271562.8,0.906606775219914,0.8958904109589041,0
BLD-BAG-03,baseline,139,5584.0,5319.0,265.0,22,0.0,26,15600.0,32454.399999999994,163800.0,39750.0,0.0,251604.4,0.9525429799426934,0.9397260273972603,0
BLD-BAG-03,baseline,140,5562.0,5055.0,507.0,42,0.0,25,15000.0,30202.399999999987,157500.0,76050.0,0.0,278752.4,0.9088457389428263,0.8849315068493151,0
BLD-BAG-03,baseline,141,5414.0,4904.0,510.0,43,0.0,24,14400.0,31458.400000000027,151200.0,76500.0,0.0,273558.4,0.9057997783524196,0.8821917808219178,0
BLD-BAG-03,baseline,142,5370.0,5041.0,329.0,25,0.0,25,15000.0,32916.799999999974,157500.0,49350.0,0.0,254766.8,0.9387337057728119,0.9315068493150684,0
BLD-BAG-03,baseline,143,5621.0,5161.0,460.0,33,0.0,26,15600.0,28464.80000000002,157500.0,69000.0,0.0,270564.80000000005,0.9181640277530688,0.9095890410958904,0
BLD-BAG-03,baseline,144,5329.0,4873.0,456.0,33,0.0,24,14400.0,32066.400000000016,151200.0,68400.0,0.0,266066.4,0.9144304747607431,0.9095890410958904,0
BLD-BAG-03,baseline,145,5451.0,5005.0,446.0,33,0.0,25,15000.0,31020.0,151200.0,66900.0,0.0,264120.0,0.9181801504311136,0.9095890410958904,0
BLD-BAG-03,baseline,146,5413.0,5054.0,359.0,28,0.0,25,15000.0,29607.999999999985,157500.0,53850.0,0.0,255958.0,0.9336781821540735,0.9232876712328767,0
BLD-BAG-03,baseline,147,5416.0,5084.0,332.0,27,0.0,25,15000.0,33580.80000000004,157500.0,49800.0,0.0,255880.80000000005,0.9387001477104875,0.9260273972602739,0
BLD-BAG-03,baseline,148,5525.0,5150.0,375.0,29,0.0,26,15600.0,27590.400000000005,157500.0,56250.0,0.0,256940.40000000002,0.9321266968325792,0.9205479452054794,0
BLD-BAG-03,baseline,149,5582.0,5134.0,448.0,31,0.0,25,15000.0,30616.000000000004,157500.0,67200.0,0.0,270316.0,0.9197420279469725,0.915068493150685,0
BLD-BAG-03,baseline,150,5337.0,5040.0,297.0,26,0.0,25,15000.0,32544.800000000025,151200.0,44550.0,0.0,243294.80000000002,0.9443507588532883,0.9287671232876712,0
BLD-BAG-03,baseline,151,5326.0,4985.0,341.0,26,0.0,25,15000.0,30595.999999999985,151200.0,51150.0,0.0,247946.0,0.9359744648892226,0.9287671232876712,0
BLD-BAG-03,baseline,152,5401.0,4976.0,425.0,37,0.0,25,15000.0,29312.8,151200.0,63750.0,0.0,259262.8,0.9213108683577116,0.8986301369863013,0
BLD-BAG-03,baseline,153,5421.0,4867.0,554.0,44,0.0,24,14400.0,28936.8,151200.0,83100.0,0.0,277636.8,0.8978048330566316,0.8794520547945206,0
BLD-BAG-03,baseline,154,5457.0,4883.0,574.0,43,0.0,24,14400.0,28890.400000000005,151200.0,86100.0,0.0,280590.4,0.8948140003665017,0.8821917808219178,0
BLD-BAG-03,baseline,155,5478.0,5160.0,318.0,27,0.0,26,15600.0,30362.400000000023,157500.0,47700.0,0.0,251162.40000000002,0.9419496166484118,0.9260273972602739,0
BLD-BAG-03,baseline,156,5349.0,4986.0,363.0,27,0.0,25,15000.0,33331.99999999999,151200.0,54450.0,0.0,253982.0,0.9321368480089737,0.9260273972602739,0
BLD-BAG-03,baseline,157,5484.0,4987.0,497.0,41,0.0,25,15000.0,30090.399999999987,151200.0,74550.0,0.0,270840.4,0.9093727206418672,0.8876712328767123,0
BLD-BAG-03,baseline,158,5573.0,5270.0,303.0,22,0.0,26,15600.0,31591.200000000026,163800.0,45450.0,0.0,256441.2,0.9456307195406424,0.9397260273972603,0
BLD-BAG-03,baseline,159,5572.0,4760.0,812.0,57,0.0,24,14400.0,26264.0,144900.0,121800.0,0.0,307364.0,0.8542713567839196,0.8438356164383561,0
BLD-BAG-03,baseline,160,5563.0,5011.0,552.0,42,0.0,25,15000.0,29477.599999999988,154350.0,82800.0,0.0,281627.6,0.9007729642279345,0.8849315068493151,0
BLD-BAG-03,baseline,161,5618.0,5241.0,377.0,28,0.0,26,15600.0,32974.39999999998,157500.0,56550.0,0.0,262624.39999999997,0.9328942684229263,0.9232876712328767,0
BLD-BAG-03,baseline,162,5512.0,5095.0,417.0,34,0.0,25,15000.0,31464.800000000014,157500.0,62550.0,0.0,266514.80000000005,0.9243468795355588,0.9068493150684931,0
BLD-BAG-03,baseline,163,5452.0,5040.0,412.0,33,0.0,25,15000.0,29297.600000000002,151200.0,61800.0,0.0,257297.6,0.9244314013206163,0.9095890410958904,0
BLD-BAG-03,baseline,164,5485.0,5083.0,402.0,29,0.0,25,15000.0,28912.0,154350.0,60300.0,0.0,258562.0,0.9267092069279854,0.9205479452054794,0
BLD-BAG-03,baseline,165,5423.0,5065.0,358.0,27,0.0,25,15000.0,30982.399999999983,157500.0,53700.0,0.0,257182.39999999997,0.933984879218145,0.9260273972602739,0
BLD-BAG-03,baseline,166,5511.0,5211.0,300.0,23,0.0,26,15600.0,31613.600000000006,157500.0,45000.0,0.0,249713.6,0.9455634186173109,0.936986301369863,0
BLD-BAG-03,baseline,167,5574.0,5208.0,366.0,28,0.0,26,15600.0,35663.200000000004,157500.0,54900.0,0.0,263663.2,0.9343379978471474,0.9232876712328767,0
BLD-BAG-03,baseline,168,5501.0,5226.0,275.0,25,0.0,26,15600.0,31350.39999999999,157500.0,41250.0,0.0,245700.4,0.9500090892564989,0.9315068493150684,0
BLD-BAG-03,baseline,169,5365.0,4931.0,434.0,33,0.0,24,14400.0,35421.600000000006,151200.0,65100.0,0.0,266121.6,0.9191053122087605,0.9095890410958904,0
BLD-BAG-03,baseline,170,5541.0,5120.0,421.0,31,0.0,25,15000.0,33187.999999999985,157500.0,63150.0,0.0,268838.0,0.9240209348493051,0.915068493150685,0
BLD-BAG-03,baseline,171,5496.0,5040.0,456.0,32,0.0,25,15000.0,31394.399999999998,151200.0,68400.0,0.0,265994.4,0.9170305676855895,0.9123287671232877,0
BLD-BAG-03,baseline,172,5324.0,4745.0,579.0,46,0.0,24,14400.0,26843.999999999996,144900.0,86850.0,0.0,272994.0,0.8912471825694966,0.873972602739726,0
BLD-BAG-03,baseline,173,5569.0,4936.0,633.0,45,0.0,25,15000.0,28776.799999999977,151200.0,94950.0,0.0,289926.8,0.8863350691326989,0.8767123287671232,0
BLD-BAG-03,baseline,174,5453.0,5119.0,334.0,28,0.0,25,15000.0,34144.799999999974,157500.0,50100.0,0.0,256744.8,0.9387493123051531,0.9232876712328767,0
BLD-BAG-03,baseline,175,5485.0,4949.0,536.0,39,0.0,25,15000.0,29368.000000000022,151200.0,80400.0,0.0,275968.0,0.9022789425706472,0.8931506849315068,0
BLD-BAG-03,baseline,176,5560.0,4690.0,870.0,58,0.0,23,13800.0,26664.799999999992,144900.0,130500.0,0.0,315864.8,0.8435251798561151,0.8410958904109589,0
BLD-BAG-03,baseline,177,5352.0,5203.0,149.0,10,0.0,26,15600.0,37641.59999999997,157500.0,22350.0,0.0,233091.59999999998,0.9721599402092675,0.9726027397260274,0
BLD-BAG-03,baseline,178,5545.0,5071.0,474.0,36,0.0,25,15000.0,31573.6,157500.0,71100.0,0.0,275173.6,0.9145175834084761,0.9013698630136986,0
BLD-BAG-03,baseline,179,5448.0,5079.0,369.0,27,0.0,25,15000.0,29900.000000000004,154350.0,55350.0,0.0,254600.0,0.9322687224669604,0.9260273972602739,0
BLD-BAG-03,baseline,180,5587.0,5207.0,380.0,32,0.0,26,15600.0,31025.60000000001,157500.0,57000.0,0.0,261125.6,0.9319849650975479,0.9123287671232877,0
BLD-BAG-03,baseline,181,5532.0,5163.0,369.0,28,0.0,26,15600.0,29993.600000000006,157500.0,55350.0,0.0,258443.6,0.9332971800433839,0.9232876712328767,0
BLD-BAG-03,baseline,182,5278.0,4925.0,353.0,28,0.0,24,14400.0,33657.60000000001,151200.0,52950.0,0.0,252207.6,0.9331186055323987,0.9232876712328767,0
BLD-BAG-03,baseline,183,5467.0,5077.0,390.0,32,0.0,25,15000.0,30348.800000000007,157500.0,58500.0,0.0,261348.8,0.9286628864093652,0.9123287671232877,0
BLD-BAG-03,baseline,184,5439.0,4830.0,609.0,48,0.0,24,14400.0,25956.00000000002,144900.0,91350.0,0.0,276606.0,0.888030888030888,0.8684931506849315,0
BLD-BAG-03,baseline,185,5518.0,5109.0,409.0,30,0.0,25,15000.0,33643.99999999999,157500.0,61350.0,0.0,267494.0,0.9258789416455238,0.9178082191780822,0
BLD-BAG-03,baseline,186,5520.0,5118.0,402.0,33,0.0,25,15000.0,31883.199999999975,157500.0,60300.0,0.0,264683.19999999995,0.9271739130434783,0.9095890410958904,0
BLD-BAG-03,baseline,187,5211.0,4917.0,294.0,21,0.0,24,14400.0,32504.799999999985,151200.0,44100.0,0.0,242204.8,0.943580886586068,0.9424657534246575,0
BLD-BAG-03,baseline,188,5439.0,5056.0,383.0,32,0.0,25,15000.0,32042.400000000005,157500.0,57450.0,0.0,261992.40000000002,0.9295826438683582,0.9123287671232877,0
BLD-BAG-03,baseline,189,5245.0,4919.0,326.0,28,0.0,24,14400.0,33411.19999999999,151200.0,48900.0,0.0,247911.19999999998,0.9378455672068636,0.9232876712328767,0
BLD-BAG-03,baseline,190,5613.0,5042.0,571.0,41,0.0,25,15000.0,29412.000000000015,157500.0,85650.0,0.0,287562.0,0.898271868875824,0.8876712328767123,0
BLD-BAG-03,baseline,191,5632.0,5265.0,367.0,29,0.0,26,15600.0,30112.8,163800.0,55050.0,0.0,264562.8,0.9348366477272727,0.9205479452054794,0
BLD-BAG-03,baseline,192,5640.0,4984.0,656.0,47,0.0,25,15000.0,27981.600000000017,157500.0,98400.0,0.0,298881.60000000003,0.8836879432624114,0.8712328767123287,0
BLD-BAG-03,baseline,193,5431.0,5125.0,306.0,26,0.0,25,15000.0,30623.999999999996,157500.0,45900.0,0.0,249024.0,0.9436567851224452,0.9287671232876712,0
BLD-BAG-03,baseline,194,5438.0,4891.0,547.0,40,0.0,24,14400.0,28355.199999999993,151200.0,82050.0,0.0,276005.2,0.8994115483633689,0.8904109589041096,0
BLD-BAG-03,baseline,195,5615.0,5427.0,188.0,15,0.0,27,16200.0,31163.999999999996,163800.0,28200.0,0.0,239364.0,0.9665182546749778,0.9589041095890412,0
BLD-BAG-03,baseline,196,5228.0,4739.0,489.0,41,0.0,24,14400.0,27707.199999999993,144900.0,73350.0,0.0,260357.2,0.9064651874521805,0.8876712328767123,0
BLD-BAG-03,baseline,197,5406.0,4813.0,593.0,44,0.0,24,14400.0,28244.799999999992,144900.0,88950.0,0.0,276494.8,0.8903070662227155,0.8794520547945206,0
BLD-BAG-03,baseline,198,5379.0,4812.0,567.0,41,0.0,24,14400.0,29657.599999999984,144900.0,85050.0,0.0,274007.6,0.894590072504183,0.8876712328767123,0
BLD-BAG-03,baseline,199,5516.0,4866.0,650.0,48,0.0,24,14400.0,29195.200000000004,151200.0,97500.0,0.0,292295.2,0.8821609862219,0.8684931506849315,0
BLD-BAG-03,probabilistic,0,5363.0,5269.1395589868325,93.86044101316753,7,0.0,34,20400.0,51630.27651631305,162878.37353920995,14079.06615197513,0.0,248987.71620749813,0.9824985192964446,0.9808219178082191,0
BLD-BAG-03,probabilistic,1,5568.0,5375.0,193.0,11,0.0,35,21000.0,56319.92310507083,167194.18676960497,28950.0,0.0,273464.1098746758,0.9653376436781609,0.9698630136986301,0
BLD-BAG-03,probabilistic,2,5478.0,5428.0,50.0,3,0.0,35,21000.0,60592.81628258659,169474.18676960497,7500.0,0.0,258567.00305219158,0.990872581234027,0.9917808219178083,0
BLD-BAG-03,probabilistic,3,5607.0,5528.0,79.0,6,0.0,35,21000.0,52977.681341018215,172714.18676960497,11850.0,0.0,258541.86811062318,0.9859104690565365,0.9835616438356164,0
BLD-BAG-03,probabilistic,4,5530.0,5393.0,137.0,8,0.0,35,21000.0,55267.85804663924,167884.18676960497,20550.0,0.0,264702.0448162442,0.9752260397830018,0.9780821917808219,0
BLD-BAG-03,probabilistic,5,5504.0,5352.1395589868325,151.86044101316753,11,0.0,35,21000.0,52004.201808471036,166208.37353920995,22779.06615197513,0.0,261991.6414996561,0.9724090768508054,0.9698630136986301,0
BLD-BAG-03,probabilistic,6,5522.0,5401.0,121.0,7,0.0,35,21000.0,55727.569693828715,168124.18676960497,18150.0,0.0,263001.7564634337,0.9780876494023905,0.9808219178082191,0
BLD-BAG-03,probabilistic,7,5616.0,5544.0,72.0,6,0.0,35,21000.0,57350.881341018205,173464.18676960497,10800.0,0.0,262615.06811062316,0.9871794871794872,0.9835616438356164,0
BLD-BAG-03,probabilistic,8,5538.0,5414.0,124.0,9,0.0,35,21000.0,54344.26728147615,171484.18676960497,18600.0,0.0,265428.4540510811,0.977609245214879,0.9753424657534246,0
BLD-BAG-03,probabilistic,9,5513.0,5333.1395589868325,179.86044101316753,14,0.0,34,20400.0,52479.97851409208,168368.37353920995,26979.06615197513,0.0,268227.4182052772,0.9673752147627123,0.9616438356164384,0
BLD-BAG-03,probabilistic,10,5588.0,5407.279117973665,180.72088202633506,14,0.0,35,21000.0,50365.75521971315,168342.56030881492,27108.13230395026,0.0,266816.4478324783,0.9676591120210567,0.9616438356164384,0
BLD-BAG-03,probabilistic,11,5279.0,5221.0,58.0,4,0.0,34,20400.0,60540.825517423465,162454.18676960497,8700.0,0.0,252095.01228702842,0.9890130706573215,0.989041095890411,0
BLD-BAG-03,probabilistic,12,5508.0,5396.0,112.0,9,0.0,35,21000.0,56256.14639944972,168334.18676960497,16800.0,0.0,262390.3331690547,0.9796659404502541,0.9753424657534246,0
BLD-BAG-03,probabilistic,13,5533.0,5407.0,126.0,10,0.0,35,21000.0,51308.434752260386,166099.18676960497,18900.0,0.0,257307.62152186537,0.9772275438279414,0.9726027397260274,0
BLD-BAG-03,probabilistic,14,5353.0,5249.0,104.0,8,0.0,33,19800.0,56700.77892866563,164554.18676960497,15600.0,0.0,256654.9656982706,0.9805716420698674,0.9780821917808219,0
BLD-BAG-03,probabilistic,15,5272.0,5169.0,103.0,7,0.0,33,19800.0,59455.96969382869,162454.18676960497,15450.0,0.0,257160.15646343367,0.9804628224582701,0.9808219178082191,0
BLD-BAG-03,probabilistic,16,5550.0,5472.0,78.0,6,0.0,35,21000.0,57756.881341018205,168364.18676960497,11700.0,0.0,258821.06811062316,0.985945945945946,0.9835616438356164,0
BLD-BAG-03,probabilistic,17,5415.0,5328.0,87.0,6,0.0,34,20400.0,57861.6813410182,164674.18676960497,13050.0,0.0,255985.86811062318,0.9839335180055402,0.9835616438356164,0
BLD-BAG-03,probabilistic,18,5314.0,5253.0,61.0,5,0.0,34,20400.0,55955.79298820765,162994.18676960497,9150.0,0.0,248499.97975781263,0.9885208882197968,0.9863013698630136,0
BLD-BAG-03,probabilistic,19,5436.0,5311.1395589868325,124.86044101316753,9,0.0,34,20400.0,47748.12751520261,166388.37353920995,18729.06615197513,0.0,253265.5672063877,0.9770308239490126,0.9753424657534246,0
BLD-BAG-03,probabilistic,20,5414.0,5332.0,82.0,5,0.0,34,20400.0,55964.59298820765,162424.18676960497,12300.0,0.0,251088.77975781262,0.9848540820096048,0.9863013698630136,0
BLD-BAG-03,probabilistic,21,5644.0,5624.0,20.0,1,0.0,36,21600.0,56463.83957696549,178474.18676960497,3000.0,0.0,259538.02634657046,0.9964564138908576,0.9972602739726028,0
BLD-BAG-03,probabilistic,22,5346.0,5287.0,59.0,6,0.0,34,20400.0,60563.68134101818,167704.18676960497,8850.0,0.0,257517.86811062315,0.9889637111859334,0.9835616438356164,0
BLD-BAG-03,probabilistic,23,5746.0,5600.0,146.0,9,0.0,36,21600.0,57087.74639944982,174094.18676960497,21900.0,0.0,274681.9331690548,0.9745910198398886,0.9753424657534246,0
BLD-BAG-03,probabilistic,24,5509.0,5415.0,94.0,7,0.0,35,21000.0,58298.769693828704,167584.18676960497,14100.0,0.0,260982.9564634337,0.9829370121619169,0.9808219178082191,0
BLD-BAG-03,probabilistic,25,5533.0,5455.0,78.0,5,0.0,35,21000.0,54256.19298820769,167374.18676960497,11700.0,0.0,254330.37975781265,0.9859027652268209,0.9863013698630136,0
BLD-BAG-03,probabilistic,26,5362.0,5294.0,68.0,5,0.0,34,20400.0,58179.39298820767,161944.18676960497,10200.0,0.0,250723.57975781264,0.9873181648638568,0.9863013698630136,0
BLD-BAG-03,probabilistic,27,5353.0,5300.0,53.0,4,0.0,34,20400.0,53831.22551742346,167764.18676960497,7950.0,0.0,249945.41228702845,0.9900990099009901,0.989041095890411,0
BLD-BAG-03,probabilistic,28,5621.0,5542.0,79.0,6,0.0,35,21000.0,52995.40222304451,170824.18676960497,11850.0,0.0,256669.5889926495,0.985945561288027,0.9835616438356164,0
BLD-BAG-03,probabilistic,29,5425.0,5326.0,99.0,6,0.0,35,21000.0,59618.881341018205,166354.18676960497,14850.0,0.0,261823.06811062316,0.9817511520737328,0.9835616438356164,0
BLD-BAG-03,probabilistic,30,5530.0,5398.0,132.0,8,0.0,35,21000.0,58174.37892866556,166684.18676960497,19800.0,0.0,265658.56569827057,0.9761301989150091,0.9780821917808219,0
BLD-BAG-03,probabilistic,31,5405.0,5298.1395589868325,106.86044101316753,7,0.0,34,20400.0,53510.527515202564,164123.37353920995,16029.06615197513,0.0,254062.96720638764,0.980229335612735,0.9808219178082191,0
BLD-BAG-03,probabilistic,32,5429.0,5308.0,121.0,9,0.0,34,20400.0,55036.94639944976,166834.18676960497,18150.0,0.0,260421.13316905472,0.977712285872168,0.9753424657534246,0
BLD-BAG-03,probabilistic,33,5538.0,5433.0,105.0,7,0.0,35,21000.0,53664.76969382877,169009.18676960497,15750.0,0.0,259423.95646343374,0.9810400866738895,0.9808219178082191,0
BLD-BAG-03,probabilistic,34,5386.0,5244.0,142.0,9,0.0,34,20400.0,54289.4672814762,163474.18676960497,21300.0,0.0,259463.65405108116,0.973635350909766,0.9753424657534246,0
BLD-BAG-03,probabilistic,35,5336.0,5159.0,177.0,10,0.0,34,20400.0,57604.95563428663,161524.18676960497,26550.0,0.0,266079.1424038916,0.9668290854572713,0.9726027397260274,0
BLD-BAG-03,probabilistic,36,5581.0,5509.0,72.0,5,0.0,35,21000.0,57304.59298820766,173434.18676960497,10800.0,0.0,262538.7797578126,0.9870990861852714,0.9863013698630136,0
BLD-BAG-03,probabilistic,37,5453.0,5306.0,147.0,9,0.0,34,20400.0,56602.546399449806,162604.18676960497,22050.0,0.0,261656.7331690548,0.9730423620025674,0.9753424657534246,0
BLD-BAG-03,probabilistic,38,5610.0,5474.0,136.0,9,0.0,35,21000.0,50873.34639944979,167134.18676960497,20400.0,0.0,259407.53316905478,0.9757575757575757,0.9753424657534246,0
BLD-BAG-03,probabilistic,39,5544.0,5497.0,47.0,3,0.0,36,21600.0,57240.0162825866,170584.18676960497,7050.0,0.0,256474.2030521916,0.9915223665223665,0.9917808219178083,0
BLD-BAG-03,probabilistic,40,5479.0,5324.0,155.0,9,0.0,34,20400.0,56698.94639944981,164104.18676960497,23250.0,0.0,264453.13316905475,0.9717101660887023,0.9753424657534246,0
BLD-BAG-03,probabilistic,41,5372.0,5206.0,166.0,10,0.0,33,19800.0,54690.83475226039,160489.18676960497,24900.0,0.0,259880.02152186536,0.9690990320178704,0.9726027397260274,0
BLD-BAG-03,probabilistic,42,5437.0,5358.0,79.0,5,0.0,35,21000.0,57991.11387023399,166654.18676960497,11850.0,0.0,257495.30063983897,0.9854699282692662,0.9863013698630136,0
BLD-BAG-03,probabilistic,43,5407.0,5353.1395589868325,53.86044101316753,4,0.0,34,20400.0,52564.90904552875,164873.37353920995,8079.066151975129,0.0,245917.34873671382,0.9900387569792551,0.989041095890411,0
BLD-BAG-03,probabilistic,44,5499.0,5482.0,17.0,2,0.0,35,21000.0,53169.327929776024,173734.18676960497,2550.0,0.0,250453.514699381,0.9969085288234224,0.9945205479452055,0
BLD-BAG-03,probabilistic,45,5323.0,5281.0,42.0,3,0.0,34,20400.0,57640.01628258661,166804.18676960497,6300.0,0.0,251144.2030521916,0.9921097125681007,0.9917808219178083,0
BLD-BAG-03,probabilistic,46,5465.0,5351.1395589868325,113.86044101316753,9,0.0,35,21000.0,54793.671691607786,167288.37353920995,17079.06615197513,0.0,260161.11138279288,0.9791655185703262,0.9753424657534246,0
BLD-BAG-03,probabilistic,47,5451.0,5306.0,145.0,10,0.0,34,20400.0,56076.83475226029,162724.18676960497,21750.0,0.0,260951.02152186527,0.9733993762612365,0.9726027397260274,0
BLD-BAG-03,probabilistic,48,5325.0,5250.0,75.0,5,0.0,34,20400.0,55051.79298820768,162574.18676960497,11250.0,0.0,249275.97975781266,0.9859154929577465,0.9863013698630136,0
BLD-BAG-03,probabilistic,49,5468.0,5289.1395589868325,178.86044101316753,13,0.0,34,20400.0,55946.87169160783,165728.37353920995,26829.06615197513,0.0,268904.3113827929,0.9672896047891062,0.9643835616438357,0
BLD-BAG-03,probabilistic,50,5518.0,5486.0,32.0,2,0.0,35,21000.0,53612.127929776034,171424.18676960497,4800.0,0.0,250836.314699381,0.9942007973903588,0.9945205479452055,0
BLD-BAG-03,probabilistic,51,5325.0,5216.0,109.0,6,0.0,34,20400.0,56651.281341018206,161524.18676960497,16350.0,0.0,254925.4681106232,0.9795305164319249,0.9835616438356164,0
BLD-BAG-03,probabilistic,52,5268.0,5158.0,110.0,10,0.0,33,19800.0,56992.43475226035,162094.18676960497,16500.0,0.0,255386.6215218653,0.9791192103264996,0.9726027397260274,0
BLD-BAG-03,probabilistic,53,5450.0,5329.0,121.0,7,0.0,34,20400.0,56481.29057585504,168184.18676960497,18150.0,0.0,263215.47734546,0.9777981651376146,0.9808219178082191,0
BLD-BAG-03,probabilistic,54,5424.0,5373.0,51.0,4,0.0,34,20400.0,59519.50463539712,168484.18676960497,7650.0,0.0,256053.6914050021,0.9905973451327433,0.989041095890411,0
BLD-BAG-03,probabilistic,55,5527.0,5437.0,90.0,6,0.0,35,21000.0,53499.68134101815,170344.18676960497,13500.0,0.0,258343.86811062312,0.9837163017912068,0.9835616438356164,0
BLD-BAG-03,probabilistic,56,5476.0,5366.0,110.0,8,0.0,35,21000.0,55029.45804663928,166804.18676960497,16500.0,0.0,259333.64481624425,0.9799123447772097,0.9780821917808219,0
BLD-BAG-03,probabilistic,57,5342.0,5265.0,77.0,5,0.0,34,20400.0,55870.5929882077,167314.18676960497,11550.0,0.0,255134.77975781268,0.9855859228753276,0.9863013698630136,0
BLD-BAG-03,probabilistic,58,5418.0,5353.0,65.0,7,0.0,35,21000.0,56565.16969382873,165049.18676960497,9750.0,0.0,252364.3564634337,0.9880029531192321,0.9808219178082191,0
BLD-BAG-03,probabilistic,59,5466.0,5303.0,163.0,12,0.0,34,20400.0,57663.932339907704,166624.18676960497,24450.0,0.0,269138.11910951266,0.9701792901573363,0.9671232876712329,0
BLD-BAG-03,probabilistic,60,5571.0,5416.1395589868325,154.86044101316753,11,0.0,35,21000.0,54777.78333879728,167948.37353920995,23229.06615197513,0.0,266955.22302998236,0.9722023979513251,0.9698630136986301,0
BLD-BAG-03,probabilistic,61,5346.0,5222.1395589868325,123.86044101316753,9,0.0,34,20400.0,52036.65763206577,162908.37353920995,18579.06615197513,0.0,253924.09732325084,0.9768311932261191,0.9753424657534246,0
BLD-BAG-03,probabilistic,62,5490.0,5390.0,100.0,6,0.0,35,21000.0,58240.881341018154,168034.18676960497,15000.0,0.0,262275.06811062316,0.9817850637522769,0.9835616438356164,0
BLD-BAG-03,probabilistic,63,5410.0,5264.0,146.0,9,0.0,34,20400.0,55875.346399449816,163234.18676960497,21900.0,0.0,261409.53316905478,0.9730129390018484,0.9753424657534246,0
BLD-BAG-03,probabilistic,64,5430.0,5289.0,141.0,8,0.0,34,20400.0,53723.85804663925,163234.18676960497,21150.0,0.0,258508.04481624422,0.9740331491712707,0.9780821917808219,0
BLD-BAG-03,probabilistic,65,5703.0,5575.0,128.0,10,0.0,36,21600.0,51385.75563428669,171004.18676960497,19200.0,0.0,263189.94240389165,0.9775556724530948,0.9726027397260274,0
BLD-BAG-03,probabilistic,66,5426.0,5232.0,194.0,12,0.0,34,20400.0,59733.4114578814,162604.18676960497,29100.0,0.0,271837.59822748636,0.9642462218945816,0.9671232876712329,0
BLD-BAG-03,probabilistic,67,5280.0,5176.0,104.0,7,0.0,34,20400.0,58565.16969382869,158869.18676960497,15600.0,0.0,253434.35646343365,0.9803030303030303,0.9808219178082191,0
BLD-BAG-03,probabilistic,68,5374.0,5265.0,109.0,7,0.0,34,20400.0,60886.76969382875,161854.18676960497,16350.0,0.0,259490.95646343371,0.9797171566803126,0.9808219178082191,0
BLD-BAG-03,probabilistic,69,5572.0,5364.0,208.0,14,0.0,34,20400.0,56997.98816350246,168694.18676960497,31200.0,0.0,277292.17493310745,0.9626704953338119,0.9616438356164384,0
BLD-BAG-03,probabilistic,70,5439.0,5364.0,75.0,5,0.0,34,20400.0,54698.71387023397,168184.18676960497,11250.0,0.0,254532.90063983895,0.9862107004964148,0.9863013698630136,0
BLD-BAG-03,probabilistic,71,5399.0,5367.0,32.0,2,0.0,34,20400.0,56175.72792977607,168394.18676960497,4800.0,0.0,249769.91469938104,0.9940729764771254,0.9945205479452055,0
BLD-BAG-03,probabilistic,72,5621.0,5550.0,71.0,4,0.0,36,21600.0,51101.625517423454,172594.18676960497,10650.0,0.0,255945.8122870284,0.9873687955879736,0.989041095890411,0
BLD-BAG-03,probabilistic,73,5664.0,5569.0,95.0,6,0.0,36,21600.0,57103.2813410182,173794.18676960497,14250.0,0.0,266747.4681106232,0.9832274011299436,0.9835616438356164,0
BLD-BAG-03,probabilistic,74,5462.0,5308.0,154.0,11,0.0,35,21000.0,57948.3231050709,165724.18676960497,23100.0,0.0,267772.5098746759,0.9718051995606005,0.9698630136986301,0
BLD-BAG-03,probabilistic,75,5352.0,5325.0,27.0,1,0.0,34,20400.0,60615.43957696553,167374.18676960497,4050.0,0.0,252439.6263465705,0.9949551569506726,0.9972602739726028,0
BLD-BAG-03,probabilistic,76,5494.0,5340.0,154.0,9,0.0,34,20400.0,54974.14639944978,167164.18676960497,23100.0,0.0,265638.33316905476,0.9719694211867492,0.9753424657534246,0
BLD-BAG-03,probabilistic,77,5552.0,5455.0,97.0,8,0.0,35,21000.0,52957.05804663931,172294.18676960497,14550.0,0.0,260801.2448162443,0.982528818443804,0.9780821917808219,0
BLD-BAG-03,probabilistic,78,5510.0,5468.0,42.0,4,0.0,35,21000.0,56283.104635397096,172834.18676960497,6300.0,0.0,256417.29140500206,0.992377495462795,0.989041095890411,0
BLD-BAG-03,probabilistic,79,5359.0,5265.0,94.0,7,0.0,34,20400.0,51203.69057585506,162634.18676960497,14100.0,0.0,248337.87734546003,0.9824594140697891,0.9808219178082191,0
BLD-BAG-03,probabilistic,80,5352.0,5213.0,139.0,9,0.0,34,20400.0,56454.5463994498,161674.18676960497,20850.0,0.0,259378.7331690548,0.9740284005979073,0.9753424657534246,0
BLD-BAG-03,probabilistic,81,5322.0,5135.0,187.0,12,0.0,33,19800.0,60341.13233990775,158824.18676960497,28050.0,0.0,267015.3191095127,0.9648628335212326,0.9671232876712329,0
BLD-BAG-03,probabilistic,82,5417.0,5355.0,62.0,6,0.0,35,21000.0,56094.88134101818,167134.18676960497,9300.0,0.0,253529.06811062316,0.9885545504892007,0.9835616438356164,0
BLD-BAG-03,probabilistic,83,5460.0,5429.0,31.0,3,0.0,35,21000.0,54941.737164612896,168694.18676960497,4650.0,0.0,249285.92393421786,0.9943223443223443,0.9917808219178083,0
BLD-BAG-03,probabilistic,84,5449.0,5345.0,104.0,7,0.0,35,21000.0,61566.7696938287,166474.18676960497,15600.0,0.0,264640.9564634337,0.980913929161314,0.9808219178082191,0
BLD-BAG-03,probabilistic,85,5699.0,5574.0,125.0,7,0.0,36,21600.0,53759.56969382873,178414.18676960497,18750.0,0.0,272523.75646343373,0.9780663274258642,0.9808219178082191,0
BLD-BAG-03,probabilistic,86,5460.0,5370.0,90.0,5,0.0,34,20400.0,57312.192988207666,168694.18676960497,13500.0,0.0,259906.37975781265,0.9835164835164835,0.9863013698630136,0
BLD-BAG-03,probabilistic,87,5496.0,5327.0,169.0,12,0.0,34,20400.0,54346.61145788138,162574.18676960497,25350.0,0.0,262670.7982274863,0.9692503639010189,0.9671232876712329,0
BLD-BAG-03,probabilistic,88,5475.0,5414.0,61.0,4,0.0,35,21000.0,57360.82551742343,168634.18676960497,9150.0,0.0,256145.0122870284,0.9888584474885844,0.989041095890411,0
BLD-BAG-03,probabilistic,89,5280.0,5181.0,99.0,6,0.0,34,20400.0,55022.6022230445,161314.18676960497,14850.0,0.0,251586.78899264947,0.98125,0.9835616438356164,0
BLD-BAG-03,probabilistic,90,5349.0,5288.0,61.0,4,0.0,34,20400.0,53894.7046353971,164104.18676960497,9150.0,0.0,247548.89140500207,0.9885959992521967,0.989041095890411,0
BLD-BAG-03,probabilistic,91,5455.0,5322.0,133.0,9,0.0,34,20400.0,55408.54639944981,167344.18676960497,19950.0,0.0,263102.7331690548,0.9756186984417965,0.9753424657534246,0
BLD-BAG-03,probabilistic,92,5281.0,5156.0,125.0,8,0.0,33,19800.0,58555.45804663925,161614.18676960497,18750.0,0.0,258719.64481624422,0.9763302404847567,0.9780821917808219,0
BLD-BAG-03,probabilistic,93,5548.0,5465.0,83.0,5,0.0,35,21000.0,54118.192988207746,167794.18676960497,12450.0,0.0,255362.3797578127,0.9850396539293439,0.9863013698630136,0
BLD-BAG-03,probabilistic,94,5476.0,5391.0,85.0,5,0.0,35,21000.0,57343.392988207655,166954.18676960497,12750.0,0.0,258047.57975781264,0.9844777209642075,0.9863013698630136,0
BLD-BAG-03,probabilistic,95,5363.0,5289.0,74.0,5,0.0,34,20400.0,57272.59298820767,165574.18676960497,11100.0,0.0,254346.77975781265,0.9862017527503263,0.9863013698630136,0
BLD-BAG-03,probabilistic,96,5519.0,5395.0,124.0,7,0.0,35,21000.0,52134.76969382873,167584.18676960497,18600.0,0.0,259318.95646343371,0.9775321616234826,0.9808219178082191,0
BLD-BAG-03,probabilistic,97,5362.0,5268.0,94.0,6,0.0,34,20400.0,56542.081341018195,162184.18676960497,14100.0,0.0,253226.26811062318,0.9824692279000373,0.9835616438356164,0
BLD-BAG-03,probabilistic,98,5392.0,5236.0,156.0,9,0.0,34,20400.0,55196.66728147615,163684.18676960497,23400.0,0.0,262680.8540510811,0.9710682492581603,0.9753424657534246,0
BLD-BAG-03,probabilistic,99,5433.0,5332.0,101.0,6,0.0,34,20400.0,57043.28134101821,165604.18676960497,15150.0,0.0,258197.4681106232,0.981409902448003,0.9835616438356164,0
BLD-BAG-03,probabilistic,100,5495.0,5414.0,81.0,6,0.0,35,21000.0,52384.88134101822,167044.18676960497,12150.0,0.0,252579.0681106232,0.9852593266606006,0.9835616438356164,0
BLD-BAG-03,probabilistic,101,5640.0,5528.0,112.0,7,0.0,35,21000.0,53482.8905758551,172774.18676960497,16800.0,0.0,264057.0773454601,0.9801418439716312,0.9808219178082191,0
BLD-BAG-03,probabilistic,102,5459.0,5344.0,115.0,7,0.0,34,20400.0,54043.29057585503,167704.18676960497,17250.0,0.0,259397.47734546,0.9789338706722843,0.9808219178082191,0
BLD-BAG-03,probabilistic,103,5300.0,5140.0,160.0,9,0.0,33,19800.0,52737.746399449774,162094.18676960497,24000.0,0.0,258631.93316905474,0.969811320754717,0.9753424657534246,0
BLD-BAG-03,probabilistic,104,5447.0,5378.0,69.0,5,0.0,35,21000.0,59368.4813410182,166924.18676960497,10350.0,0.0,257642.66811062317,0.9873324765926198,0.9863013698630136,0
BLD-BAG-03,probabilistic,105,5554.0,5466.1395589868325,87.86044101316753,6,0.0,35,21000.0,52039.0857511499,169748.37353920995,13179.06615197513,0.0,255966.52544233497,0.984180691211169,0.9835616438356164,0
BLD-BAG-03,probabilistic,106,5442.0,5228.0,214.0,13,0.0,34,20400.0,53386.099810691965,162304.18676960497,32100.0,0.0,268190.28658029693,0.9606762219772143,0.9643835616438357,0
BLD-BAG-03,probabilistic,107,5467.0,5381.0,86.0,5,0.0,35,21000.0,56709.792988207635,163024.18676960497,12900.0,0.0,253633.9797578126,0.9842692518748857,0.9863013698630136,0
BLD-BAG-03,probabilistic,108,5469.0,5298.0,171.0,10,0.0,34,20400.0,55270.43475226034,162454.18676960497,25650.0,0.0,263774.6215218653,0.9687328579264948,0.9726027397260274,0
BLD-BAG-03,probabilistic,109,5606.0,5445.0,161.0,11,0.0,35,21000.0,52795.12310507087,168574.18676960497,24150.0,0.0,266519.3098746758,0.9712807706029254,0.9698630136986301,0
BLD-BAG-03,probabilistic,110,5437.0,5416.0,21.0,2,0.0,35,21000.0,57985.32792977605,171994.18676960497,3150.0,0.0,254129.51469938102,0.9961375758690454,0.9945205479452055,0
BLD-BAG-03,probabilistic,111,5551.0,5427.0,124.0,8,0.0,35,21000.0,53323.858046639274,165889.18676960497,18600.0,0.0,258813.04481624425,0.9776616825797154,0.9780821917808219,0
BLD-BAG-03,probabilistic,112,5480.0,5355.0,125.0,8,0.0,34,20400.0,54961.4580466392,167794.18676960497,18750.0,0.0,261905.64481624417,0.9771897810218978,0.9780821917808219,0
BLD-BAG-03,probabilistic,113,5509.0,5356.0,153.0,10,0.0,35,21000.0,55692.5556342867,165634.18676960497,22950.0,0.0,265276.74240389164,0.9722272644763115,0.9726027397260274,0
BLD-BAG-03,probabilistic,114,5536.0,5426.0,110.0,7,0.0,35,21000.0,60862.76969382873,168784.18676960497,16500.0,0.0,267146.9564634337,0.9801300578034682,0.9808219178082191,0
BLD-BAG-03,probabilistic,115,5400.0,5273.0,127.0,8,0.0,34,20400.0,53059.85804663924,165664.18676960497,19050.0,0.0,258174.04481624422,0.9764814814814815,0.9780821917808219,0
BLD-BAG-03,probabilistic,116,5537.0,5441.1395589868325,95.86044101316753,6,0.0,35,21000.0,57406.62069271826,168518.37353920995,14379.06615197513,0.0,261304.06038390333,0.9826872961868941,0.9835616438356164,0
BLD-BAG-03,probabilistic,117,5535.0,5477.0,58.0,4,0.0,35,21000.0,56975.504635397134,168184.18676960497,8700.0,0.0,254859.69140500212,0.9895212285456187,0.989041095890411,0
BLD-BAG-03,probabilistic,118,5414.0,5349.0,65.0,6,0.0,34,20400.0,53154.4813410182,163564.18676960497,9750.0,0.0,246868.66811062317,0.9879940893978574,0.9835616438356164,0
BLD-BAG-03,probabilistic,119,5429.0,5339.0,90.0,5,0.0,34,20400.0,55749.39298820765,161164.18676960497,13500.0,0.0,250813.5797578126,0.9834223613925216,0.9863013698630136,0
BLD-BAG-03,probabilistic,120,5531.0,5378.0,153.0,12,0.0,35,21000.0,52695.132339907745,167794.18676960497,22950.0,0.0,264439.3191095127,0.9723377327788827,0.9671232876712329,0
BLD-BAG-03,probabilistic,121,5466.0,5375.0,91.0,6,0.0,35,21000.0,54436.481341018174,167794.18676960497,13650.0,0.0,256880.66811062314,0.9833516282473472,0.9835616438356164,0
BLD-BAG-03,probabilistic,122,5355.0,5239.0,116.0,7,0.0,34,20400.0,56869.56969382871,161734.18676960497,17400.0,0.0,256403.75646343367,0.9783380018674136,0.9808219178082191,0
BLD-BAG-03,probabilistic,123,5513.0,5333.0,180.0,11,0.0,34,20400.0,55327.92310507082,167854.18676960497,27000.0,0.0,270582.1098746758,0.9673499002358062,0.9698630136986301,0
BLD-BAG-03,probabilistic,124,5346.0,5272.0,74.0,5,0.0,34,20400.0,57387.39298820764,167614.18676960497,11100.0,0.0,256501.5797578126,0.9861578750467639,0.9863013698630136,0
BLD-BAG-03,probabilistic,125,5445.0,5337.0,108.0,7,0.0,34,20400.0,57103.56969382871,168094.18676960497,16200.0,0.0,261797.75646343367,0.9801652892561984,0.9808219178082191,0
BLD-BAG-03,probabilistic,126,5511.0,5468.0,43.0,2,0.0,35,21000.0,55753.04881180234,169564.18676960497,6450.0,0.0,252767.23558140732,0.9921974233351479,0.9945205479452055,0
BLD-BAG-03,probabilistic,127,5460.0,5432.0,28.0,2,0.0,35,21000.0,58489.72792977608,171634.18676960497,4200.0,0.0,255323.91469938104,0.9948717948717949,0.9945205479452055,0
BLD-BAG-03,probabilistic,128,5509.0,5435.0,74.0,6,0.0,35,21000.0,56329.6813410182,169774.18676960497,11100.0,0.0,258203.86811062318,0.9865674351061898,0.9835616438356164,0
BLD-BAG-03,probabilistic,129,5357.0,5206.0,151.0,9,0.0,33,19800.0,56776.94639944976,164344.18676960497,22650.0,0.0,263571.13316905475,0.9718125816688445,0.9753424657534246,0
BLD-BAG-03,probabilistic,130,5565.0,5450.0,115.0,9,0.0,35,21000.0,54158.14639944981,169084.18676960497,17250.0,0.0,261492.3331690548,0.9793351302785265,0.9753424657534246,0
BLD-BAG-03,probabilistic,131,5519.0,5461.0,58.0,4,0.0,35,21000.0,55948.704635397145,168364.18676960497,8700.0,0.0,254012.89140500213,0.9894908497916289,0.989041095890411,0
BLD-BAG-03,probabilistic,132,5438.0,5278.0,160.0,12,0.0,34,20400.0,53625.81145788138,167884.18676960497,24000.0,0.0,265909.9982274864,0.9705774181684442,0.9671232876712329,0
BLD-BAG-03,probabilistic,133,5476.0,5360.0,116.0,7,0.0,35,21000.0,53106.76969382872,167494.18676960497,17400.0,0.0,259000.9564634337,0.9788166544923301,0.9808219178082191,0
BLD-BAG-03,probabilistic,134,5392.0,5294.0,98.0,6,0.0,34,20400.0,54179.28134101815,163324.18676960497,14700.0,0.0,252603.46811062313,0.9818249258160238,0.9835616438356164,0
BLD-BAG-03,probabilistic,135,5318.0,5245.0,73.0,4,0.0,34,20400.0,56787.50463539711,166444.18676960497,10950.0,0.0,254581.6914050021,0.9862730349755547,0.989041095890411,0
BLD-BAG-03,probabilistic,136,5392.0,5299.0,93.0,8,0.0,34,20400.0,55195.05804663922,167044.18676960497,13950.0,0.0,256589.2448162442,0.9827522255192879,0.9780821917808219,0
BLD-BAG-03,probabilistic,137,5366.0,5249.0,117.0,8,0.0,34,20400.0,55453.17892866559,161134.18676960497,17550.0,0.0,254537.36569827056,0.9781960491986582,0.9780821917808219,0
BLD-BAG-03,probabilistic,138,5386.0,5317.0,69.0,5,0.0,35,21000.0,55158.192988207666,164914.18676960497,10350.0,0.0,251422.37975781265,0.9871890085406609,0.9863013698630136,0
BLD-BAG-03,probabilistic,139,5567.0,5546.0,21.0,2,0.0,36,21600.0,58921.32792977606,171724.18676960497,3150.0,0.0,255395.51469938102,0.9962277707921682,0.9945205479452055,0
BLD-BAG-03,probabilistic,140,5424.0,5346.0,78.0,6,0.0,34,20400.0,49154.481341018225,168394.18676960497,11700.0,0.0,249648.6681106232,0.9856194690265486,0.9835616438356164,0
BLD-BAG-03,probabilistic,141,5389.0,5313.0,76.0,6,0.0,34,20400.0,55673.80222304456,163864.18676960497,11400.0,0.0,251337.98899264954,0.9858971979959176,0.9835616438356164,0
BLD-BAG-03,probabilistic,142,5337.0,5213.0,124.0,8,0.0,34,20400.0,55447.05804663931,162784.18676960497,18600.0,0.0,257231.2448162443,0.9767659733932921,0.9780821917808219,0
BLD-BAG-03,probabilistic,143,5643.0,5514.0,129.0,8,0.0,35,21000.0,54553.45804663925,172594.18676960497,19350.0,0.0,267497.64481624425,0.9771398192450824,0.9780821917808219,0
BLD-BAG-03,probabilistic,144,5377.0,5200.0,177.0,11,0.0,33,19800.0,56283.1231050709,160384.18676960497,26550.0,0.0,263017.3098746759,0.9670820159940487,0.9698630136986301,0
BLD-BAG-03,probabilistic,145,5452.0,5322.0,130.0,8,0.0,34,20400.0,57479.458046639294,167794.18676960497,19500.0,0.0,265173.64481624425,0.9761555392516508,0.9780821917808219,0
BLD-BAG-03,probabilistic,146,5410.0,5341.0,69.0,5,0.0,35,21000.0,54683.79298820766,166624.18676960497,10350.0,0.0,252657.97975781263,0.9872458410351201,0.9863013698630136,0
BLD-BAG-03,probabilistic,147,5339.0,5251.0,88.0,7,0.0,34,20400.0,54699.16969382871,161674.18676960497,13200.0,0.0,249973.35646343368,0.9835175126428171,0.9808219178082191,0
BLD-BAG-03,probabilistic,148,5468.0,5422.0,46.0,3,0.0,35,21000.0,54840.81628258657,167614.18676960497,6900.0,0.0,250355.00305219155,0.9915874177029993,0.9917808219178083,0
BLD-BAG-03,probabilistic,149,5566.0,5359.0,207.0,12,0.0,35,21000.0,54137.41145788139,165139.18676960497,31050.0,0.0,271326.59822748636,0.9628099173553719,0.9671232876712329,0
BLD-BAG-03,probabilistic,150,5291.0,5170.0,121.0,7,0.0,33,19800.0,58032.490575855096,157714.18676960497,18150.0,0.0,253696.67734546008,0.9771309771309772,0.9808219178082191,0
BLD-BAG-03,probabilistic,151,5305.0,5231.0,74.0,5,0.0,34,20400.0,58333.792988207606,162514.18676960497,11100.0,0.0,252347.97975781257,0.9860508953817153,0.9863013698630136,0
BLD-BAG-03,probabilistic,152,5449.0,5382.0,67.0,6,0.0,35,21000.0,56972.602223044494,169429.18676960497,10050.0,0.0,257451.78899264947,0.9877041659020004,0.9835616438356164,0
BLD-BAG-03,probabilistic,153,5476.0,5381.0,95.0,7,0.0,35,21000.0,61143.56969382871,166414.18676960497,14250.0,0.0,262807.7564634337,0.9826515704894083,0.9808219178082191,0
BLD-BAG-03,probabilistic,154,5494.0,5354.1395589868325,139.86044101316753,8,0.0,35,21000.0,57182.053221934075,166208.37353920995,20979.06615197513,0.0,265369.49291311915,0.9745430576969116,0.9780821917808219,0
BLD-BAG-03,probabilistic,155,5436.0,5418.0,18.0,2,0.0,35,21000.0,57008.64881180238,172684.18676960497,2700.0,0.0,253392.83558140736,0.9966887417218543,0.9945205479452055,0
BLD-BAG-03,probabilistic,156,5349.0,5316.0,33.0,2,0.0,35,21000.0,56620.12792977605,166144.18676960497,4950.0,0.0,248714.314699381,0.9938306225462703,0.9945205479452055,0
BLD-BAG-03,probabilistic,157,5450.0,5319.0,131.0,9,0.0,34,20400.0,57611.34639944983,167824.18676960497,19650.0,0.0,265485.5331690548,0.9759633027522936,0.9753424657534246,0
BLD-BAG-03,probabilistic,158,5542.0,5533.0,9.0,1,0.0,36,21600.0,53836.36045899186,172474.18676960497,1350.0,0.0,249260.54722859684,0.998376037531577,0.9972602739726028,0
BLD-BAG-03,probabilistic,159,5590.0,5486.0,104.0,7,0.0,35,21000.0,49984.76969382878,167404.18676960497,15600.0,0.0,253988.95646343374,0.9813953488372092,0.9808219178082191,0
BLD-BAG-03,probabilistic,160,5585.0,5470.0,115.0,8,0.0,36,21600.0,55393.74639944979,170794.18676960497,17250.0,0.0,265037.9331690548,0.9794091316025068,0.9780821917808219,0
BLD-BAG-03,probabilistic,161,5559.0,5475.0,84.0,5,0.0,35,21000.0,54880.59298820766,167674.18676960497,12600.0,0.0,256154.77975781262,0.9848893685914732,0.9863013698630136,0
BLD-BAG-03,probabilistic,162,5454.0,5364.0,90.0,6,0.0,35,21000.0,53550.4813410182,167374.18676960497,13500.0,0.0,255424.66811062317,0.9834983498349835,0.9835616438356164,0
BLD-BAG-03,probabilistic,163,5472.0,5398.0,74.0,5,0.0,35,21000.0,57503.392988207714,167404.18676960497,11100.0,0.0,257007.5797578127,0.9864766081871345,0.9863013698630136,0
BLD-BAG-03,probabilistic,164,5420.0,5324.0,96.0,6,0.0,34,20400.0,57841.6813410182,167734.18676960497,14400.0,0.0,260375.86811062318,0.9822878228782288,0.9835616438356164,0
BLD-BAG-03,probabilistic,165,5382.0,5316.0,66.0,6,0.0,34,20400.0,55665.681341018186,168154.18676960497,9900.0,0.0,254119.86811062315,0.987736900780379,0.9835616438356164,0
BLD-BAG-03,probabilistic,166,5632.0,5568.0,64.0,4,0.0,36,21600.0,59315.90463539702,167584.18676960497,9600.0,0.0,258100.091405002,0.9886363636363636,0.989041095890411,0
BLD-BAG-03,probabilistic,167,5403.0,5212.0,191.0,12,0.0,34,20400.0,53999.011457881374,162904.18676960497,28650.0,0.0,265953.19822748634,0.9646492689246715,0.9671232876712329,0
BLD-BAG-03,probabilistic,168,5517.0,5405.0,112.0,8,0.0,35,21000.0,55939.85804663933,168274.18676960497,16800.0,0.0,262014.0448162443,0.9796991118361428,0.9780821917808219,0
BLD-BAG-03,probabilistic,169,5383.0,5234.0,149.0,10,0.0,34,20400.0,57687.234752260316,161944.18676960497,22350.0,0.0,262381.4215218653,0.972320267508824,0.9726027397260274,0
BLD-BAG-03,probabilistic,170,5526.0,5389.0,137.0,8,0.0,35,21000.0,57719.8580466393,166324.18676960497,20550.0,0.0,265594.0448162443,0.9752081071299312,0.9780821917808219,0
BLD-BAG-03,probabilistic,171,5463.0,5356.1395589868325,106.86044101316753,8,0.0,34,20400.0,52963.606633176234,163328.37353920995,16029.06615197513,0.0,252721.04632436132,0.9804392383281773,0.9780821917808219,0
BLD-BAG-03,probabilistic,172,5425.0,5298.0,127.0,9,0.0,34,20400.0,59648.546399449835,166114.18676960497,19050.0,0.0,265212.73316905485,0.976589861751152,0.9753424657534246,0
BLD-BAG-03,probabilistic,173,5635.0,5535.0,100.0,7,0.0,36,21600.0,56290.65804663928,172204.18676960497,15000.0,0.0,265094.84481624427,0.9822537710736469,0.9808219178082191,0
BLD-BAG-03,probabilistic,174,5422.0,5314.0,108.0,7,0.0,34,20400.0,56576.76969382868,166864.18676960497,16200.0,0.0,260040.95646343366,0.9800811508668388,0.9808219178082191,0
BLD-BAG-03,probabilistic,175,5462.0,5329.1395589868325,132.86044101316753,10,0.0,34,20400.0,54813.392573634184,164948.37353920995,19929.06615197513,0.0,260090.83226481927,0.9756754959697607,0.9726027397260274,0
BLD-BAG-03,probabilistic,176,5661.0,5459.0,202.0,11,0.0,35,21000.0,54071.523105070875,168784.18676960497,30300.0,0.0,274155.70987467584,0.9643172584349055,0.9698630136986301,0
BLD-BAG-03,probabilistic,177,5346.0,5246.0,100.0,7,0.0,34,20400.0,57802.36969382864,160864.18676960497,15000.0,0.0,254066.5564634336,0.9812944257388702,0.9808219178082191,0
BLD-BAG-03,probabilistic,178,5566.0,5420.0,146.0,9,0.0,35,21000.0,54502.14639944976,168364.18676960497,21900.0,0.0,265766.3331690547,0.9737693136902623,0.9753424657534246,0
BLD-BAG-03,probabilistic,179,5462.0,5381.0,81.0,5,0.0,35,21000.0,56410.313870234015,167164.18676960497,12150.0,0.0,256724.50063983898,0.9851702673013548,0.9863013698630136,0
BLD-BAG-03,probabilistic,180,5499.0,5390.0,109.0,7,0.0,35,21000.0,55807.5696938287,166714.18676960497,16350.0,0.0,259871.75646343367,0.9801782142207675,0.9808219178082191,0
BLD-BAG-03,probabilistic,181,5460.0,5410.0,50.0,4,0.0,35,21000.0,50995.90463539715,171484.18676960497,7500.0,0.0,250980.0914050021,0.9908424908424909,0.989041095890411,0
BLD-BAG-03,probabilistic,182,5339.0,5218.0,121.0,8,0.0,34,20400.0,57013.458046639294,158674.18676960497,18150.0,0.0,254237.64481624425,0.9773365798838733,0.9780821917808219,0
BLD-BAG-03,probabilistic,183,5469.0,5378.0,91.0,6,0.0,35,21000.0,56496.481341018145,167944.18676960497,13650.0,0.0,259090.6681106231,0.9833607606509417,0.9835616438356164,0
BLD-BAG-03,probabilistic,184,5455.0,5362.0,93.0,7,0.0,35,21000.0,58104.769693828726,167494.18676960497,13950.0,0.0,260548.9564634337,0.9829514207149405,0.9808219178082191,0
BLD-BAG-03,probabilistic,185,5509.0,5422.0,87.0,6,0.0,35,21000.0,54094.481341018225,171094.18676960497,13050.0,0.0,259238.6681106232,0.9842076601924125,0.9835616438356164,0
BLD-BAG-03,probabilistic,186,5543.0,5504.0,39.0,2,0.0,36,21600.0,53992.92792977606,173779.18676960497,5850.0,0.0,255222.11469938103,0.9929640988634314,0.9945205479452055,0
BLD-BAG-03,probabilistic,187,5293.0,5179.0,114.0,6,0.0,33,19800.0,56943.68134101816,162514.18676960497,17100.0,0.0,256357.86811062312,0.9784621197808426,0.9835616438356164,0
BLD-BAG-03,probabilistic,188,5358.0,5244.0,114.0,6,0.0,34,20400.0,56148.48134101814,162874.18676960497,17100.0,0.0,256522.6681106231,0.9787234042553191,0.9835616438356164,0
BLD-BAG-03,probabilistic,189,5311.0,5193.0,118.0,9,0.0,33,19800.0,57867.3463994498,159334.18676960497,17700.0,0.0,254701.53316905478,0.9777819619657315,0.9753424657534246,0
BLD-BAG-03,probabilistic,190,5559.0,5417.0,142.0,9,0.0,35,21000.0,55081.06728147615,167224.18676960497,21300.0,0.0,264605.25405108114,0.9744558373808239,0.9753424657534246,0
BLD-BAG-03,probabilistic,191,5550.0,5497.0,53.0,3,0.0,35,21000.0,54664.816282586624,170224.18676960497,7950.0,0.0,253839.0030521916,0.9904504504504504,0.9917808219178083,0
BLD-BAG-03,probabilistic,192,5619.0,5490.1395589868325,128.86044101316753,10,0.0,35,21000.0,54418.98333879727,169118.37353920995,19329.06615197513,0.0,263866.42302998237,0.9770670153028711,0.9726027397260274,0
BLD-BAG-03,probabilistic,193,5366.0,5292.0,74.0,6,0.0,34,20400.0,57438.88134101821,166444.18676960497,11100.0,0.0,255383.0681106232,0.9862094670145359,0.9835616438356164,0
BLD-BAG-03,probabilistic,194,5485.0,5340.0,145.0,9,0.0,34,20400.0,54954.667281476104,168004.18676960497,21750.0,0.0,265108.8540510811,0.9735642661804923,0.9753424657534246,0
BLD-BAG-03,probabilistic,195,5607.0,5549.1395589868325,57.86044101316753,5,0.0,35,21000.0,55519.299810691904,173798.37353920995,8679.06615197513,0.0,258996.739501877,0.9896806775435764,0.9863013698630136,0
BLD-BAG-03,probabilistic,196,5308.0,5185.0,123.0,9,0.0,33,19800.0,61490.546399449755,162544.18676960497,18450.0,0.0,262284.7331690547,0.976827430293896,0.9753424657534246,0
BLD-BAG-03,probabilistic,197,5440.0,5416.0,24.0,2,0.0,35,21000.0,56782.92792977602,167884.18676960497,3600.0,0.0,249267.114699381,0.9955882352941177,0.9945205479452055,0
BLD-BAG-03,probabilistic,198,5413.0,5275.0,138.0,9,0.0,34,20400.0,55103.74639944977,163324.18676960497,20700.0,0.0,259527.93316905474,0.9745058193238499,0.9753424657534246,0
BLD-BAG-03,probabilistic,199,5463.0,5368.0,95.0,7,0.0,35,21000.0,50621.56969382876,167764.18676960497,14250.0,0.0,253635.75646343373,0.9826102873878821,0.9808219178082191,0
PPE-GLV-04,baseline,0,21801.0,21412.0,389.0,11,0.0,26,7800.0,7793.200000000001,174720.0,9725.0,0.0,200038.2,0.982156781799,0.9698630136986301,22
PPE-GLV-04,baseline,1,22060.0,21273.0,787.0,17,0.0,26,7800.0,7485.9999999999945,174720.0,19675.0,0.0,209681.0,0.964324569356301,0.9534246575342465,23
PPE-GLV-04,baseline,2,22052.0,21512.0,540.0,11,0.0,26,7800.0,7977.5,174720.0,13500.0,0.0,203997.5,0.9755124251768547,0.9698630136986301,24
PPE-GLV-04,baseline,3,22326.0,21784.0,542.0,12,0.0,27,8100.0,7482.149999999998,174720.0,13550.0,0.0,203852.15,0.9757233718534444,0.9671232876712329,24
PPE-GLV-04,baseline,4,22234.0,21583.0,651.0,14,0.0,26,7800.0,7647.499999999997,174720.0,16275.0,0.0,206442.5,0.9707205181253935,0.9616438356164384,22
PPE-GLV-04,baseline,5,22120.0,21631.0,489.0,15,0.0,26,7800.0,7733.799999999996,174720.0,12225.0,0.0,202478.8,0.9778933092224231,0.9589041095890412,23
PPE-GLV-04,baseline,6,22095.0,21485.0,610.0,14,0.0,26,7800.0,7708.45,174720.0,15250.0,0.0,205478.45,0.9723919438787056,0.9616438356164384,22
PPE-GLV-04,baseline,7,22217.0,21594.0,623.0,16,0.0,26,7800.0,7516.000000000002,174720.0,15575.0,0.0,205611.0,0.9719584102264032,0.9561643835616438,26
PPE-GLV-04,baseline,8,22054.0,21629.0,425.0,13,0.0,26,7800.0,7978.500000000002,174720.0,10625.0,0.0,201123.5,0.9807291194341162,0.9643835616438357,25
PPE-GLV-04,baseline,9,21873.0,21307.0,566.0,14,0.0,26,7800.0,7830.599999999997,174720.0,14150.0,0.0,204500.6,0.974123348420427,0.9616438356164384,23
PPE-GLV-04,baseline,10,22362.0,21793.0,569.0,13,0.0,27,8100.0,7638.950000000004,174720.0,14225.0,0.0,204683.95,0.974555048743404,0.9643835616438357,25
PPE-GLV-04,baseline,11,21253.0,20829.0,424.0,14,0.0,26,7800.0,7732.650000000009,168000.0,10600.0,0.0,194132.65000000002,0.9800498753117207,0.9616438356164384,23
PPE-GLV-04,baseline,12,21899.0,21000.0,899.0,19,0.0,26,7800.0,7735.35,168000.0,22475.0,0.0,206010.35,0.9589478971642541,0.947945205479452,24
PPE-GLV-04,baseline,13,22189.0,21598.0,591.0,16,0.0,26,7800.0,7715.699999999998,174720.0,14775.0,0.0,205010.7,0.9733651809455135,0.9561643835616438,26
PPE-GLV-04,baseline,14,21526.0,20989.0,537.0,14,0.0,26,7800.0,7577.599999999999,168000.0,13425.0,0.0,196802.6,0.9750534237666079,0.9616438356164384,23
PPE-GLV-04,baseline,15,21427.0,21032.0,395.0,10,0.0,26,7800.0,7935.049999999999,174400.0,9875.0,0.0,200010.05,0.9815653147897513,0.9726027397260274,25
PPE-GLV-04,baseline,16,21944.0,21124.0,820.0,19,0.0,26,7800.0,7574.350000000002,174720.0,20500.0,0.0,210594.35,0.9626321545752825,0.947945205479452,23
PPE-GLV-04,baseline,17,21519.0,20847.0,672.0,16,0.0,26,7800.0,7692.250000000001,168000.0,16800.0,0.0,200292.25,0.9687717830754217,0.9561643835616438,22
PPE-GLV-04,baseline,18,21546.0,21074.0,472.0,11,0.0,26,7800.0,7765.499999999996,174720.0,11800.0,0.0,202085.5,0.9780933816021535,0.9698630136986301,22
PPE-GLV-04,baseline,19,22126.0,21591.0,535.0,15,0.0,26,7800.0,7745.699999999997,174720.0,13375.0,0.0,203640.7,0.9758203019072584,0.9589041095890412,25
PPE-GLV-04,baseline,20,21762.0,21365.0,397.0,11,0.0,26,7800.0,7818.399999999999,174720.0,9925.0,0.0,200263.4,0.9817571914346108,0.9698630136986301,25
PPE-GLV-04,baseline,21,22444.0,21840.0,604.0,13,0.0,27,8100.0,7725.449999999998,174720.0,15100.0,0.0,205645.45,0.9730885760114062,0.9643835616438357,24
PPE-GLV-04,baseline,22,21407.0,21004.0,403.0,9,0.0,26,7800.0,7695.4000000000015,172032.0,10075.0,0.0,197602.4,0.9811743822114262,0.9753424657534246,25
PPE-GLV-04,baseline,23,22237.0,21693.0,544.0,13,0.0,27,8100.0,7681.000000000005,174720.0,13600.0,0.0,204101.0,0.9755362683815263,0.9643835616438357,25
PPE-GLV-04,baseline,24,21940.0,21222.0,718.0,19,0.0,26,7800.0,7620.550000000007,174720.0,17950.0,0.0,208090.55000000002,0.967274384685506,0.947945205479452,23
PPE-GLV-04,baseline,25,22131.0,21812.0,319.0,8,0.0,27,8100.0,7660.149999999995,174720.0,7975.0,0.0,198455.15,0.9855858298314581,0.9780821917808219,22
PPE-GLV-04,baseline,26,21447.0,21074.0,373.0,10,0.0,26,7800.0,8011.299999999999,174720.0,9325.0,0.0,199856.3,0.9826082902037581,0.9726027397260274,24
PPE-GLV-04,baseline,27,21578.0,21133.0,445.0,11,0.0,26,7800.0,7678.449999999999,174720.0,11125.0,0.0,201323.45,0.9793771433867828,0.9698630136986301,21
PPE-GLV-04,baseline,28,22032.0,21080.0,952.0,23,0.0,26,7800.0,7438.199999999996,174720.0,23800.0,0.0,213758.2,0.9567901234567902,0.936986301369863,25
PPE-GLV-04,baseline,29,21893.0,21187.0,706.0,16,0.0,26,7800.0,7855.450000000002,174720.0,17650.0,0.0,208025.45,0.9677522495774905,0.9561643835616438,26
PPE-GLV-04,baseline,30,21782.0,21000.0,782.0,19,0.0,26,7800.0,7462.449999999999,168000.0,19550.0,0.0,202812.45,0.9640987971719769,0.947945205479452,25
PPE-GLV-04,baseline,31,21766.0,21298.0,468.0,11,0.0,26,7800.0,7790.099999999997,174720.0,11700.0,0.0,202010.1,0.9784985757603601,0.9698630136986301,24
PPE-GLV-04,baseline,32,21595.0,21025.0,570.0,16,0.0,26,7800.0,7494.95,174400.0,14250.0,0.0,203944.95,0.9736050011576753,0.9561643835616438,24
PPE-GLV-04,baseline,33,22135.0,21312.0,823.0,21,0.0,26,7800.0,7397.400000000001,174720.0,20575.0,0.0,210492.4,0.9628190648294556,0.9424657534246575,26
PPE-GLV-04,baseline,34,21677.0,20854.0,823.0,18,0.0,26,7800.0,7646.1500000000015,168000.0,20575.0,0.0,204021.15,0.9620334917193338,0.9506849315068493,21
PPE-GLV-04,baseline,35,21504.0,20877.0,627.0,12,0.0,26,7800.0,7791.700000000004,168000.0,15675.0,0.0,199266.7,0.9708426339285714,0.9671232876712329,25
PPE-GLV-04,baseline,36,22212.0,21825.0,387.0,9,0.0,27,8100.0,7812.200000000001,174720.0,9675.0,0.0,200307.2,0.9825769854132901,0.9753424657534246,24
PPE-GLV-04,baseline,37,21696.0,21303.0,393.0,11,0.0,26,7800.0,7617.400000000001,174720.0,9825.0,0.0,199962.4,0.9818860619469026,0.9698630136986301,24
PPE-GLV-04,baseline,38,22346.0,21550.0,796.0,20,0.0,26,7800.0,7380.649999999997,174720.0,19900.0,0.0,209800.65,0.964378412243802,0.9452054794520548,25
PPE-GLV-04,baseline,39,22040.0,21436.0,604.0,15,0.0,26,7800.0,7738.750000000003,174720.0,15100.0,0.0,205358.75,0.972595281306715,0.9589041095890412,24
PPE-GLV-04,baseline,40,21793.0,21000.0,793.0,21,0.0,26,7800.0,7540.4000000000015,168000.0,19825.0,0.0,203165.4,0.9636121690451063,0.9424657534246575,25
PPE-GLV-04,baseline,41,21669.0,21086.0,583.0,13,0.0,26,7800.0,7790.649999999998,174400.0,14575.0,0.0,204565.65,0.9730952051317551,0.9643835616438357,25
PPE-GLV-04,baseline,42,21859.0,21563.0,296.0,9,0.0,26,7800.0,7811.2,174720.0,7400.0,0.0,197731.2,0.9864586669106546,0.9753424657534246,23
PPE-GLV-04,baseline,43,21752.0,21348.0,404.0,10,0.0,26,7800.0,7791.149999999999,174720.0,10100.0,0.0,200411.15,0.9814269952188305,0.9726027397260274,25
PPE-GLV-04,baseline,44,21926.0,21662.0,264.0,11,0.0,27,8100.0,7741.05,174720.0,6600.0,0.0,197161.05,0.9879595001368239,0.9698630136986301,23
PPE-GLV-04,baseline,45,21604.0,21275.0,329.0,10,0.0,26,7800.0,7782.300000000001,174720.0,8225.0,0.0,198527.3,0.9847713386409924,0.9726027397260274,26
PPE-GLV-04,baseline,46,21770.0,20804.0,966.0,20,0.0,25,7500.0,7508.95,168000.0,24150.0,0.0,207158.95,0.9556270096463022,0.9452054794520548,24
PPE-GLV-04,baseline,47,21734.0,21172.0,562.0,12,0.0,26,7800.0,7875.150000000004,174720.0,14050.0,0.0,204445.15,0.9741418974878071,0.9671232876712329,26
PPE-GLV-04,baseline,48,21333.0,20962.0,371.0,10,0.0,26,7800.0,7792.85,168000.0,9275.0,0.0,192867.85,0.9826091032672386,0.9726027397260274,24
PPE-GLV-04,baseline,49,22008.0,21179.0,829.0,18,0.0,26,7800.0,7575.399999999999,174720.0,20725.0,0.0,210820.4,0.9623318793166121,0.9506849315068493,24
PPE-GLV-04,baseline,50,21901.0,21422.0,479.0,14,0.0,26,7800.0,7551.200000000003,174720.0,11975.0,0.0,202046.2,0.9781288525638099,0.9616438356164384,26
PPE-GLV-04,baseline,51,21684.0,21254.0,430.0,11,0.0,26,7800.0,7847.500000000006,174720.0,10750.0,0.0,201117.5,0.9801697103855377,0.9698630136986301,23
PPE-GLV-04,baseline,52,21312.0,20861.0,451.0,13,0.0,26,7800.0,7920.199999999997,168000.0,11275.0,0.0,194995.2,0.9788382132132132,0.9643835616438357,24
PPE-GLV-04,baseline,53,21959.0,21605.0,354.0,12,0.0,26,7800.0,7875.050000000006,174720.0,8850.0,0.0,199245.05000000002,0.9838790473154515,0.9671232876712329,24
PPE-GLV-04,baseline,54,21469.0,20576.0,893.0,23,0.0,25,7500.0,7290.099999999998,168000.0,22325.0,0.0,205115.1,0.9584051422981974,0.936986301369863,23
PPE-GLV-04,baseline,55,22078.0,21455.0,623.0,14,0.0,26,7800.0,7764.799999999996,174720.0,15575.0,0.0,205859.8,0.9717818642993025,0.9616438356164384,26
PPE-GLV-04,baseline,56,21992.0,21323.0,669.0,16,0.0,26,7800.0,7555.749999999995,174720.0,16725.0,0.0,206800.75,0.9695798472171698,0.9561643835616438,24
PPE-GLV-04,baseline,57,21533.0,20985.0,548.0,13,0.0,26,7800.0,7579.400000000001,174720.0,13700.0,0.0,203799.4,0.9745506896391585,0.9643835616438357,23
PPE-GLV-04,baseline,58,21746.0,21378.0,368.0,11,0.0,26,7800.0,7912.249999999993,174720.0,9200.0,0.0,199632.25,0.9830773475581717,0.9698630136986301,24
PPE-GLV-04,baseline,59,22006.0,21303.0,703.0,15,0.0,26,7800.0,7962.700000000002,174720.0,17575.0,0.0,208057.7,0.9680541670453513,0.9589041095890412,22
PPE-GLV-04,baseline,60,22258.0,21443.0,815.0,18,0.0,26,7800.0,7534.449999999994,174720.0,20375.0,0.0,210429.44999999998,0.9633839518375416,0.9506849315068493,26
PPE-GLV-04,baseline,61,21775.0,21371.0,404.0,11,0.0,26,7800.0,7971.499999999997,174720.0,10100.0,0.0,200591.5,0.9814466130884041,0.9698630136986301,25
PPE-GLV-04,baseline,62,21787.0,21291.0,496.0,11,0.0,26,7800.0,7724.8499999999985,174720.0,12400.0,0.0,202644.85,0.9772341304447606,0.9698630136986301,23
PPE-GLV-04,baseline,63,21823.0,20833.0,990.0,20,0.0,26,7800.0,7760.749999999999,168000.0,24750.0,0.0,208310.75,0.9546350181001696,0.9452054794520548,25
PPE-GLV-04,baseline,64,21979.0,21626.0,353.0,11,0.0,26,7800.0,7631.649999999995,174720.0,8825.0,0.0,198976.65,0.9839392147049456,0.9698630136986301,26
PPE-GLV-04,baseline,65,22401.0,21650.0,751.0,17,0.0,26,7800.0,7401.650000000006,174720.0,18775.0,0.0,208696.65,0.966474710950404,0.9534246575342465,23
PPE-GLV-04,baseline,66,21898.0,21357.0,541.0,14,0.0,26,7800.0,7876.950000000003,174720.0,13525.0,0.0,203921.95,0.9752945474472554,0.9616438356164384,26
PPE-GLV-04,baseline,67,21486.0,21046.0,440.0,11,0.0,26,7800.0,8057.499999999993,174400.0,11000.0,0.0,201257.5,0.979521548915573,0.9698630136986301,26
PPE-GLV-04,baseline,68,21387.0,20860.0,527.0,14,0.0,26,7800.0,7684.8,168000.0,13175.0,0.0,196659.8,0.9753588628606162,0.9616438356164384,23
PPE-GLV-04,baseline,69,22015.0,21577.0,438.0,13,0.0,26,7800.0,8061.799999999999,174720.0,10950.0,0.0,201531.8,0.9801044742221213,0.9643835616438357,25
PPE-GLV-04,baseline,70,21614.0,20905.0,709.0,18,0.0,26,7800.0,7773.300000000003,168000.0,17725.0,0.0,201298.3,0.9671971870084205,0.9506849315068493,24
PPE-GLV-04,baseline,71,21768.0,21517.0,251.0,6,0.0,26,7800.0,7962.299999999999,174720.0,6275.0,0.0,196757.3,0.9884693127526645,0.9835616438356164,23
PPE-GLV-04,baseline,72,22466.0,21945.0,521.0,13,0.0,27,8100.0,7530.849999999995,181440.0,13025.0,0.0,210095.85,0.9768094008724294,0.9643835616438357,25
PPE-GLV-04,baseline,73,22412.0,21727.0,685.0,16,0.0,27,8100.0,7527.899999999997,174720.0,17125.0,0.0,207472.9,0.9694360164197752,0.9561643835616438,26
PPE-GLV-04,baseline,74,21981.0,21441.0,540.0,14,0.0,26,7800.0,7882.350000000002,174720.0,13500.0,0.0,203902.35,0.9754333287839497,0.9616438356164384,26
PPE-GLV-04,baseline,75,21571.0,21209.0,362.0,8,0.0,26,7800.0,8115.849999999996,174720.0,9050.0,0.0,199685.85,0.983218209633304,0.9780821917808219,25
PPE-GLV-04,baseline,76,21789.0,20823.0,966.0,19,0.0,26,7800.0,7298.349999999999,168000.0,24150.0,0.0,207248.35,0.9556657028775988,0.947945205479452,23
PPE-GLV-04,baseline,77,22310.0,21570.0,740.0,20,0.0,26,7800.0,7390.200000000005,174720.0,18500.0,0.0,208410.2,0.9668310174809502,0.9452054794520548,25
PPE-GLV-04,baseline,78,21995.0,21598.0,397.0,13,0.0,26,7800.0,7978.200000000001,174720.0,9925.0,0.0,200423.2,0.9819504432825642,0.9643835616438357,24
PPE-GLV-04,baseline,79,21843.0,21334.0,509.0,17,0.0,26,7800.0,7518.450000000007,174720.0,12725.0,0.0,202763.45,0.9766973401089594,0.9534246575342465,24
PPE-GLV-04,baseline,80,21485.0,20959.0,526.0,14,0.0,26,7800.0,7511.9999999999945,168000.0,13150.0,0.0,196462.0,0.9755178031184547,0.9616438356164384,22
PPE-GLV-04,baseline,81,21331.0,20711.0,620.0,13,0.0,25,7500.0,8111.099999999995,168000.0,15500.0,0.0,199111.1,0.970934320941353,0.9643835616438357,23
PPE-GLV-04,baseline,82,21763.0,21219.0,544.0,15,0.0,26,7800.0,7655.899999999995,174720.0,13600.0,0.0,203775.9,0.9750034462160547,0.9589041095890412,24
PPE-GLV-04,baseline,83,21948.0,21341.0,607.0,18,0.0,26,7800.0,7559.700000000002,174720.0,15175.0,0.0,205254.7,0.9723437215236013,0.9506849315068493,24
PPE-GLV-04,baseline,84,21780.0,21579.0,201.0,5,0.0,26,7800.0,8062.199999999996,174720.0,5025.0,0.0,195607.2,0.9907713498622589,0.9863013698630136,26
PPE-GLV-04,baseline,85,22166.0,21435.0,731.0,16,0.0,26,7800.0,7518.2000000000035,174720.0,18275.0,0.0,208313.2,0.9670215645583325,0.9561643835616438,25
PPE-GLV-04,baseline,86,22049.0,21569.0,480.0,11,0.0,26,7800.0,7815.650000000004,174720.0,12000.0,0.0,202335.65,0.9782303052292621,0.9698630136986301,23
PPE-GLV-04,baseline,87,21993.0,21362.0,631.0,12,0.0,26,7800.0,7614.800000000003,174720.0,15775.0,0.0,205909.8,0.971309052880462,0.9671232876712329,24
PPE-GLV-04,baseline,88,21982.0,21719.0,263.0,7,0.0,27,8100.0,7892.450000000001,174720.0,6575.0,0.0,197287.45,0.9880356655445365,0.9808219178082191,25
PPE-GLV-04,baseline,89,21221.0,20626.0,595.0,16,0.0,25,7500.0,7629.349999999995,168000.0,14875.0,0.0,198004.35,0.9719617360162104,0.9561643835616438,23
PPE-GLV-04,baseline,90,21766.0,21221.0,545.0,11,0.0,26,7800.0,8026.300000000003,174720.0,13625.0,0.0,204171.3,0.9749609482679408,0.9698630136986301,24
PPE-GLV-04,baseline,91,21956.0,21425.0,531.0,11,0.0,26,7800.0,7735.049999999993,174720.0,13275.0,0.0,203530.05,0.9758152668974313,0.9698630136986301,25
PPE-GLV-04,baseline,92,21274.0,20875.0,399.0,10,0.0,26,7800.0,7767.7000000000035,168000.0,9975.0,0.0,193542.7,0.9812447118548463,0.9726027397260274,22
PPE-GLV-04,baseline,93,22295.0,21756.0,539.0,13,0.0,27,8100.0,7608.450000000006,174720.0,13475.0,0.0,203903.45,0.9758241758241758,0.9643835616438357,25
PPE-GLV-04,baseline,94,21939.0,21604.0,335.0,11,0.0,26,7800.0,7862.949999999998,174720.0,8375.0,0.0,198757.95,0.9847303888053238,0.9698630136986301,25
PPE-GLV-04,baseline,95,21800.0,21313.0,487.0,12,0.0,26,7800.0,7510.250000000003,174720.0,12175.0,0.0,202205.25,0.9776605504587156,0.9671232876712329,25
PPE-GLV-04,baseline,96,22089.0,21377.0,712.0,16,0.0,26,7800.0,7451.600000000007,174720.0,17800.0,0.0,207771.6,0.967766761736611,0.9561643835616438,24
PPE-GLV-04,baseline,97,21650.0,21297.0,353.0,8,0.0,26,7800.0,7814.0,174720.0,8825.0,0.0,199159.0,0.9836951501154735,0.9780821917808219,24
PPE-GLV-04,baseline,98,21838.0,21403.0,435.0,12,0.0,26,7800.0,7678.6500000000015,174720.0,10875.0,0.0,201073.65,0.9800805934609397,0.9671232876712329,24
PPE-GLV-04,baseline,99,21879.0,21316.0,563.0,14,0.0,26,7800.0,7589.75,174720.0,14075.0,0.0,204184.75,0.9742675625028566,0.9616438356164384,23
PPE-GLV-04,baseline,100,22164.0,21419.0,745.0,17,0.0,26,7800.0,7526.099999999999,174720.0,18625.0,0.0,208671.1,0.9663869337664681,0.9534246575342465,20
PPE-GLV-04,baseline,101,22172.0,21764.0,408.0,12,0.0,27,8100.0,7577.8000000000075,174720.0,10200.0,0.0,200597.80000000002,0.9815984124120513,0.9671232876712329,24
PPE-GLV-04,baseline,102,21900.0,21144.0,756.0,18,0.0,26,7800.0,7641.400000000007,174720.0,18900.0,0.0,209061.4,0.9654794520547946,0.9506849315068493,25
PPE-GLV-04,baseline,103,21835.0,21216.0,619.0,12,0.0,26,7800.0,7895.650000000003,174720.0,15475.0,0.0,205890.65,0.9716510190061828,0.9671232876712329,24
PPE-GLV-04,baseline,104,21768.0,21271.0,497.0,15,0.0,26,7800.0,7531.749999999995,174720.0,12425.0,0.0,202476.75,0.9771683204704152,0.9589041095890412,24
PPE-GLV-04,baseline,105,22093.0,21472.0,621.0,13,0.0,26,7800.0,7896.050000000002,174720.0,15525.0,0.0,205941.05,0.9718915493595256,0.9643835616438357,25
PPE-GLV-04,baseline,106,21625.0,21011.0,614.0,15,0.0,26,7800.0,7534.549999999997,174400.0,15350.0,0.0,205084.55,0.971606936416185,0.9589041095890412,25
PPE-GLV-04,baseline,107,21600.0,20999.0,601.0,15,0.0,26,7800.0,7468.400000000006,174400.0,15025.0,0.0,204693.4,0.9721759259259259,0.9589041095890412,24
PPE-GLV-04,baseline,108,22023.0,21547.0,476.0,12,0.0,26,7800.0,7811.349999999996,174720.0,11900.0,0.0,202231.35,0.9783862325750352,0.9671232876712329,25
PPE-GLV-04,baseline,109,22302.0,21432.0,870.0,20,0.0,26,7800.0,7485.499999999999,174720.0,21750.0,0.0,211755.5,0.9609900457358085,0.9452054794520548,24
PPE-GLV-04,baseline,110,22040.0,21902.0,138.0,7,0.0,27,8100.0,7947.2500000000055,181440.0,3450.0,0.0,200937.25,0.9937386569872958,0.9808219178082191,26
PPE-GLV-04,baseline,111,21909.0,21158.0,751.0,18,0.0,26,7800.0,7395.649999999999,174720.0,18775.0,0.0,208690.65,0.965721849468255,0.9506849315068493,24
PPE-GLV-04,baseline,112,21755.0,21126.0,629.0,15,0.0,26,7800.0,7717.999999999997,174720.0,15725.0,0.0,205963.0,0.971087106412319,0.9589041095890412,26
PPE-GLV-04,baseline,113,21838.0,21400.0,438.0,10,0.0,26,7800.0,7645.600000000001,174720.0,10950.0,0.0,201115.6,0.9799432182434289,0.9726027397260274,25
PPE-GLV-04,baseline,114,21852.0,21224.0,628.0,17,0.0,26,7800.0,7537.349999999999,174720.0,15700.0,0.0,205757.35,0.9712612117883946,0.9534246575342465,25
PPE-GLV-04,baseline,115,22166.0,21829.0,337.0,8,0.0,27,8100.0,7885.6,181440.0,8425.0,0.0,205850.6,0.9847965352341423,0.9780821917808219,26
PPE-GLV-04,baseline,116,21888.0,21541.0,347.0,9,0.0,26,7800.0,7854.4500000000035,174720.0,8675.0,0.0,199049.45,0.9841465643274854,0.9753424657534246,25
PPE-GLV-04,baseline,117,22261.0,21896.0,365.0,9,0.0,27,8100.0,8020.149999999993,181120.0,9125.0,0.0,206365.15,0.9836036116975877,0.9753424657534246,25
PPE-GLV-04,baseline,118,21852.0,21344.0,508.0,13,0.0,26,7800.0,7819.35000000001,174720.0,12700.0,0.0,203039.35,0.976752699981695,0.9643835616438357,24
PPE-GLV-04,baseline,119,21752.0,21108.0,644.0,15,0.0,26,7800.0,7527.95,174720.0,16100.0,0.0,206147.95,0.9703935270319971,0.9589041095890412,25
PPE-GLV-04,baseline,120,21941.0,21224.0,717.0,21,0.0,26,7800.0,7415.500000000001,174720.0,17925.0,0.0,207860.5,0.9673214529875576,0.9424657534246575,24
PPE-GLV-04,baseline,121,21990.0,21379.0,611.0,16,0.0,26,7800.0,7741.0999999999985,174720.0,15275.0,0.0,205536.1,0.9722146430195543,0.9561643835616438,24
PPE-GLV-04,baseline,122,21523.0,20876.0,647.0,16,0.0,26,7800.0,7245.4000000000015,168000.0,16175.0,0.0,199220.4,0.9699391348789667,0.9561643835616438,24
PPE-GLV-04,baseline,123,22264.0,21590.0,674.0,16,0.0,26,7800.0,7757.749999999996,174720.0,16850.0,0.0,207127.75,0.9697269134028027,0.9561643835616438,22
PPE-GLV-04,baseline,124,21614.0,21217.0,397.0,8,0.0,26,7800.0,8013.950000000002,174720.0,9925.0,0.0,200458.95,0.9816322753770704,0.9780821917808219,25
PPE-GLV-04,baseline,125,22233.0,21703.0,530.0,12,0.0,27,8100.0,7676.949999999994,174720.0,13250.0,0.0,203746.94999999998,0.9761615616426034,0.9671232876712329,24
PPE-GLV-04,baseline,126,22082.0,21696.0,386.0,9,0.0,27,8100.0,7871.500000000001,174720.0,9650.0,0.0,200341.5,0.9825196993025994,0.9753424657534246,23
PPE-GLV-04,baseline,127,21836.0,21443.0,393.0,10,0.0,26,7800.0,7903.700000000001,174720.0,9825.0,0.0,200248.7,0.9820021982047994,0.9726027397260274,24
PPE-GLV-04,baseline,128,21923.0,21369.0,554.0,16,0.0,26,7800.0,7781.4000000000015,174720.0,13850.0,0.0,204151.4,0.9747297358938102,0.9561643835616438,24
PPE-GLV-04,baseline,129,21440.0,20776.0,664.0,18,0.0,25,7500.0,7612.5499999999965,168000.0,16600.0,0.0,199712.55,0.9690298507462687,0.9506849315068493,23
PPE-GLV-04,baseline,130,22213.0,21662.0,551.0,12,0.0,27,8100.0,7650.149999999999,174720.0,13775.0,0.0,204245.15,0.9751947058029082,0.9671232876712329,24
PPE-GLV-04,baseline,131,22289.0,21496.0,793.0,18,0.0,26,7800.0,7699.449999999997,174720.0,19825.0,0.0,210044.45,0.9644219121539773,0.9506849315068493,26
PPE-GLV-04,baseline,132,21608.0,20596.0,1012.0,21,0.0,25,7500.0,7499.000000000001,168000.0,25300.0,0.0,208299.0,0.9531654942613846,0.9424657534246575,25
PPE-GLV-04,baseline,133,22224.0,21794.0,430.0,10,0.0,27,8100.0,7700.850000000004,181120.0,10750.0,0.0,207670.85,0.9806515478761699,0.9726027397260274,26
PPE-GLV-04,baseline,134,21829.0,21336.0,493.0,15,0.0,26,7800.0,7512.100000000003,174720.0,12325.0,0.0,202357.1,0.9774153648815795,0.9589041095890412,24
PPE-GLV-04,baseline,135,21502.0,21108.0,394.0,11,0.0,26,7800.0,7593.449999999999,174720.0,9850.0,0.0,199963.45,0.9816761231513348,0.9698630136986301,23
PPE-GLV-04,baseline,136,21596.0,20845.0,751.0,17,0.0,26,7800.0,7811.400000000003,168000.0,18775.0,0.0,202386.4,0.9652250416743842,0.9534246575342465,24
PPE-GLV-04,baseline,137,21541.0,20947.0,594.0,16,0.0,26,7800.0,7347.849999999996,168000.0,14850.0,0.0,197997.85,0.9724246785200316,0.9561643835616438,23
PPE-GLV-04,baseline,138,21564.0,21437.0,127.0,4,0.0,26,7800.0,8023.050000000002,174720.0,3175.0,0.0,193718.05,0.9941105546280838,0.989041095890411,24
PPE-GLV-04,baseline,139,21969.0,21451.0,518.0,12,0.0,26,7800.0,7755.099999999997,174720.0,12950.0,0.0,203225.1,0.9764213209522509,0.9671232876712329,24
PPE-GLV-04,baseline,140,21953.0,21303.0,650.0,16,0.0,26,7800.0,7600.950000000002,174720.0,16250.0,0.0,206370.95,0.9703912904842162,0.9561643835616438,24
PPE-GLV-04,baseline,141,21506.0,20757.0,749.0,17,0.0,25,7500.0,7444.3499999999985,168000.0,18725.0,0.0,201669.35,0.96517250999721,0.9534246575342465,23
PPE-GLV-04,baseline,142,21597.0,21042.0,555.0,14,0.0,26,7800.0,7576.65,174400.0,13875.0,0.0,203651.65,0.9743019863869982,0.9616438356164384,24
PPE-GLV-04,baseline,143,22198.0,21145.0,1053.0,22,0.0,26,7800.0,7127.000000000001,174720.0,26325.0,0.0,215972.0,0.9525632939904496,0.9397260273972603,25
PPE-GLV-04,baseline,144,21475.0,20936.0,539.0,14,0.0,26,7800.0,7859.150000000005,168000.0,13475.0,0.0,197134.15,0.9749010477299185,0.9616438356164384,25
PPE-GLV-04,baseline,145,21907.0,21207.0,700.0,15,0.0,26,7800.0,7642.450000000002,174720.0,17500.0,0.0,207662.45,0.9680467430501666,0.9589041095890412,25
PPE-GLV-04,baseline,146,21643.0,21034.0,609.0,17,0.0,26,7800.0,7709.85,174400.0,15225.0,0.0,205134.85,0.9718615718708127,0.9534246575342465,23
PPE-GLV-04,baseline,147,21582.0,21288.0,294.0,9,0.0,26,7800.0,7847.449999999994,174720.0,7350.0,0.0,197717.44999999998,0.9863775368362524,0.9753424657534246,23
PPE-GLV-04,baseline,148,22075.0,21564.0,511.0,10,0.0,26,7800.0,7890.650000000005,174720.0,12775.0,0.0,203185.65,0.9768516421291054,0.9726027397260274,24
PPE-GLV-04,baseline,149,22155.0,21488.0,667.0,16,0.0,26,7800.0,7452.7,174720.0,16675.0,0.0,206647.7,0.9698939291356353,0.9561643835616438,23
PPE-GLV-04,baseline,150,21425.0,21046.0,379.0,8,0.0,26,7800.0,7752.250000000003,174720.0,9475.0,0.0,199747.25,0.9823103850641773,0.9780821917808219,22
PPE-GLV-04,baseline,151,21624.0,21212.0,412.0,11,0.0,26,7800.0,7879.949999999995,174720.0,10300.0,0.0,200699.94999999998,0.9809470958194598,0.9698630136986301,26
PPE-GLV-04,baseline,152,21755.0,21144.0,611.0,15,0.0,26,7800.0,7700.199999999998,174720.0,15275.0,0.0,205495.2,0.9719145024132383,0.9589041095890412,23
PPE-GLV-04,baseline,153,21871.0,21333.0,538.0,11,0.0,26,7800.0,7642.950000000002,174720.0,13450.0,0.0,203612.95,0.975401216222395,0.9698630136986301,25
PPE-GLV-04,baseline,154,21947.0,21157.0,790.0,19,0.0,26,7800.0,7465.950000000005,174720.0,19750.0,0.0,209735.95,0.9640041919168907,0.947945205479452,20
PPE-GLV-04,baseline,155,21890.0,21591.0,299.0,10,0.0,26,7800.0,7740.100000000004,174720.0,7475.0,0.0,197735.1,0.9863407948835085,0.9726027397260274,24
PPE-GLV-04,baseline,156,21668.0,21322.0,346.0,9,0.0,26,7800.0,7973.000000000003,174720.0,8650.0,0.0,199143.0,0.9840317518921913,0.9753424657534246,26
PPE-GLV-04,baseline,157,21852.0,21296.0,556.0,14,0.0,26,7800.0,7220.550000000002,174720.0,13900.0,0.0,203640.55,0.9745561047043749,0.9616438356164384,23
PPE-GLV-04,baseline,158,22035.0,21734.0,301.0,11,0.0,27,8100.0,7701.100000000001,174720.0,7525.0,0.0,198046.1,0.9863399137735421,0.9698630136986301,25
PPE-GLV-04,baseline,159,22324.0,21685.0,639.0,17,0.0,27,8100.0,7496.099999999997,174720.0,15975.0,0.0,206291.1,0.971376097473571,0.9534246575342465,23
PPE-GLV-04,baseline,160,22160.0,21724.0,436.0,14,0.0,27,8100.0,7832.050000000002,174720.0,10900.0,0.0,201552.05,0.9803249097472925,0.9616438356164384,25
PPE-GLV-04,baseline,161,22077.0,21409.0,668.0,19,0.0,26,7800.0,7283.600000000007,174720.0,16700.0,0.0,206503.6,0.9697422657063912,0.947945205479452,23
PPE-GLV-04,baseline,162,22117.0,21139.0,978.0,24,0.0,26,7800.0,7422.850000000001,174720.0,24450.0,0.0,214392.85,0.9557806212415789,0.9342465753424658,24
PPE-GLV-04,baseline,163,21716.0,21425.0,291.0,8,0.0,26,7800.0,7754.800000000004,174720.0,7275.0,0.0,197549.8,0.9865997421256216,0.9780821917808219,26
PPE-GLV-04,baseline,164,21922.0,21564.0,358.0,7,0.0,26,7800.0,8019.000000000001,174720.0,8950.0,0.0,199489.0,0.9836693732323694,0.9808219178082191,23
PPE-GLV-04,baseline,165,21753.0,21163.0,590.0,15,0.0,26,7800.0,7588.950000000002,174720.0,14750.0,0.0,204858.95,0.9728773042798694,0.9589041095890412,23
PPE-GLV-04,baseline,166,22082.0,21471.0,611.0,14,0.0,26,7800.0,7635.350000000003,174720.0,15275.0,0.0,205430.35,0.9723304048546327,0.9616438356164384,26
PPE-GLV-04,baseline,167,21989.0,21334.0,655.0,17,0.0,26,7800.0,7731.050000000004,174720.0,16375.0,0.0,206626.05,0.9702123789167311,0.9534246575342465,25
PPE-GLV-04,baseline,168,21894.0,21367.0,527.0,13,0.0,26,7800.0,7768.4499999999925,174720.0,13175.0,0.0,203463.44999999998,0.9759294783959076,0.9643835616438357,24
PPE-GLV-04,baseline,169,21636.0,21308.0,328.0,8,0.0,26,7800.0,8066.600000000001,174720.0,8200.0,0.0,198786.6,0.984840081345905,0.9780821917808219,26
PPE-GLV-04,baseline,170,21960.0,21454.0,506.0,11,0.0,26,7800.0,7799.949999999997,174720.0,12650.0,0.0,202969.95,0.9769581056466302,0.9698630136986301,23
PPE-GLV-04,baseline,171,21901.0,21431.0,470.0,11,0.0,26,7800.0,7704.899999999998,174720.0,11750.0,0.0,201974.9,0.9785397927035295,0.9698630136986301,23
PPE-GLV-04,baseline,172,21821.0,21272.0,549.0,15,0.0,26,7800.0,7809.000000000002,174720.0,13725.0,0.0,204054.0,0.9748407497364924,0.9589041095890412,23
PPE-GLV-04,baseline,173,22423.0,21840.0,583.0,14,0.0,27,8100.0,7527.649999999995,174720.0,14575.0,0.0,204922.65,0.973999910805869,0.9616438356164384,24
PPE-GLV-04,baseline,174,21538.0,20765.0,773.0,21,0.0,25,7500.0,7289.0000000000055,168000.0,19325.0,0.0,202114.0,0.9641099452131117,0.9424657534246575,19
PPE-GLV-04,baseline,175,21976.0,21270.0,706.0,18,0.0,26,7800.0,7616.650000000001,174720.0,17650.0,0.0,207786.65,0.9678740444120859,0.9506849315068493,25
PPE-GLV-04,baseline,176,22245.0,21633.0,612.0,16,0.0,26,7800.0,7577.900000000004,174720.0,15300.0,0.0,205397.9,0.9724881995954147,0.9561643835616438,24
PPE-GLV-04,baseline,177,21357.0,21000.0,357.0,10,0.0,26,7800.0,7591.299999999993,168000.0,8925.0,0.0,192316.3,0.983284169124877,0.9726027397260274,23
PPE-GLV-04,baseline,178,22025.0,21096.0,929.0,18,0.0,26,7800.0,7468.000000000003,174720.0,23225.0,0.0,213213.0,0.9578206583427923,0.9506849315068493,22
PPE-GLV-04,baseline,179,21745.0,21300.0,445.0,12,0.0,26,7800.0,7773.150000000003,174720.0,11125.0,0.0,201418.15,0.9795355254081398,0.9671232876712329,26
PPE-GLV-04,baseline,180,22184.0,21754.0,430.0,10,0.0,27,8100.0,7555.0,174720.0,10750.0,0.0,201125.0,0.9806166606563289,0.9726027397260274,24
PPE-GLV-04,baseline,181,22258.0,21901.0,357.0,12,0.0,27,8100.0,7825.85,181120.0,8925.0,0.0,205970.85,0.9839608230748494,0.9671232876712329,25
PPE-GLV-04,baseline,182,21357.0,20916.0,441.0,11,0.0,26,7800.0,7779.199999999987,168000.0,11025.0,0.0,194604.19999999998,0.9793510324483776,0.9698630136986301,25
PPE-GLV-04,baseline,183,21977.0,21397.0,580.0,15,0.0,26,7800.0,7491.100000000004,174720.0,14500.0,0.0,204511.1,0.9736087728079356,0.9589041095890412,26
PPE-GLV-04,baseline,184,21754.0,21276.0,478.0,11,0.0,26,7800.0,7611.3000000000075,174720.0,11950.0,0.0,202081.30000000002,0.978027029511814,0.9698630136986301,24
PPE-GLV-04,baseline,185,22072.0,21432.0,640.0,15,0.0,26,7800.0,7942.250000000001,174720.0,16000.0,0.0,206462.25,0.9710039869517941,0.9589041095890412,26
PPE-GLV-04,baseline,186,22000.0,21557.0,443.0,13,0.0,26,7800.0,7884.449999999996,174720.0,11075.0,0.0,201479.45,0.9798636363636364,0.9643835616438357,24
PPE-GLV-04,baseline,187,21143.0,20763.0,380.0,10,0.0,25,7500.0,7914.149999999997,168000.0,9500.0,0.0,192914.15,0.9820271484652131,0.9726027397260274,25
PPE-GLV-04,baseline,188,21722.0,21317.0,405.0,8,0.0,26,7800.0,8076.149999999999,174720.0,10125.0,0.0,200721.15,0.9813553079826903,0.9780821917808219,25
PPE-GLV-04,baseline,189,21019.0,20433.0,586.0,16,0.0,25,7500.0,7655.649999999998,168000.0,14650.0,0.0,197805.65,0.972120462438746,0.9561643835616438,24
PPE-GLV-04,baseline,190,22231.0,21626.0,605.0,12,0.0,26,7800.0,7791.4999999999945,174720.0,15125.0,0.0,205436.5,0.9727857496288966,0.9671232876712329,25
PPE-GLV-04,baseline,191,22222.0,21460.0,762.0,18,0.0,26,7800.0,7489.399999999998,174720.0,19050.0,0.0,209059.4,0.965709657096571,0.9506849315068493,24
PPE-GLV-04,baseline,192,22377.0,21537.0,840.0,17,0.0,26,7800.0,7429.299999999998,174720.0,21000.0,0.0,210949.3,0.9624614559592438,0.9534246575342465,25
PPE-GLV-04,baseline,193,21878.0,21241.0,637.0,14,0.0,26,7800.0,8050.449999999995,174720.0,15925.0,0.0,206495.44999999998,0.9708839930523814,0.9616438356164384,25
PPE-GLV-04,baseline,194,21706.0,20986.0,720.0,16,0.0,26,7800.0,7413.950000000001,174720.0,18000.0,0.0,207933.95,0.9668294480788722,0.9561643835616438,23
PPE-GLV-04,baseline,195,22226.0,21760.0,466.0,11,0.0,27,8100.0,7666.000000000005,174720.0,11650.0,0.0,202136.0,0.97903356429407,0.9698630136986301,25
PPE-GLV-04,baseline,196,21485.0,21062.0,423.0,10,0.0,26,7800.0,8191.5,174720.0,10575.0,0.0,201286.5,0.9803118454735862,0.9726027397260274,22
PPE-GLV-04,baseline,197,21972.0,21670.0,302.0,9,0.0,27,8100.0,7651.549999999999,174720.0,7550.0,0.0,198021.55,0.986255233934098,0.9753424657534246,23
PPE-GLV-04,baseline,198,21738.0,21258.0,480.0,14,0.0,26,7800.0,7942.449999999998,174720.0,12000.0,0.0,202462.45,0.9779188517802926,0.9616438356164384,26
PPE-GLV-04,baseline,199,22053.0,21614.0,439.0,13,0.0,26,7800.0,7759.85,174720.0,10975.0,0.0,201254.85,0.980093411327257,0.9643835616438357,26
PPE-GLV-04,probabilistic,0,21763.0,21604.0,159.0,3,0.0,25,7500.0,10022.3571123921,177366.38099164193,3975.0,0.0,198863.73810403404,0.9926940219638837,0.9917808219178083,24
PPE-GLV-04,probabilistic,1,22238.0,21959.79762395524,278.2023760447596,5,0.0,26,7800.0,9875.228775623415,177964.76198328385,6955.05940111899,0.0,202595.05016002627,0.9874897753374963,0.9863013698630136,23
PPE-GLV-04,probabilistic,2,21814.0,21691.0,123.0,2,0.0,25,7500.0,10103.286993589849,177758.38099164193,3075.0,0.0,198436.6679852318,0.9943614192720271,0.9945205479452055,24
PPE-GLV-04,probabilistic,3,22412.0,22253.0,159.0,3,0.0,26,7800.0,10123.007112392084,179302.38099164193,3975.0,0.0,201200.388104034,0.9929055862930573,0.9917808219178083,24
PPE-GLV-04,probabilistic,4,21989.0,21778.0,211.0,3,0.0,25,7500.0,9559.027112392085,179710.38099164193,5275.0,0.0,202044.40810403402,0.9904042930556187,0.9917808219178083,22
PPE-GLV-04,probabilistic,5,22171.0,21957.0,214.0,4,0.0,25,7500.0,9818.01723119433,178286.38099164193,5350.0,0.0,200954.39822283626,0.9903477515673628,0.989041095890411,21
PPE-GLV-04,probabilistic,6,21992.0,21780.79762395524,211.2023760447596,4,0.0,25,7500.0,10026.808894425669,179372.76198328385,5280.05940111899,0.0,202179.6302788285,0.9903963997797036,0.989041095890411,23
PPE-GLV-04,probabilistic,7,22116.0,21924.79762395524,191.2023760447596,4,0.0,26,7800.0,9503.168775623417,176884.76198328385,4780.05940111899,0.0,198967.99016002627,0.9913545679126081,0.989041095890411,23
PPE-GLV-04,probabilistic,8,21962.0,21731.0,231.0,4,0.0,25,7500.0,10060.377231194328,177902.38099164193,5775.0,0.0,201237.75822283624,0.9894818322557144,0.989041095890411,24
PPE-GLV-04,probabilistic,9,21888.0,21615.79762395524,272.2023760447596,6,0.0,25,7500.0,10020.679250832367,179700.76198328385,6805.05940111899,0.0,204026.5006352352,0.9875638534336276,0.9835616438356164,25
PPE-GLV-04,probabilistic,10,22184.0,21955.79762395524,228.2023760447596,5,0.0,25,7500.0,9889.679013227893,178228.76198328385,5705.05940111899,0.0,201323.50039763073,0.9897131997816102,0.9863013698630136,22
PPE-GLV-04,probabilistic,11,21361.0,21252.0,109.0,2,0.0,25,7500.0,10503.056993589835,176726.38099164193,2725.0,0.0,197454.43798523175,0.9948972426384532,0.9945205479452055,23
PPE-GLV-04,probabilistic,12,21886.0,21613.79762395524,272.2023760447596,6,0.0,25,7500.0,9772.376989467448,179292.76198328385,6805.05940111899,0.0,203370.19837387028,0.9875627169859837,0.9835616438356164,21
PPE-GLV-04,probabilistic,13,22082.0,21834.79762395524,247.2023760447596,5,0.0,25,7500.0,9949.008894425651,178156.76198328385,6180.05940111899,0.0,201785.83027882848,0.988805254232191,0.9863013698630136,24
PPE-GLV-04,probabilistic,14,21496.0,21264.79762395524,231.2023760447596,4,0.0,25,7500.0,9901.226751862965,177532.76198328385,5780.05940111899,0.0,200714.0481362658,0.9892444000723503,0.989041095890411,24
PPE-GLV-04,probabilistic,15,21204.0,21041.0,163.0,3,0.0,24,7200.0,10033.847112392084,171918.38099164193,4075.0,0.0,193227.228104034,0.99231277117525,0.9917808219178083,24
PPE-GLV-04,probabilistic,16,21868.0,21670.79762395524,197.2023760447596,4,0.0,25,7500.0,9979.518894425662,178764.76198328385,4930.05940111899,0.0,201174.3402788285,0.990982148525482,0.989041095890411,24
PPE-GLV-04,probabilistic,17,21510.0,21342.0,168.0,3,0.0,25,7500.0,9923.407112392088,177310.38099164193,4200.0,0.0,198933.78810403403,0.992189679218968,0.9917808219178083,24
PPE-GLV-04,probabilistic,18,21546.0,21461.0,85.0,2,0.0,25,7500.0,10122.156993589855,178982.38099164193,2125.0,0.0,198729.5379852318,0.996054952195303,0.9945205479452055,24
PPE-GLV-04,probabilistic,19,22035.0,21860.79762395524,174.2023760447596,4,0.0,25,7500.0,9864.72865682118,178876.76198328385,4355.05940111899,0.0,200596.55004122402,0.99209428744975,0.989041095890411,22
PPE-GLV-04,probabilistic,20,21784.0,21644.0,140.0,2,0.0,25,7500.0,10353.186993589841,178902.38099164193,3500.0,0.0,200255.56798523176,0.993573264781491,0.9945205479452055,25
PPE-GLV-04,probabilistic,21,22409.0,22333.0,76.0,1,0.0,26,7800.0,10025.476874787604,185062.38099164193,1900.0,0.0,204787.85786642952,0.9966085055111785,0.9972602739726028,26
PPE-GLV-04,probabilistic,22,21327.0,21151.0,176.0,3,0.0,25,7500.0,10229.357112392088,174271.98099164193,4400.0,0.0,196401.33810403402,0.9917475500539222,0.9917808219178083,23
PPE-GLV-04,probabilistic,23,22246.0,21982.0,264.0,4,0.0,25,7500.0,9868.607231194334,179046.38099164193,6600.0,0.0,203014.98822283625,0.988132698013126,0.989041095890411,25
PPE-GLV-04,probabilistic,24,21837.0,21628.59524791048,208.4047520895192,5,0.0,25,7500.0,9781.960201250275,177539.14297492575,5210.11880223798,0.0,200031.22197841402,0.9904563469300033,0.9863013698630136,24
PPE-GLV-04,probabilistic,25,22146.0,21949.59524791048,196.4047520895192,5,0.0,25,7500.0,10345.719726041316,178907.14297492578,4910.11880223798,0.0,201662.98150320508,0.9911313667439032,0.9863013698630136,25
PPE-GLV-04,probabilistic,26,21295.0,21155.0,140.0,2,0.0,25,7500.0,9917.936993589845,177806.38099164193,3500.0,0.0,198724.31798523176,0.9934256867809345,0.9945205479452055,25
PPE-GLV-04,probabilistic,27,21643.0,21547.0,96.0,2,0.0,25,7500.0,10154.134969829403,177998.38099164193,2400.0,0.0,198052.51596147133,0.9955643857136256,0.9945205479452055,23
PPE-GLV-04,probabilistic,28,22231.0,22056.0,175.0,3,0.0,26,7800.0,10037.697112392083,178446.38099164193,4375.0,0.0,200659.078104034,0.9921281093967883,0.9917808219178083,23
PPE-GLV-04,probabilistic,29,21677.0,21489.79762395524,187.2023760447596,4,0.0,25,7500.0,9736.12877562342,177772.76198328385,4680.05940111899,0.0,199688.95016002626,0.9913640090397767,0.989041095890411,22
PPE-GLV-04,probabilistic,30,22049.0,21859.0,190.0,3,0.0,26,7800.0,10057.497112392079,177150.38099164193,4750.0,0.0,199757.878104034,0.9913828291532496,0.9917808219178083,22
PPE-GLV-04,probabilistic,31,21638.0,21453.79762395524,184.2023760447596,3,0.0,25,7500.0,9896.088538018945,177012.76198328385,4605.05940111899,0.0,199013.90992242176,0.9914870886382864,0.9917808219178083,22
PPE-GLV-04,probabilistic,32,21808.0,21579.0,229.0,4,0.0,25,7500.0,10162.917231194315,178054.38099164193,5725.0,0.0,201442.29822283625,0.9894992663242846,0.989041095890411,24
PPE-GLV-04,probabilistic,33,22047.0,21902.0,145.0,3,0.0,25,7500.0,9911.007112392082,177910.38099164193,3625.0,0.0,198946.388104034,0.9934231414704948,0.9917808219178083,21
PPE-GLV-04,probabilistic,34,21453.0,21167.79762395524,285.2023760447596,5,0.0,25,7500.0,9469.566633060727,170870.38099164193,7130.05940111899,0.0,194970.00702582163,0.9867057112737259,0.9863013698630136,20
PPE-GLV-04,probabilistic,35,21653.0,21355.0,298.0,4,0.0,25,7500.0,10321.407231194324,178174.38099164193,7450.0,0.0,203445.78822283624,0.9862374728675011,0.989041095890411,24
PPE-GLV-04,probabilistic,36,22127.0,22007.0,120.0,2,0.0,25,7500.0,9776.436993589848,178430.38099164193,3000.0,0.0,198706.81798523178,0.9945767614226962,0.9945205479452055,25
PPE-GLV-04,probabilistic,37,21564.0,21277.0,287.0,4,0.0,25,7500.0,9968.177231194326,170966.38099164193,7175.0,0.0,195609.55822283626,0.9866907809311816,0.989041095890411,20
PPE-GLV-04,probabilistic,38,22431.0,22186.0,245.0,4,0.0,26,7800.0,9974.087231194328,185446.38099164193,6125.0,0.0,209345.46822283627,0.9890776157995631,0.989041095890411,24
PPE-GLV-04,probabilistic,39,22079.0,21904.59524791048,174.4047520895192,4,0.0,25,7500.0,9697.140201250273,178899.14297492578,4360.11880223798,0.0,200456.40197841404,0.9921008763037493,0.989041095890411,24
PPE-GLV-04,probabilistic,40,21774.0,21497.0,277.0,4,0.0,25,7500.0,9886.137231194332,177222.38099164193,6925.0,0.0,201533.51822283625,0.987278405437678,0.989041095890411,22
PPE-GLV-04,probabilistic,41,21928.0,21706.0,222.0,4,0.0,25,7500.0,10599.697231194321,178366.38099164193,5550.0,0.0,202016.07822283625,0.989875957679679,0.989041095890411,23
PPE-GLV-04,probabilistic,42,21812.0,21677.0,135.0,2,0.0,25,7500.0,10065.786993589838,177542.38099164193,3375.0,0.0,198483.16798523176,0.9938107463781405,0.9945205479452055,22
PPE-GLV-04,probabilistic,43,22048.0,21921.0,127.0,2,0.0,26,7800.0,10161.546993589842,177270.38099164193,3175.0,0.0,198406.92798523177,0.9942398403483309,0.9945205479452055,23
PPE-GLV-04,probabilistic,44,21684.0,21651.0,33.0,1,0.0,25,7500.0,10051.276874787614,178838.38099164193,825.0,0.0,197214.65786642954,0.9984781405644715,0.9972602739726028,25
PPE-GLV-04,probabilistic,45,21443.0,21340.79762395524,102.2023760447596,3,0.0,25,7500.0,9990.038775623412,171740.76198328385,2555.05940111899,0.0,191785.86016002626,0.9952337650494446,0.9917808219178083,22
PPE-GLV-04,probabilistic,46,21851.0,21669.0,182.0,3,0.0,25,7500.0,10136.257112392084,176878.38099164193,4550.0,0.0,199064.638104034,0.9916708617454578,0.9917808219178083,24
PPE-GLV-04,probabilistic,47,21799.0,21528.79762395524,270.2023760447596,5,0.0,25,7500.0,9767.76734999656,172230.38099164193,6755.05940111899,0.0,196253.20774275748,0.98760482700836,0.9863013698630136,23
PPE-GLV-04,probabilistic,48,21606.0,21503.0,103.0,2,0.0,25,7500.0,10149.736993589848,178126.38099164193,2575.0,0.0,198351.11798523177,0.9952328057021198,0.9945205479452055,25
PPE-GLV-04,probabilistic,49,22006.0,21745.0,261.0,5,0.0,25,7500.0,9848.717349996565,176974.38099164193,6525.0,0.0,200848.09834163848,0.9881395982913751,0.9863013698630136,24
PPE-GLV-04,probabilistic,50,21972.0,21898.0,74.0,1,0.0,25,7500.0,9955.316874787599,178398.38099164193,1850.0,0.0,197703.69786642952,0.9966320771891498,0.9972602739726028,23
PPE-GLV-04,probabilistic,51,21338.0,21097.59524791048,240.4047520895192,6,0.0,25,7500.0,10058.49079526147,169507.14297492575,6010.11880223798,0.0,193075.7525724252,0.9887334917944738,0.9835616438356164,23
PPE-GLV-04,probabilistic,52,21178.0,20906.59524791048,271.4047520895192,7,0.0,24,7200.0,10107.8609140637,171931.14297492575,6785.11880223798,0.0,196024.12269122744,0.9871845900420475,0.9808219178082191,23
PPE-GLV-04,probabilistic,53,21858.0,21689.0,169.0,3,0.0,25,7500.0,9940.457112392085,177630.38099164193,4225.0,0.0,199295.83810403402,0.9922682770610303,0.9917808219178083,24
PPE-GLV-04,probabilistic,54,21700.0,21598.0,102.0,2,0.0,25,7500.0,10271.386993589851,177278.38099164193,2550.0,0.0,197599.76798523177,0.995299539170507,0.9945205479452055,24
PPE-GLV-04,probabilistic,55,21977.0,21799.0,178.0,3,0.0,25,7500.0,9807.187112392083,179374.38099164193,4450.0,0.0,201131.568104034,0.9919006233789871,0.9917808219178083,24
PPE-GLV-04,probabilistic,56,22000.0,21846.0,154.0,3,0.0,25,7500.0,10024.617112392087,177878.38099164193,3850.0,0.0,199252.99810403402,0.993,0.9917808219178083,23
PPE-GLV-04,probabilistic,57,21513.0,21383.0,130.0,2,0.0,25,7500.0,10159.06699358984,177942.38099164193,3250.0,0.0,198851.44798523176,0.9939571421930925,0.9945205479452055,24
PPE-GLV-04,probabilistic,58,21705.0,21574.0,131.0,3,0.0,25,7500.0,10265.627112392085,177750.38099164193,3275.0,0.0,198791.008104034,0.993964524303156,0.9917808219178083,22
PPE-GLV-04,probabilistic,59,21781.0,21470.79762395524,310.2023760447596,6,0.0,25,7500.0,9782.567227071922,178580.76198328385,7755.05940111899,0.0,203618.38861147474,0.9857581205617392,0.9835616438356164,22
PPE-GLV-04,probabilistic,60,22059.0,21800.79762395524,258.2023760447596,5,0.0,25,7500.0,9638.096989467433,178428.76198328385,6455.05940111899,0.0,202021.91837387028,0.9882949192599502,0.9863013698630136,22
PPE-GLV-04,probabilistic,61,21566.0,21400.0,166.0,3,0.0,25,7500.0,9999.657112392086,178470.38099164193,4150.0,0.0,200120.03810403403,0.9923026986923862,0.9917808219178083,22
PPE-GLV-04,probabilistic,62,21866.0,21646.79762395524,219.2023760447596,4,0.0,25,7500.0,10516.128656821178,177156.76198328385,5480.05940111899,0.0,200652.95004122402,0.9899751954612294,0.989041095890411,24
PPE-GLV-04,probabilistic,63,21996.0,21703.0,293.0,4,0.0,25,7500.0,10409.057231194305,178630.38099164193,7325.0,0.0,203864.43822283624,0.9866793962538644,0.989041095890411,25
PPE-GLV-04,probabilistic,64,22029.0,21823.0,206.0,3,0.0,25,7500.0,9893.14711239208,177918.38099164193,5150.0,0.0,200461.52810403402,0.9906486903627038,0.9917808219178083,24
PPE-GLV-04,probabilistic,65,22397.0,22146.79762395524,250.2023760447596,5,0.0,26,7800.0,9620.688894425657,184956.76198328385,6255.05940111899,0.0,208632.5102788285,0.9888287549205358,0.9863013698630136,25
PPE-GLV-04,probabilistic,66,21702.0,21390.79762395524,311.2023760447596,6,0.0,25,7500.0,10177.339013227886,178372.76198328385,7780.05940111899,0.0,203830.16039763074,0.9856601983206728,0.9835616438356164,24
PPE-GLV-04,probabilistic,67,21292.0,21101.0,191.0,3,0.0,24,7200.0,10396.947112392078,171182.38099164193,4775.0,0.0,193554.328104034,0.9910294946458764,0.9917808219178083,24
PPE-GLV-04,probabilistic,68,21564.0,21339.79762395524,224.2023760447596,4,0.0,25,7500.0,10381.769013227886,176964.76198328385,5605.05940111899,0.0,200451.59039763073,0.9896029319215007,0.989041095890411,24
PPE-GLV-04,probabilistic,69,21754.0,21452.0,302.0,5,0.0,25,7500.0,9950.917349996556,178406.38099164193,7550.0,0.0,203407.29834163847,0.986117495632987,0.9863013698630136,24
PPE-GLV-04,probabilistic,70,21604.0,21399.79762395524,204.2023760447596,4,0.0,25,7500.0,9565.609013227891,172596.76198328385,5105.05940111899,0.0,194767.43039763073,0.9905479366763211,0.989041095890411,21
PPE-GLV-04,probabilistic,71,21796.0,21711.79762395524,84.2023760447596,2,0.0,25,7500.0,10247.628419216704,178876.76198328385,2105.05940111899,0.0,198729.44980361953,0.996136796841404,0.9945205479452055,24
PPE-GLV-04,probabilistic,72,22389.0,22204.59524791048,184.4047520895192,4,0.0,26,7800.0,9576.94698946745,183716.76198328385,4610.11880223798,0.0,205703.8277749893,0.9917636003354541,0.989041095890411,23
PPE-GLV-04,probabilistic,73,22331.0,22137.79762395524,193.2023760447596,4,0.0,26,7800.0,9475.058894425663,178372.76198328385,4830.05940111899,0.0,200477.8802788285,0.9913482434264136,0.989041095890411,22
PPE-GLV-04,probabilistic,74,22011.0,21821.0,190.0,4,0.0,26,7800.0,10193.857231194319,176790.38099164193,4750.0,0.0,199534.23822283625,0.9913679523874427,0.989041095890411,25
PPE-GLV-04,probabilistic,75,21505.0,21408.0,97.0,1,0.0,25,7500.0,10099.076874787614,178934.38099164193,2425.0,0.0,198958.45786642953,0.9954894210648686,0.9972602739726028,23
PPE-GLV-04,probabilistic,76,21941.0,21668.79762395524,272.2023760447596,5,0.0,25,7500.0,9871.929013227893,177652.76198328385,6805.05940111899,0.0,201829.75039763073,0.9875938938040765,0.9863013698630136,24
PPE-GLV-04,probabilistic,77,22383.0,22208.79762395524,174.2023760447596,4,0.0,26,7800.0,10044.038775623407,184820.76198328385,4355.05940111899,0.0,207019.86016002623,0.9922172016242345,0.989041095890411,24
PPE-GLV-04,probabilistic,78,21998.0,21899.79762395524,98.2023760447596,3,0.0,25,7500.0,9862.738538018939,178436.76198328385,2455.05940111899,0.0,198254.5599224218,0.995535849802493,0.9917808219178083,23
PPE-GLV-04,probabilistic,79,21762.0,21606.0,156.0,3,0.0,25,7500.0,9981.937112392083,177782.38099164193,3900.0,0.0,199164.318104034,0.992831541218638,0.9917808219178083,23
PPE-GLV-04,probabilistic,80,21544.0,21345.0,199.0,4,0.0,25,7500.0,10052.22723119432,178334.38099164193,4975.0,0.0,200861.60822283625,0.9907630894912737,0.989041095890411,24
PPE-GLV-04,probabilistic,81,21307.0,21003.0,304.0,5,0.0,25,7500.0,10028.375326236117,170270.38099164193,7600.0,0.0,195398.75631787805,0.9857323884169522,0.9863013698630136,21
PPE-GLV-04,probabilistic,82,21892.0,21762.0,130.0,3,0.0,25,7500.0,10348.14711239209,176998.38099164193,3250.0,0.0,198096.52810403402,0.994061757719715,0.9917808219178083,24
PPE-GLV-04,probabilistic,83,22002.0,21928.0,74.0,2,0.0,25,7500.0,10097.656993589842,178822.38099164193,1850.0,0.0,198270.0379852318,0.9966366693936914,0.9945205479452055,23
PPE-GLV-04,probabilistic,84,21726.0,21552.0,174.0,3,0.0,25,7500.0,9874.677112392092,178118.38099164193,4350.0,0.0,199843.05810403402,0.991991162662248,0.9917808219178083,22
PPE-GLV-04,probabilistic,85,22523.0,22308.0,215.0,3,0.0,26,7800.0,10325.047112392076,185438.38099164193,5375.0,0.0,208938.428104034,0.9904542023709098,0.9917808219178083,26
PPE-GLV-04,probabilistic,86,21754.0,21615.0,139.0,2,0.0,25,7500.0,9958.886993589847,178798.38099164193,3475.0,0.0,199732.26798523177,0.9936103705065735,0.9945205479452055,25
PPE-GLV-04,probabilistic,87,21908.0,21640.0,268.0,5,0.0,25,7500.0,10283.797349996561,177366.38099164193,6700.0,0.0,201850.17834163847,0.9877670257440204,0.9863013698630136,24
PPE-GLV-04,probabilistic,88,21835.0,21700.0,135.0,2,0.0,25,7500.0,10087.086993589852,179278.38099164193,3375.0,0.0,200240.46798523178,0.9938172658575681,0.9945205479452055,23
PPE-GLV-04,probabilistic,89,21242.0,21002.0,240.0,3,0.0,24,7200.0,9804.707112392092,170614.38099164193,6000.0,0.0,193619.08810403402,0.9887016288485077,0.9917808219178083,20
PPE-GLV-04,probabilistic,90,21620.0,21495.0,125.0,2,0.0,25,7500.0,10118.566993589842,178286.38099164193,3125.0,0.0,199029.94798523176,0.994218316373728,0.9945205479452055,23
PPE-GLV-04,probabilistic,91,22049.0,21747.79762395524,301.2023760447596,5,0.0,25,7500.0,10362.05877562341,177732.76198328385,7530.05940111899,0.0,203124.88016002625,0.9863394087693429,0.9863013698630136,21
PPE-GLV-04,probabilistic,92,21384.0,21195.79762395524,188.2023760447596,4,0.0,25,7500.0,9930.998894425644,171868.76198328385,4705.05940111899,0.0,194004.82027882847,0.9911989161969342,0.989041095890411,24
PPE-GLV-04,probabilistic,93,22144.0,21922.59524791048,221.4047520895192,5,0.0,26,7800.0,9784.06055765698,177547.14297492578,5535.11880223798,0.0,200666.32233482075,0.9900015917589632,0.9863013698630136,24
PPE-GLV-04,probabilistic,94,21704.0,21584.0,120.0,2,0.0,25,7500.0,9762.366993589842,177742.38099164193,3000.0,0.0,198004.74798523178,0.9944710652414301,0.9945205479452055,24
PPE-GLV-04,probabilistic,95,21800.0,21679.79762395524,120.2023760447596,3,0.0,25,7500.0,9928.718538018938,176636.76198328385,3005.05940111899,0.0,197070.53992242177,0.9944861295392312,0.9917808219178083,21
PPE-GLV-04,probabilistic,96,22180.0,21955.79762395524,224.2023760447596,4,0.0,25,7500.0,9968.638775623405,178580.76198328385,5605.05940111899,0.0,201654.46016002624,0.9898916872838252,0.989041095890411,25
PPE-GLV-04,probabilistic,97,21652.0,21448.0,204.0,3,0.0,25,7500.0,9900.077112392079,178102.38099164193,5100.0,0.0,200602.458104034,0.9905782375762054,0.9917808219178083,22
PPE-GLV-04,probabilistic,98,21723.0,21504.0,219.0,4,0.0,25,7500.0,10022.857231194323,177630.38099164193,5475.0,0.0,200628.23822283625,0.9899185195414998,0.989041095890411,25
PPE-GLV-04,probabilistic,99,21843.0,21667.0,176.0,3,0.0,25,7500.0,9902.047112392089,179350.38099164193,4400.0,0.0,201152.428104034,0.9919424987410155,0.9917808219178083,21
PPE-GLV-04,probabilistic,100,22255.0,22092.0,163.0,3,0.0,26,7800.0,10263.297112392094,178654.38099164193,4075.0,0.0,200792.678104034,0.9926758031902944,0.9917808219178083,24
PPE-GLV-04,probabilistic,101,22252.0,22022.59524791048,229.4047520895192,5,0.0,26,7800.0,9571.090676459222,177723.14297492578,5735.11880223798,0.0,200829.352453623,0.9896906007509654,0.9863013698630136,23
PPE-GLV-04,probabilistic,102,21959.0,21740.0,219.0,3,0.0,25,7500.0,10323.867112392076,177038.38099164193,5475.0,0.0,200337.248104034,0.9900268682544743,0.9917808219178083,22
PPE-GLV-04,probabilistic,103,21910.0,21657.0,253.0,4,0.0,25,7500.0,10403.337231194324,177846.38099164193,6325.0,0.0,202074.71822283627,0.9884527612962117,0.989041095890411,24
PPE-GLV-04,probabilistic,104,21681.0,21543.0,138.0,3,0.0,25,7500.0,10050.57711239208,177910.38099164193,3450.0,0.0,198910.958104034,0.9936349799363497,0.9917808219178083,23
PPE-GLV-04,probabilistic,105,22133.0,21969.79762395524,163.2023760447596,3,0.0,26,7800.0,9852.198538018949,177790.38099164193,4080.05940111899,0.0,199522.63893077985,0.9926262876227914,0.9917808219178083,22
PPE-GLV-04,probabilistic,106,21683.0,21344.0,339.0,5,0.0,25,7500.0,10105.537349996579,177430.38099164193,8475.0,0.0,203510.91834163852,0.984365632061984,0.9863013698630136,22
PPE-GLV-04,probabilistic,107,21716.0,21571.0,145.0,2,0.0,25,7500.0,10316.736993589846,176486.38099164193,3625.0,0.0,197928.11798523177,0.9933228955608767,0.9945205479452055,25
PPE-GLV-04,probabilistic,108,21826.0,21559.79762395524,266.2023760447596,5,0.0,25,7500.0,10277.288894425648,178260.76198328385,6655.05940111899,0.0,202693.11027882848,0.9878034282028425,0.9863013698630136,23
PPE-GLV-04,probabilistic,109,22290.0,22023.0,267.0,4,0.0,26,7800.0,10010.34723119432,177414.38099164193,6675.0,0.0,201899.72822283625,0.988021534320323,0.989041095890411,24
PPE-GLV-04,probabilistic,110,21915.0,21865.0,50.0,1,0.0,25,7500.0,10247.696874787605,178686.38099164193,1250.0,0.0,197684.07786642952,0.9977184576773899,0.9972602739726028,23
PPE-GLV-04,probabilistic,111,21890.0,21697.0,193.0,3,0.0,25,7500.0,10078.797112392072,179454.38099164193,4825.0,0.0,201858.17810403398,0.9911831886706258,0.9917808219178083,22
PPE-GLV-04,probabilistic,112,21733.0,21538.0,195.0,3,0.0,25,7500.0,10170.057112392078,178166.38099164193,4875.0,0.0,200711.438104034,0.9910274697464685,0.9917808219178083,23
PPE-GLV-04,probabilistic,113,21922.0,21582.59524791048,339.4047520895192,7,0.0,25,7500.0,9615.426747740566,178059.14297492578,8485.11880223798,0.0,203659.6885249043,0.9845176191912454,0.9808219178082191,19
PPE-GLV-04,probabilistic,114,21752.0,21569.0,183.0,3,0.0,25,7500.0,9922.79711239208,179894.38099164193,4575.0,0.0,201892.178104034,0.9915869805075396,0.9917808219178083,25
PPE-GLV-04,probabilistic,115,21962.0,21674.79762395524,287.2023760447596,4,0.0,25,7500.0,9698.248894425667,178108.76198328385,7180.05940111899,0.0,202487.0702788285,0.986922758580969,0.989041095890411,23
PPE-GLV-04,probabilistic,116,21953.0,21863.0,90.0,2,0.0,25,7500.0,10205.586993589844,177790.38099164193,2250.0,0.0,197745.96798523178,0.9959003325285838,0.9945205479452055,21
PPE-GLV-04,probabilistic,117,22164.0,22049.0,115.0,2,0.0,26,7800.0,9909.36699358984,178046.38099164193,2875.0,0.0,198630.74798523178,0.9948114058834145,0.9945205479452055,24
PPE-GLV-04,probabilistic,118,21844.0,21707.0,137.0,3,0.0,25,7500.0,10247.017112392092,177694.38099164193,3425.0,0.0,198866.39810403401,0.9937282548983702,0.9917808219178083,23
PPE-GLV-04,probabilistic,119,21862.0,21614.79762395524,247.2023760447596,4,0.0,25,7500.0,10457.237587601025,178166.38099164193,6180.05940111899,0.0,202303.67798036194,0.9886926001260288,0.989041095890411,25
PPE-GLV-04,probabilistic,120,22031.0,21736.0,295.0,5,0.0,25,7500.0,10340.455326236106,177830.38099164193,7375.0,0.0,203045.83631787804,0.9866097771322228,0.9863013698630136,24
PPE-GLV-04,probabilistic,121,21996.0,21783.0,213.0,3,0.0,25,7500.0,9827.947112392078,178270.38099164193,5325.0,0.0,200923.328104034,0.990316421167485,0.9917808219178083,25
PPE-GLV-04,probabilistic,122,21466.0,21320.0,146.0,3,0.0,25,7500.0,10106.107112392085,174963.18099164192,3650.0,0.0,196219.288104034,0.9931985465387124,0.9917808219178083,24
PPE-GLV-04,probabilistic,123,22038.0,21771.0,267.0,4,0.0,25,7500.0,9851.68723119433,178038.38099164193,6675.0,0.0,202065.06822283624,0.9878845630274979,0.989041095890411,24
PPE-GLV-04,probabilistic,124,21574.0,21460.0,114.0,2,0.0,25,7500.0,10034.836993589843,175788.78099164192,2850.0,0.0,196173.61798523177,0.994715861685362,0.9945205479452055,23
PPE-GLV-04,probabilistic,125,21779.0,21609.0,170.0,3,0.0,25,7500.0,9598.28711239209,178878.38099164193,4250.0,0.0,200226.66810403403,0.9921943156251435,0.9917808219178083,23
PPE-GLV-04,probabilistic,126,21976.0,21898.0,78.0,1,0.0,25,7500.0,10169.906874787603,178534.38099164193,1950.0,0.0,198154.28786642954,0.9964506734619585,0.9972602739726028,24
PPE-GLV-04,probabilistic,127,21684.0,21607.79762395524,76.2023760447596,2,0.0,25,7500.0,9769.898656821184,177812.76198328385,1905.05940111899,0.0,196987.720041224,0.9964857786365634,0.9945205479452055,24
PPE-GLV-04,probabilistic,128,21980.0,21794.79762395524,185.2023760447596,4,0.0,25,7500.0,10110.098775623419,178916.76198328385,4630.05940111899,0.0,201156.92016002626,0.9915740502254432,0.989041095890411,23
PPE-GLV-04,probabilistic,129,21596.0,21341.0,255.0,4,0.0,25,7500.0,10223.087231194331,177094.38099164193,6375.0,0.0,201192.46822283627,0.9881922578255232,0.989041095890411,24
PPE-GLV-04,probabilistic,130,22270.0,22078.0,192.0,4,0.0,26,7800.0,10411.90723119432,183694.38099164193,4800.0,0.0,206706.28822283624,0.9913785361472833,0.989041095890411,23
PPE-GLV-04,probabilistic,131,22194.0,22059.79762395524,134.2023760447596,3,0.0,26,7800.0,10136.538538018936,178420.76198328385,3355.05940111899,0.0,199712.35992242178,0.9939532136593332,0.9917808219178083,23
PPE-GLV-04,probabilistic,132,21758.0,21445.0,313.0,5,0.0,25,7500.0,9873.957349996552,178998.38099164193,7825.0,0.0,204197.33834163847,0.985614486625609,0.9863013698630136,24
PPE-GLV-04,probabilistic,133,22101.0,21902.79762395524,198.2023760447596,4,0.0,26,7800.0,9905.469013227896,177476.76198328385,4955.05940111899,0.0,200137.29039763074,0.9910319724879074,0.989041095890411,24
PPE-GLV-04,probabilistic,134,21727.0,21563.0,164.0,3,0.0,25,7500.0,9982.247112392088,177494.38099164193,4100.0,0.0,199076.62810403403,0.9924517880977586,0.9917808219178083,23
PPE-GLV-04,probabilistic,135,21601.0,21431.79762395524,169.2023760447596,3,0.0,25,7500.0,10219.276633060725,177652.76198328385,4230.05940111899,0.0,199602.09801746355,0.9921669193072191,0.9917808219178083,23
PPE-GLV-04,probabilistic,136,21662.0,21472.79762395524,189.2023760447596,4,0.0,25,7500.0,9907.258656821181,178476.76198328385,4730.05940111899,0.0,200614.08004122402,0.9912657014105457,0.989041095890411,24
PPE-GLV-04,probabilistic,137,21733.0,21549.0,184.0,3,0.0,25,7500.0,10321.535088631636,177654.38099164193,4600.0,0.0,200075.91608027357,0.991533612478719,0.9917808219178083,22
PPE-GLV-04,probabilistic,138,21670.0,21558.0,112.0,2,0.0,25,7500.0,10239.49699358985,177918.38099164193,2800.0,0.0,198457.87798523178,0.9948315643747115,0.9945205479452055,24
PPE-GLV-04,probabilistic,139,21937.0,21887.0,50.0,1,0.0,26,7800.0,9840.836874787608,176870.38099164193,1250.0,0.0,195761.21786642954,0.9977207457719834,0.9972602739726028,22
PPE-GLV-04,probabilistic,140,22106.0,21883.79762395524,222.2023760447596,4,0.0,25,7500.0,10169.648538018937,179404.76198328385,5555.05940111899,0.0,202629.46992242176,0.9899483228062625,0.989041095890411,24
PPE-GLV-04,probabilistic,141,21725.0,21550.0,175.0,3,0.0,25,7500.0,10123.337112392086,178606.38099164193,4375.0,0.0,200604.71810403402,0.9919447640966629,0.9917808219178083,24
PPE-GLV-04,probabilistic,142,21733.0,21549.0,184.0,3,0.0,25,7500.0,10435.77711239208,179030.38099164193,4600.0,0.0,201566.158104034,0.991533612478719,0.9917808219178083,21
PPE-GLV-04,probabilistic,143,22354.0,22163.0,191.0,3,0.0,25,7500.0,9875.497112392079,179934.38099164193,4775.0,0.0,202084.878104034,0.9914556678894157,0.9917808219178083,24
PPE-GLV-04,probabilistic,144,21329.0,21068.0,261.0,4,0.0,25,7500.0,9905.957231194318,170566.38099164193,6525.0,0.0,194497.33822283626,0.9877631393876881,0.989041095890411,24
PPE-GLV-04,probabilistic,145,21797.0,21475.79762395524,321.2023760447596,5,0.0,25,7500.0,9731.429250832374,178140.76198328385,8030.05940111899,0.0,203402.25063523522,0.9852639181518209,0.9863013698630136,25
PPE-GLV-04,probabilistic,146,21716.0,21528.59524791048,187.4047520895192,4,0.0,25,7500.0,9754.470557656985,177971.14297492578,4685.11880223798,0.0,199910.73233482076,0.9913701992959331,0.989041095890411,23
PPE-GLV-04,probabilistic,147,21435.0,21265.0,170.0,3,0.0,25,7500.0,9742.297112392089,171878.38099164193,4250.0,0.0,193370.678104034,0.9920690459528808,0.9917808219178083,22
PPE-GLV-04,probabilistic,148,21790.0,21615.392871865723,174.6071281342788,5,0.0,25,7500.0,10232.930078325635,177161.5239665677,4365.178203356971,0.0,199259.6322482503,0.9919868229401433,0.9863013698630136,24
PPE-GLV-04,probabilistic,149,22108.0,21786.0,322.0,5,0.0,25,7500.0,9897.79734999656,177350.38099164193,8050.0,0.0,202798.17834163847,0.985435136602135,0.9863013698630136,24
PPE-GLV-04,probabilistic,150,21436.0,21210.0,226.0,3,0.0,25,7500.0,10134.217112392082,171174.38099164193,5650.0,0.0,194458.598104034,0.9894569882440754,0.9917808219178083,23
PPE-GLV-04,probabilistic,151,21555.0,21429.0,126.0,2,0.0,25,7500.0,10314.386993589842,171862.38099164193,3150.0,0.0,192826.76798523177,0.9941544885177453,0.9945205479452055,23
PPE-GLV-04,probabilistic,152,21545.0,21360.79762395524,184.2023760447596,4,0.0,25,7500.0,10091.919132030136,178708.76198328385,4605.05940111899,0.0,200905.74051643297,0.9914503422583077,0.989041095890411,25
PPE-GLV-04,probabilistic,153,21761.0,21551.59524791048,209.4047520895192,5,0.0,25,7500.0,9742.418652698781,178715.14297492578,5235.11880223798,0.0,201192.68042986255,0.9903770620794302,0.9863013698630136,21
PPE-GLV-04,probabilistic,154,21821.0,21606.0,215.0,3,0.0,25,7500.0,9807.81711239209,177246.38099164193,5375.0,0.0,199929.198104034,0.9901471059988085,0.9917808219178083,24
PPE-GLV-04,probabilistic,155,21755.0,21703.0,52.0,1,0.0,25,7500.0,9937.796874787593,180054.38099164193,1300.0,0.0,198792.17786642953,0.997609744886233,0.9972602739726028,24
PPE-GLV-04,probabilistic,156,21599.0,21538.0,61.0,1,0.0,25,7500.0,10150.806874787611,179486.38099164193,1525.0,0.0,198662.18786642954,0.9971757951757025,0.9972602739726028,23
PPE-GLV-04,probabilistic,157,22081.0,21860.0,221.0,4,0.0,25,7500.0,10234.497231194317,177814.38099164193,5525.0,0.0,201073.87822283624,0.9899913953172411,0.989041095890411,23
PPE-GLV-04,probabilistic,158,21915.0,21873.0,42.0,1,0.0,25,7500.0,9919.276874787605,177566.38099164193,1050.0,0.0,196035.65786642954,0.9980835044490075,0.9972602739726028,22
PPE-GLV-04,probabilistic,159,22219.0,22022.79762395524,196.2023760447596,4,0.0,25,7500.0,10020.989013227894,178580.76198328385,4905.05940111899,0.0,201006.81039763073,0.9911696126718232,0.989041095890411,23
PPE-GLV-04,probabilistic,160,22151.0,21993.79762395524,157.2023760447596,5,0.0,25,7500.0,10050.198894425648,178684.76198328385,3930.05940111899,0.0,200165.02027882848,0.9929031476662562,0.9863013698630136,25
PPE-GLV-04,probabilistic,161,22299.0,22169.0,130.0,2,0.0,26,7800.0,9761.116993589856,184014.38099164193,3250.0,0.0,204825.49798523178,0.9941701421588413,0.9945205479452055,21
PPE-GLV-04,probabilistic,162,22091.0,21895.79762395524,195.2023760447596,4,0.0,25,7500.0,9519.248894425658,178572.76198328385,4880.05940111899,0.0,200472.0702788285,0.9911637148139623,0.989041095890411,23
PPE-GLV-04,probabilistic,163,21679.0,21577.0,102.0,2,0.0,25,7500.0,10211.27699358985,177926.38099164193,2550.0,0.0,198187.65798523178,0.9952949859310853,0.9945205479452055,24
PPE-GLV-04,probabilistic,164,21905.0,21705.0,200.0,3,0.0,25,7500.0,10140.327112392088,177302.38099164193,5000.0,0.0,199942.708104034,0.9908696644601689,0.9917808219178083,23
PPE-GLV-04,probabilistic,165,21733.0,21579.0,154.0,3,0.0,25,7500.0,9911.007112392086,179926.38099164193,3850.0,0.0,201187.388104034,0.9929140017484931,0.9917808219178083,24
PPE-GLV-04,probabilistic,166,22249.0,22116.0,133.0,2,0.0,26,7800.0,9800.726993589848,184310.38099164193,3325.0,0.0,205236.10798523176,0.9940222032450897,0.9945205479452055,24
PPE-GLV-04,probabilistic,167,22086.0,21758.0,328.0,5,0.0,26,7800.0,10101.517349996566,176078.38099164193,8200.0,0.0,202179.8983416385,0.9851489631440732,0.9863013698630136,24
PPE-GLV-04,probabilistic,168,21891.0,21731.79762395524,159.2023760447596,4,0.0,25,7500.0,9722.10865682118,178492.76198328385,3980.05940111899,0.0,199694.93004122403,0.9927274964120067,0.989041095890411,23
PPE-GLV-04,probabilistic,169,21319.0,21076.0,243.0,4,0.0,25,7500.0,9826.007231194328,169406.38099164193,6075.0,0.0,192807.38822283625,0.9886017167784605,0.989041095890411,24
PPE-GLV-04,probabilistic,170,21917.0,21758.0,159.0,3,0.0,25,7500.0,10084.737112392082,177166.38099164193,3975.0,0.0,198726.11810403402,0.9927453574850572,0.9917808219178083,23
PPE-GLV-04,probabilistic,171,22150.0,21981.0,169.0,3,0.0,25,7500.0,10183.207112392085,178422.38099164193,4225.0,0.0,200330.58810403402,0.9923702031602709,0.9917808219178083,23
PPE-GLV-04,probabilistic,172,21582.0,21378.0,204.0,4,0.0,25,7500.0,10545.547231194318,177198.38099164193,5100.0,0.0,200343.92822283623,0.9905476786210731,0.989041095890411,24
PPE-GLV-04,probabilistic,173,22027.0,21879.79762395524,147.2023760447596,4,0.0,25,7500.0,9617.949132030131,178268.76198328385,3680.05940111899,0.0,199066.77051643297,0.9933171845442067,0.989041095890411,22
PPE-GLV-04,probabilistic,174,21627.0,21424.79762395524,202.2023760447596,4,0.0,25,7500.0,9777.689013227897,178580.76198328385,5055.05940111899,0.0,200913.51039763074,0.990650465804561,0.989041095890411,22
PPE-GLV-04,probabilistic,175,22069.0,21720.79762395524,348.2023760447596,6,0.0,25,7500.0,10006.507108269676,177916.76198328385,8705.05940111899,0.0,204128.3284926725,0.9842221044884336,0.9835616438356164,22
PPE-GLV-04,probabilistic,176,22207.0,21958.0,249.0,4,0.0,26,7800.0,9809.307231194327,177974.38099164193,6225.0,0.0,201808.68822283624,0.9887873193137299,0.989041095890411,25
PPE-GLV-04,probabilistic,177,21337.0,21187.0,150.0,3,0.0,25,7500.0,9969.597112392083,170518.38099164193,3750.0,0.0,191737.978104034,0.9929699582884192,0.9917808219178083,21
PPE-GLV-04,probabilistic,178,22091.0,21829.0,262.0,4,0.0,25,7500.0,9806.88723119432,178350.38099164193,6550.0,0.0,202207.26822283625,0.9881399665021955,0.989041095890411,23
PPE-GLV-04,probabilistic,179,21829.0,21701.0,128.0,2,0.0,25,7500.0,10039.576993589835,177518.38099164193,3200.0,0.0,198257.95798523177,0.9941362407806129,0.9945205479452055,21
PPE-GLV-04,probabilistic,180,22234.0,22039.0,195.0,3,0.0,26,7800.0,9901.96711239209,178494.38099164193,4875.0,0.0,201071.34810403403,0.9912296482864082,0.9917808219178083,24
PPE-GLV-04,probabilistic,181,22115.0,22031.0,84.0,2,0.0,26,7800.0,10193.096993589845,183614.38099164193,2100.0,0.0,203707.4779852318,0.9962016730725751,0.9945205479452055,25
PPE-GLV-04,probabilistic,182,21118.0,20886.79762395524,231.2023760447596,4,0.0,24,7200.0,9686.969013227888,172132.76198328385,5780.05940111899,0.0,194799.7903976307,0.9890518810472223,0.989041095890411,23
PPE-GLV-04,probabilistic,183,21875.0,21690.0,185.0,3,0.0,25,7500.0,9512.997112392086,177342.38099164193,4625.0,0.0,198980.378104034,0.9915428571428572,0.9917808219178083,20
PPE-GLV-04,probabilistic,184,21875.0,21701.79762395524,173.2023760447596,4,0.0,25,7500.0,9852.498894425651,177756.76198328385,4330.05940111899,0.0,199439.3202788285,0.9920821770950967,0.989041095890411,24
PPE-GLV-04,probabilistic,185,21999.0,21834.0,165.0,3,0.0,25,7500.0,10115.82711239208,179270.38099164193,4125.0,0.0,201011.208104034,0.9924996590754125,0.9917808219178083,24
PPE-GLV-04,probabilistic,186,21837.0,21774.0,63.0,1,0.0,25,7500.0,10019.786874787604,178974.38099164193,1575.0,0.0,198069.16786642955,0.9971149883225717,0.9972602739726028,22
PPE-GLV-04,probabilistic,187,21264.0,21057.0,207.0,3,0.0,25,7500.0,10278.217112392085,170454.38099164193,5175.0,0.0,193407.59810403403,0.990265237020316,0.9917808219178083,21
PPE-GLV-04,probabilistic,188,21886.0,21635.79762395524,250.2023760447596,4,0.0,25,7500.0,10521.248894425651,178412.76198328385,6255.05940111899,0.0,202689.0702788285,0.9885679257952682,0.989041095890411,25
PPE-GLV-04,probabilistic,189,21295.0,21074.79762395524,220.2023760447596,5,0.0,24,7200.0,10328.258775623412,171796.76198328385,5505.05940111899,0.0,194830.08016002623,0.9896594329164237,0.9863013698630136,21
PPE-GLV-04,probabilistic,190,22049.0,21793.0,256.0,4,0.0,25,7500.0,9675.545207433872,178062.38099164193,6400.0,0.0,201637.9261990758,0.9883894961222731,0.989041095890411,24
PPE-GLV-04,probabilistic,191,22348.0,22206.0,142.0,2,0.0,26,7800.0,10197.776993589847,183750.38099164193,3550.0,0.0,205298.15798523178,0.9936459638446393,0.9945205479452055,24
PPE-GLV-04,probabilistic,192,22550.0,22290.79762395524,259.2023760447596,4,0.0,26,7800.0,10029.728775623405,185836.76198328385,6480.05940111899,0.0,210146.55016002624,0.988505437869412,0.989041095890411,25
PPE-GLV-04,probabilistic,193,21776.0,21629.0,147.0,3,0.0,25,7500.0,10429.037112392078,177302.38099164193,3675.0,0.0,198906.418104034,0.9932494489346069,0.9917808219178083,24
PPE-GLV-04,probabilistic,194,21660.0,21379.0,281.0,4,0.0,25,7500.0,9614.437231194313,178414.38099164193,7025.0,0.0,202553.81822283624,0.9870267774699908,0.989041095890411,23
PPE-GLV-04,probabilistic,195,22094.0,21989.0,105.0,2,0.0,26,7800.0,9875.386993589855,178238.38099164193,2625.0,0.0,198538.76798523177,0.9952475785281072,0.9945205479452055,25
PPE-GLV-04,probabilistic,196,21348.0,21124.0,224.0,4,0.0,24,7200.0,10139.067231194324,172318.38099164193,5600.0,0.0,195257.44822283625,0.989507213790519,0.989041095890411,22
PPE-GLV-04,probabilistic,197,21754.0,21708.0,46.0,1,0.0,25,7500.0,10224.27687478762,177622.38099164193,1150.0,0.0,196496.65786642954,0.9978854463546933,0.9972602739726028,24
PPE-GLV-04,probabilistic,198,21903.0,21686.0,217.0,4,0.0,25,7500.0,9944.717231194325,178238.38099164193,5425.0,0.0,201108.09822283624,0.9900926813678491,0.989041095890411,23
PPE-GLV-04,probabilistic,199,21884.0,21707.79762395524,176.2023760447596,4,0.0,25,7500.0,9873.768894425657,177604.76198328385,4405.05940111899,0.0,199383.5902788285,0.991948346918079,0.989041095890411,23
ANT-BIO-05,baseline,0,6486.0,6001.0,485.0,33,0.0,25,17500.0,25591.559999999994,151200.0,97000.0,0.0,291291.56,0.9252235584335492,0.9095890410958904,0
ANT-BIO-05,baseline,1,6739.0,6038.0,701.0,43,0.0,25,17500.0,24316.800000000007,151200.0,140200.0,0.0,333216.8,0.8959786318444873,0.8821917808219178,0
ANT-BIO-05,baseline,2,6690.0,6125.0,565.0,29,0.0,25,17500.0,27908.64000000001,157500.0,113000.0,0.0,315908.64,0.9155455904334828,0.9205479452054794,0
ANT-BIO-05,baseline,3,6857.0,6285.0,572.0,35,0.0,26,18200.0,26011.559999999987,157500.0,114400.0,0.0,316111.56,0.9165815954499053,0.904109589041096,0
ANT-BIO-05,baseline,4,6731.0,6111.0,620.0,37,0.0,25,17500.0,25093.560000000016,157500.0,124000.0,0.0,324093.56,0.9078888723815184,0.8986301369863013,0
ANT-BIO-05,baseline,5,6635.0,6048.0,587.0,38,0.0,25,17500.0,24936.360000000004,151200.0,117400.0,0.0,311036.36,0.9115297663903542,0.8958904109589041,0
ANT-BIO-05,baseline,6,6710.0,6074.0,636.0,39,0.0,25,17500.0,26739.359999999986,157500.0,127200.0,0.0,328939.36,0.9052160953800298,0.8931506849315068,0
ANT-BIO-05,baseline,7,6769.0,6363.0,406.0,32,0.0,26,18200.0,26304.71999999998,160965.0,81200.0,0.0,286669.72,0.9400206825232679,0.9123287671232877,0
ANT-BIO-05,baseline,8,6685.0,6228.0,457.0,29,0.0,26,18200.0,25293.599999999977,157500.0,91400.0,0.0,292393.6,0.931637995512341,0.9205479452054794,0
ANT-BIO-05,baseline,9,6694.0,6309.0,385.0,24,0.0,26,18200.0,28163.399999999976,163800.0,77000.0,0.0,287163.39999999997,0.9424858081864356,0.9342465753424658,0
ANT-BIO-05,baseline,10,6776.0,6156.6,619.4,33,0.0,25,17500.0,24998.880000000005,157500.0,123880.0,0.0,323878.88,0.9085891381345927,0.9095890410958904,0
ANT-BIO-05,baseline,11,6148.0,5785.0,363.0,28,0.0,24,16800.0,24905.280000000006,144900.0,72600.0,0.0,259205.28,0.9409564085881588,0.9232876712328767,0
ANT-BIO-05,baseline,12,6649.0,6346.0,303.0,20,0.0,26,18200.0,27392.15999999998,163800.0,60600.0,0.0,269992.16,0.9544292374793202,0.9452054794520548,0
ANT-BIO-05,baseline,13,6658.0,5871.0,787.0,46,0.0,24,16800.0,25450.56000000001,151200.0,157400.0,0.0,350850.56,0.8817963352358066,0.873972602739726,0
ANT-BIO-05,baseline,14,6454.0,5953.0,501.0,32,0.0,24,16800.0,28019.880000000012,151200.0,100200.0,0.0,296219.88,0.9223737217229625,0.9123287671232877,0
ANT-BIO-05,baseline,15,6198.0,5816.0,382.0,24,0.0,24,16800.0,26756.76,148365.0,76400.0,0.0,268321.76,0.9383672152307196,0.9342465753424658,0
ANT-BIO-05,baseline,16,6614.0,6193.0,421.0,28,0.0,25,17500.0,27263.999999999993,157500.0,84200.0,0.0,286464.0,0.9363471424251587,0.9232876712328767,0
ANT-BIO-05,baseline,17,6320.0,5885.0,435.0,28,0.0,24,16800.0,28273.079999999994,151200.0,87000.0,0.0,283273.07999999996,0.9311708860759493,0.9232876712328767,0
ANT-BIO-05,baseline,18,6314.0,5839.0,475.0,32,0.0,24,16800.0,26328.000000000004,148365.0,95000.0,0.0,286493.0,0.9247703515996198,0.9123287671232877,0
ANT-BIO-05,baseline,19,6769.0,6300.0,469.0,31,0.0,26,18200.0,25633.319999999992,157500.0,93800.0,0.0,295133.32,0.9307135470527405,0.915068493150685,0
ANT-BIO-05,baseline,20,6544.0,6352.0,192.0,13,0.0,26,18200.0,27944.279999999995,163800.0,38400.0,0.0,248344.28,0.9706601466992665,0.9643835616438357,0
ANT-BIO-05,baseline,21,6943.0,6561.0,382.0,21,0.0,27,18900.0,26721.960000000006,167265.0,76400.0,0.0,289286.96,0.9449805559556388,0.9424657534246575,0
ANT-BIO-05,baseline,22,6407.0,6119.0,288.0,25,0.0,25,17500.0,28933.439999999977,157500.0,57600.0,0.0,261533.43999999997,0.9550491649758077,0.9315068493150684,0
ANT-BIO-05,baseline,23,6827.0,6239.0,588.0,39,0.0,26,18200.0,25133.160000000014,157500.0,117600.0,0.0,318433.16000000003,0.9138713929983887,0.8931506849315068,0
ANT-BIO-05,baseline,24,6566.0,6099.0,467.0,34,0.0,25,17500.0,26621.51999999998,157500.0,93400.0,0.0,295021.51999999996,0.9288760280231496,0.9068493150684931,0
ANT-BIO-05,baseline,25,6667.0,6300.0,367.0,26,0.0,26,18200.0,25947.96000000003,157500.0,73400.0,0.0,275047.96,0.9449527523623819,0.9287671232876712,0
ANT-BIO-05,baseline,26,6423.0,6083.0,340.0,21,0.0,25,17500.0,28863.83999999998,157500.0,68000.0,0.0,271863.83999999997,0.9470652343141834,0.9424657534246575,0
ANT-BIO-05,baseline,27,6454.0,5947.0,507.0,32,0.0,24,16800.0,27222.359999999975,151200.0,101400.0,0.0,296622.36,0.9214440656956926,0.9123287671232877,0
ANT-BIO-05,baseline,28,6648.0,5966.0,682.0,44,0.0,25,17500.0,23053.55999999999,151200.0,136400.0,0.0,328153.56,0.8974127557160048,0.8794520547945206,0
ANT-BIO-05,baseline,29,6525.0,6181.0,344.0,24,0.0,25,17500.0,27665.159999999974,157500.0,68800.0,0.0,271465.16,0.94727969348659,0.9342465753424658,0
ANT-BIO-05,baseline,30,6650.0,6280.0,370.0,21,0.0,26,18200.0,27580.8,163800.0,74000.0,0.0,283580.8,0.9443609022556391,0.9424657534246575,0
ANT-BIO-05,baseline,31,6526.0,6051.0,475.0,31,0.0,25,17500.0,25185.119999999995,157500.0,95000.0,0.0,295185.12,0.9272142200429053,0.915068493150685,0
ANT-BIO-05,baseline,32,6444.0,5996.0,448.0,28,0.0,25,17500.0,26418.119999999995,151200.0,89600.0,0.0,284718.12,0.930477963997517,0.9232876712328767,0
ANT-BIO-05,baseline,33,6765.0,6372.0,393.0,28,0.0,26,18200.0,25477.679999999993,163800.0,78600.0,0.0,286077.68,0.9419068736141907,0.9232876712328767,0
ANT-BIO-05,baseline,34,6415.0,5895.0,520.0,36,0.0,24,16800.0,27640.439999999995,148365.0,104000.0,0.0,296805.44,0.9189399844115355,0.9013698630136986,0
ANT-BIO-05,baseline,35,6404.0,6063.0,341.0,19,0.0,25,17500.0,28806.240000000013,157500.0,68200.0,0.0,272006.24,0.9467520299812617,0.947945205479452,0
ANT-BIO-05,baseline,36,6679.0,6173.0,506.0,31,0.0,25,17500.0,25379.640000000003,157500.0,101200.0,0.0,301579.64,0.924240155711933,0.915068493150685,0
ANT-BIO-05,baseline,37,6438.0,5983.0,455.0,29,0.0,25,17500.0,25923.959999999985,151200.0,91000.0,0.0,285623.95999999996,0.9293258776017397,0.9205479452054794,0
ANT-BIO-05,baseline,38,6926.0,6275.0,651.0,40,0.0,26,18200.0,24445.80000000001,157500.0,130200.0,0.0,330345.80000000005,0.9060063528732313,0.8904109589041096,0
ANT-BIO-05,baseline,39,6645.0,6409.0,236.0,14,0.0,26,18200.0,28989.239999999983,163800.0,47200.0,0.0,258189.24,0.9644845748683221,0.9616438356164384,0
ANT-BIO-05,baseline,40,6554.0,6116.0,438.0,29,0.0,25,17500.0,25434.36,157500.0,87600.0,0.0,288034.36,0.9331705828501679,0.9205479452054794,0
ANT-BIO-05,baseline,41,6559.0,6110.0,449.0,26,0.0,25,17500.0,31777.919999999976,157500.0,89800.0,0.0,296577.92,0.9315444427504193,0.9287671232876712,0
ANT-BIO-05,baseline,42,6652.0,6424.0,228.0,14,0.0,26,18200.0,27542.63999999999,163800.0,45600.0,0.0,255142.63999999998,0.9657245941070355,0.9616438356164384,0
ANT-BIO-05,baseline,43,6655.0,6300.0,355.0,27,0.0,26,18200.0,25352.880000000023,157500.0,71000.0,0.0,272052.88,0.946656649135988,0.9260273972602739,0
ANT-BIO-05,baseline,44,6467.0,6051.0,416.0,27,0.0,25,17500.0,27327.95999999999,157500.0,83200.0,0.0,285527.95999999996,0.9356734188959333,0.9260273972602739,0
ANT-BIO-05,baseline,45,6295.0,5926.0,369.0,27,0.0,24,16800.0,24091.08,151200.0,73800.0,0.0,265891.08,0.9413820492454329,0.9260273972602739,0
ANT-BIO-05,baseline,46,6514.0,6183.0,331.0,23,0.0,25,17500.0,28921.079999999984,157500.0,66200.0,0.0,270121.07999999996,0.9491863678231501,0.936986301369863,0
ANT-BIO-05,baseline,47,6511.0,6116.0,395.0,29,0.0,25,17500.0,25130.16,154665.0,79000.0,0.0,276295.16000000003,0.9393334357241591,0.9205479452054794,0
ANT-BIO-05,baseline,48,6429.0,6048.0,381.0,25,0.0,25,17500.0,25684.679999999982,157500.0,76200.0,0.0,276884.68,0.9407372841810546,0.9315068493150684,0
ANT-BIO-05,baseline,49,6552.0,5941.0,611.0,46,0.0,24,16800.0,24589.320000000007,151200.0,122200.0,0.0,314789.32,0.9067460317460317,0.873972602739726,0
ANT-BIO-05,baseline,50,6660.0,6274.6,385.4,22,0.0,26,18200.0,27432.23999999999,157500.0,77080.0,0.0,280212.24,0.9421321321321322,0.9397260273972603,0
ANT-BIO-05,baseline,51,6380.0,6187.0,193.0,11,0.0,25,17500.0,29397.599999999984,157500.0,38600.0,0.0,242997.59999999998,0.9697492163009405,0.9698630136986301,0
ANT-BIO-05,baseline,52,6247.0,5736.0,511.0,30,0.0,24,16800.0,26293.679999999982,144900.0,102200.0,0.0,290193.68,0.9182007363534497,0.9178082191780822,0
ANT-BIO-05,baseline,53,6678.0,6114.0,564.0,28,0.0,25,17500.0,26550.12,157500.0,112800.0,0.0,314350.12,0.9155435759209344,0.9232876712328767,0
ANT-BIO-05,baseline,54,6419.0,5850.0,569.0,36,0.0,24,16800.0,25575.960000000017,151200.0,113800.0,0.0,307375.96,0.9113569091758841,0.9013698630136986,0
ANT-BIO-05,baseline,55,6732.0,6386.0,346.0,20,0.0,26,18200.0,28685.88000000002,163800.0,69200.0,0.0,279885.88,0.9486036838978016,0.9452054794520548,0
ANT-BIO-05,baseline,56,6699.0,6347.0,352.0,24,0.0,26,18200.0,28221.23999999999,163800.0,70400.0,0.0,280621.24,0.9474548440065681,0.9342465753424658,0
ANT-BIO-05,baseline,57,6371.0,5878.0,493.0,28,0.0,24,16800.0,26856.71999999999,151200.0,98600.0,0.0,293456.72,0.9226181133260085,0.9232876712328767,0
ANT-BIO-05,baseline,58,6352.0,5733.0,619.0,40,0.0,24,16800.0,24347.160000000018,144900.0,123800.0,0.0,309847.16000000003,0.9025503778337531,0.8904109589041096,0
ANT-BIO-05,baseline,59,6685.0,6300.0,385.0,22,0.0,26,18200.0,27369.839999999997,163800.0,77000.0,0.0,286369.83999999997,0.9424083769633508,0.9397260273972603,0
ANT-BIO-05,baseline,60,6682.0,6114.0,568.0,34,0.0,25,17500.0,25382.28,157500.0,113600.0,0.0,313982.28,0.9149955103262496,0.9068493150684931,0
ANT-BIO-05,baseline,61,6437.0,6087.0,350.0,22,0.0,25,17500.0,25744.08,157500.0,70000.0,0.0,270744.08,0.9456268448034799,0.9397260273972603,0
ANT-BIO-05,baseline,62,6621.0,6095.0,526.0,32,0.0,25,17500.0,28204.31999999999,157500.0,105200.0,0.0,308404.32,0.9205558072798671,0.9123287671232877,0
ANT-BIO-05,baseline,63,6520.0,6048.0,472.0,32,0.0,25,17500.0,25685.51999999999,151200.0,94400.0,0.0,288785.52,0.9276073619631902,0.9123287671232877,0
ANT-BIO-05,baseline,64,6577.0,5855.0,722.0,38,0.0,24,16800.0,24009.959999999992,148365.0,144400.0,0.0,333574.95999999996,0.8902235061578228,0.8958904109589041,0
ANT-BIO-05,baseline,65,6933.0,6552.0,381.0,26,0.0,27,18900.0,24848.639999999974,163800.0,76200.0,0.0,283748.63999999996,0.9450454348766768,0.9287671232876712,0
ANT-BIO-05,baseline,66,6561.0,6217.0,344.0,19,0.0,26,18200.0,30995.879999999976,157500.0,68800.0,0.0,275495.88,0.9475689681450998,0.947945205479452,0
ANT-BIO-05,baseline,67,6243.0,5878.0,365.0,22,0.0,24,16800.0,27854.880000000012,151200.0,73000.0,0.0,268854.88,0.9415345186609002,0.9397260273972603,0
ANT-BIO-05,baseline,68,6201.0,5778.0,423.0,32,0.0,24,16800.0,24783.36000000001,144900.0,84600.0,0.0,271083.36,0.9317851959361393,0.9123287671232877,0
ANT-BIO-05,baseline,69,6707.0,6272.0,435.0,35,0.0,26,18200.0,24713.880000000012,157500.0,87000.0,0.0,287413.88,0.9351423885492769,0.904109589041096,0
ANT-BIO-05,baseline,70,6465.0,5946.0,519.0,30,0.0,24,16800.0,25465.920000000002,151200.0,103800.0,0.0,297265.92,0.9197215777262181,0.9178082191780822,0
ANT-BIO-05,baseline,71,6457.0,5872.0,585.0,40,0.0,24,16800.0,24704.279999999984,151200.0,117000.0,0.0,309704.27999999997,0.9094006504568685,0.8904109589041096,0
ANT-BIO-05,baseline,72,6929.0,6345.0,584.0,35,0.0,26,18200.0,27118.19999999999,163800.0,116800.0,0.0,325918.19999999995,0.9157165536152403,0.904109589041096,0
ANT-BIO-05,baseline,73,6914.0,6220.0,694.0,42,0.0,26,18200.0,25070.160000000014,157500.0,138800.0,0.0,339570.16000000003,0.8996239514029505,0.8849315068493151,0
ANT-BIO-05,baseline,74,6561.0,5947.0,614.0,40,0.0,24,16800.0,23892.96,151200.0,122800.0,0.0,314692.95999999996,0.9064167047706142,0.8904109589041096,0
ANT-BIO-05,baseline,75,6257.0,6036.0,221.0,12,0.0,25,17500.0,28996.07999999996,151200.0,44200.0,0.0,241896.07999999996,0.9646795588940387,0.9671232876712329,0
ANT-BIO-05,baseline,76,6600.0,6029.0,571.0,36,0.0,25,17500.0,24514.679999999997,157500.0,114200.0,0.0,313714.68,0.9134848484848485,0.9013698630136986,0
ANT-BIO-05,baseline,77,6742.0,6048.0,694.0,44,0.0,25,17500.0,22436.520000000004,151200.0,138800.0,0.0,329936.52,0.8970631859982201,0.8794520547945206,0
ANT-BIO-05,baseline,78,6712.0,6443.0,269.0,19,0.0,26,18200.0,29902.320000000007,163800.0,53800.0,0.0,265702.32,0.95992252681764,0.947945205479452,0
ANT-BIO-05,baseline,79,6579.0,6088.0,491.0,33,0.0,25,17500.0,23793.36,157500.0,98200.0,0.0,296993.36,0.9253685970512235,0.9095890410958904,0
ANT-BIO-05,baseline,80,6339.0,5855.0,484.0,32,0.0,24,16800.0,27485.64,151200.0,96800.0,0.0,292285.64,0.9236472629752327,0.9123287671232877,0
ANT-BIO-05,baseline,81,6150.0,5793.0,357.0,23,0.0,24,16800.0,24716.15999999998,151200.0,71400.0,0.0,264116.16,0.9419512195121951,0.936986301369863,0
ANT-BIO-05,baseline,82,6510.0,6269.0,241.0,20,0.0,26,18200.0,28057.079999999994,157500.0,48200.0,0.0,251957.08,0.9629800307219663,0.9452054794520548,0
ANT-BIO-05,baseline,83,6579.0,6054.0,525.0,35,0.0,25,17500.0,24446.879999999983,157500.0,105000.0,0.0,304446.88,0.9202006383948929,0.904109589041096,0
ANT-BIO-05,baseline,84,6446.0,5904.0,542.0,37,0.0,24,16800.0,26087.63999999999,151200.0,108400.0,0.0,302487.64,0.915916847657462,0.8986301369863013,0
ANT-BIO-05,baseline,85,6833.0,6114.0,719.0,39,0.0,25,17500.0,22648.800000000007,154665.0,143800.0,0.0,338613.8,0.8947753548953608,0.8931506849315068,0
ANT-BIO-05,baseline,86,6528.0,6084.0,444.0,28,0.0,25,17500.0,27010.800000000007,157500.0,88800.0,0.0,290810.8,0.9319852941176471,0.9232876712328767,0
ANT-BIO-05,baseline,87,6507.0,5734.0,773.0,46,0.0,24,16800.0,25570.680000000015,144900.0,154600.0,0.0,341870.68000000005,0.8812048563085908,0.873972602739726,0
ANT-BIO-05,baseline,88,6585.0,6137.0,448.0,29,0.0,25,17500.0,25817.879999999986,157500.0,89600.0,0.0,290417.88,0.9319665907365224,0.9205479452054794,0
ANT-BIO-05,baseline,89,6209.0,5804.0,405.0,25,0.0,24,16800.0,26068.32000000001,151200.0,81000.0,0.0,275068.32,0.9347721050088581,0.9315068493150684,0
ANT-BIO-05,baseline,90,6431.0,6040.0,391.0,25,0.0,25,17500.0,27572.640000000003,151200.0,78200.0,0.0,274472.64,0.9392007463846991,0.9315068493150684,0
ANT-BIO-05,baseline,91,6637.0,6150.0,487.0,27,0.0,25,17500.0,27414.360000000004,157500.0,97400.0,0.0,299814.36,0.9266234744613531,0.9260273972602739,0
ANT-BIO-05,baseline,92,6311.0,5876.0,435.0,30,0.0,24,16800.0,27836.399999999976,148365.0,87000.0,0.0,280001.39999999997,0.9310727301536998,0.9178082191780822,0
ANT-BIO-05,baseline,93,6844.0,6099.0,745.0,47,0.0,25,17500.0,24146.639999999985,157500.0,149000.0,0.0,348146.64,0.8911455289304501,0.8712328767123287,0
ANT-BIO-05,baseline,94,6630.0,6238.0,392.0,22,0.0,26,18200.0,26403.360000000004,157500.0,78400.0,0.0,280503.36,0.9408748114630467,0.9397260273972603,0
ANT-BIO-05,baseline,95,6504.0,6219.0,285.0,19,0.0,26,18200.0,27448.919999999984,157500.0,57000.0,0.0,260148.91999999998,0.9561808118081181,0.947945205479452,0
ANT-BIO-05,baseline,96,6871.0,6351.0,520.0,27,0.0,26,18200.0,27940.440000000002,160965.0,104000.0,0.0,311105.44,0.9243196041333139,0.9260273972602739,0
ANT-BIO-05,baseline,97,6403.0,5948.0,455.0,32,0.0,24,16800.0,27414.00000000001,151200.0,91000.0,0.0,286414.0,0.9289395595814463,0.9123287671232877,0
ANT-BIO-05,baseline,98,6434.0,5873.0,561.0,37,0.0,24,16800.0,24901.560000000005,151200.0,112200.0,0.0,305101.56,0.9128069630090146,0.8986301369863013,0
ANT-BIO-05,baseline,99,6618.0,6278.0,340.0,20,0.0,26,18200.0,28190.640000000018,163800.0,68000.0,0.0,278190.64,0.948624962224237,0.9452054794520548,0
ANT-BIO-05,baseline,100,6749.0,6048.0,701.0,38,0.0,25,17500.0,25881.59999999999,154665.0,140200.0,0.0,338246.6,0.8961327604089495,0.8958904109589041,0
ANT-BIO-05,baseline,101,6732.0,6146.0,586.0,33,0.0,25,17500.0,24560.759999999987,154665.0,117200.0,0.0,313925.76,0.9129530600118836,0.9095890410958904,0
ANT-BIO-05,baseline,102,6640.0,6257.0,383.0,23,0.0,26,18200.0,27083.52,157500.0,76600.0,0.0,279383.52,0.9423192771084338,0.936986301369863,0
ANT-BIO-05,baseline,103,6565.0,6063.0,502.0,28,0.0,25,17500.0,25896.359999999982,157500.0,100400.0,0.0,301296.36,0.9235338918507235,0.9232876712328767,0
ANT-BIO-05,baseline,104,6485.0,6237.0,248.0,19,0.0,26,18200.0,27954.48000000001,157500.0,49600.0,0.0,253254.48,0.9617579028527371,0.947945205479452,0
ANT-BIO-05,baseline,105,6744.0,6079.0,665.0,37,0.0,25,17500.0,25298.88,157500.0,133000.0,0.0,333298.88,0.9013938315539739,0.8986301369863013,0
ANT-BIO-05,baseline,106,6461.0,5937.0,524.0,27,0.0,24,16800.0,26981.27999999999,151200.0,104800.0,0.0,299781.28,0.9188980034050457,0.9260273972602739,0
ANT-BIO-05,baseline,107,6530.0,6122.0,408.0,24,0.0,25,17500.0,26089.43999999999,157500.0,81600.0,0.0,282689.44,0.9375191424196019,0.9342465753424658,0
ANT-BIO-05,baseline,108,6681.0,6212.0,469.0,29,0.0,26,18200.0,25148.75999999998,157500.0,93800.0,0.0,294648.76,0.9298009280047898,0.9205479452054794,0
ANT-BIO-05,baseline,109,6789.0,6042.0,747.0,42,0.0,25,17500.0,24180.359999999997,151200.0,149400.0,0.0,342280.36,0.8899690676093681,0.8849315068493151,0
ANT-BIO-05,baseline,110,6714.0,6508.0,206.0,16,0.0,27,18900.0,26527.31999999998,163800.0,41200.0,0.0,250427.31999999998,0.9693178433124814,0.9561643835616438,0
ANT-BIO-05,baseline,111,6417.0,5766.0,651.0,39,0.0,24,16800.0,24492.240000000034,144900.0,130200.0,0.0,316392.24000000005,0.8985507246376812,0.8931506849315068,0
ANT-BIO-05,baseline,112,6495.0,5871.0,624.0,33,0.0,24,16800.0,27795.000000000007,151200.0,124800.0,0.0,320595.0,0.9039260969976906,0.9095890410958904,0
ANT-BIO-05,baseline,113,6777.0,6294.0,483.0,28,0.0,26,18200.0,27446.76,163800.0,96600.0,0.0,306046.76,0.9287295263390881,0.9232876712328767,0
ANT-BIO-05,baseline,114,6663.0,6298.0,365.0,25,0.0,26,18200.0,27189.840000000007,160965.0,73000.0,0.0,279354.84,0.9452198709290109,0.9315068493150684,0
ANT-BIO-05,baseline,115,6623.0,6100.0,523.0,29,0.0,25,17500.0,26411.27999999999,157500.0,104600.0,0.0,306011.28,0.9210327646081836,0.9205479452054794,0
ANT-BIO-05,baseline,116,6655.0,6331.0,324.0,22,0.0,26,18200.0,27360.239999999994,163800.0,64800.0,0.0,274160.24,0.9513148009015777,0.9397260273972603,0
ANT-BIO-05,baseline,117,6715.0,6381.0,334.0,24,0.0,26,18200.0,27457.320000000007,163800.0,66800.0,0.0,276257.32,0.9502606105733432,0.9342465753424658,0
ANT-BIO-05,baseline,118,6446.0,6048.0,398.0,30,0.0,25,17500.0,25862.759999999987,151200.0,79600.0,0.0,274162.76,0.9382562829661806,0.9178082191780822,0
ANT-BIO-05,baseline,119,6496.0,5965.6,530.4,33,0.0,25,17500.0,26949.24000000002,151200.0,106080.0,0.0,301729.24,0.9183497536945814,0.9095890410958904,0
ANT-BIO-05,baseline,120,6522.0,5919.0,603.0,38,0.0,24,16800.0,24345.119999999977,151200.0,120600.0,0.0,312945.12,0.9075436982520699,0.8958904109589041,0
ANT-BIO-05,baseline,121,6720.0,6168.0,552.0,30,0.0,25,17500.0,26388.719999999998,157500.0,110400.0,0.0,311788.72,0.9178571428571428,0.9178082191780822,0
ANT-BIO-05,baseline,122,6356.0,6066.0,290.0,22,0.0,25,17500.0,27531.599999999988,157500.0,58000.0,0.0,260531.59999999998,0.9543738200125865,0.9397260273972603,0
ANT-BIO-05,baseline,123,6687.0,6055.0,632.0,38,0.0,25,17500.0,25866.24,157500.0,126400.0,0.0,327266.24,0.9054882608045461,0.8958904109589041,0
ANT-BIO-05,baseline,124,6435.0,5978.0,457.0,27,0.0,25,17500.0,27977.039999999986,154665.0,91400.0,0.0,291542.04,0.928982128982129,0.9260273972602739,0
ANT-BIO-05,baseline,125,6677.0,6275.0,402.0,26,0.0,26,18200.0,27367.200000000026,157500.0,80400.0,0.0,283467.2,0.9397933203534522,0.9287671232876712,0
ANT-BIO-05,baseline,126,6696.0,6392.0,304.0,16,0.0,26,18200.0,26821.199999999993,160965.0,60800.0,0.0,266786.2,0.954599761051374,0.9561643835616438,0
ANT-BIO-05,baseline,127,6518.0,6296.0,222.0,17,0.0,26,18200.0,28684.319999999985,163800.0,44400.0,0.0,255084.31999999998,0.9659404725375882,0.9534246575342465,0
ANT-BIO-05,baseline,128,6568.0,5951.0,617.0,36,0.0,24,16800.0,28237.320000000003,151200.0,123400.0,0.0,319637.32,0.9060596833130329,0.9013698630136986,0
ANT-BIO-05,baseline,129,6394.0,5838.0,556.0,35,0.0,24,16800.0,27087.96,151200.0,111200.0,0.0,306287.95999999996,0.9130434782608695,0.904109589041096,0
ANT-BIO-05,baseline,130,6696.0,6020.0,676.0,42,0.0,25,17500.0,25047.720000000005,151200.0,135200.0,0.0,328947.72,0.8990442054958184,0.8849315068493151,0
ANT-BIO-05,baseline,131,6817.0,6096.0,721.0,40,0.0,25,17500.0,23852.4,157500.0,144200.0,0.0,343052.4,0.8942350007334605,0.8904109589041096,0
ANT-BIO-05,baseline,132,6484.0,5861.0,623.0,46,0.0,24,16800.0,25142.75999999999,151200.0,124600.0,0.0,317742.76,0.9039173349784084,0.873972602739726,0
ANT-BIO-05,baseline,133,6760.0,6350.0,410.0,21,0.0,26,18200.0,28156.80000000002,163800.0,82000.0,0.0,292156.80000000005,0.9393491124260355,0.9424657534246575,0
ANT-BIO-05,baseline,134,6472.0,5809.0,663.0,39,0.0,24,16800.0,24699.119999999988,151200.0,132600.0,0.0,325299.12,0.8975587144622992,0.8931506849315068,0
ANT-BIO-05,baseline,135,6355.0,5992.0,363.0,24,0.0,25,17500.0,26185.56,151200.0,72600.0,0.0,267485.56,0.9428796223446105,0.9342465753424658,0
ANT-BIO-05,baseline,136,6410.0,5796.0,614.0,33,0.0,24,16800.0,25985.28,144900.0,122800.0,0.0,310485.28,0.9042121684867395,0.9095890410958904,0
ANT-BIO-05,baseline,137,6474.0,5879.0,595.0,34,0.0,24,16800.0,26035.31999999998,148365.0,119000.0,0.0,310200.31999999995,0.9080939141180105,0.9068493150684931,0
ANT-BIO-05,baseline,138,6546.0,6364.0,182.0,14,0.0,26,18200.0,30982.680000000015,160965.0,36400.0,0.0,246547.68000000002,0.972196761380996,0.9616438356164384,0
ANT-BIO-05,baseline,139,6657.0,6071.0,586.0,38,0.0,25,17500.0,27521.519999999997,157500.0,117200.0,0.0,319721.52,0.9119723599218867,0.8958904109589041,0
ANT-BIO-05,baseline,140,6800.0,6458.0,342.0,25,0.0,26,18200.0,25235.039999999994,163800.0,68400.0,0.0,275635.04,0.9497058823529412,0.9315068493150684,0
ANT-BIO-05,baseline,141,6433.0,6149.0,284.0,19,0.0,25,17500.0,30205.08,157500.0,56800.0,0.0,262005.08000000002,0.9558526348515467,0.947945205479452,0
ANT-BIO-05,baseline,142,6312.0,5920.0,392.0,24,0.0,24,16800.0,26806.79999999998,151200.0,78400.0,0.0,273206.8,0.9378960709759189,0.9342465753424658,0
ANT-BIO-05,baseline,143,6860.0,6359.0,501.0,31,0.0,26,18200.0,24508.679999999982,160965.0,100200.0,0.0,303873.68,0.9269679300291546,0.915068493150685,0
ANT-BIO-05,baseline,144,6337.0,5900.0,437.0,25,0.0,24,16800.0,25555.679999999986,151200.0,87400.0,0.0,280955.68,0.9310399242543791,0.9315068493150684,0
ANT-BIO-05,baseline,145,6637.0,6299.0,338.0,20,0.0,26,18200.0,26312.03999999999,157500.0,67600.0,0.0,269612.04,0.9490733765255387,0.9452054794520548,0
ANT-BIO-05,baseline,146,6599.0,5915.0,684.0,46,0.0,24,16800.0,25986.12,151200.0,136800.0,0.0,330786.12,0.8963479315047734,0.873972602739726,0
ANT-BIO-05,baseline,147,6410.0,6120.0,290.0,24,0.0,25,17500.0,27681.600000000013,157500.0,58000.0,0.0,260681.6,0.9547581903276131,0.9342465753424658,0
ANT-BIO-05,baseline,148,6731.0,6422.0,309.0,21,0.0,26,18200.0,28792.44000000001,163800.0,61800.0,0.0,272592.44,0.9540930025256277,0.9424657534246575,0
ANT-BIO-05,baseline,149,6836.0,6264.0,572.0,35,0.0,26,18200.0,26853.720000000005,157500.0,114400.0,0.0,316953.72,0.9163253364540667,0.904109589041096,0
ANT-BIO-05,baseline,150,6342.0,5928.6,413.4,26,0.0,24,16800.0,25799.640000000014,151200.0,82680.0,0.0,276479.64,0.9348155156102177,0.9287671232876712,0
ANT-BIO-05,baseline,151,6362.0,6129.0,233.0,20,0.0,25,17500.0,26943.11999999999,157500.0,46600.0,0.0,248543.12,0.9633762967620245,0.9452054794520548,0
ANT-BIO-05,baseline,152,6376.0,5930.0,446.0,35,0.0,24,16800.0,24050.520000000008,151200.0,89200.0,0.0,281250.52,0.9300501882057717,0.904109589041096,0
ANT-BIO-05,baseline,153,6662.0,6225.0,437.0,27,0.0,26,18200.0,27512.64000000001,157500.0,87400.0,0.0,290612.64,0.9344040828580006,0.9260273972602739,0
ANT-BIO-05,baseline,154,6529.0,5887.0,642.0,36,0.0,24,16800.0,26608.799999999996,151200.0,128400.0,0.0,323008.8,0.9016694746515546,0.9013698630136986,0
ANT-BIO-05,baseline,155,6556.0,6245.0,311.0,20,0.0,26,18200.0,27720.239999999987,157500.0,62200.0,0.0,265620.24,0.952562538133008,0.9452054794520548,0
ANT-BIO-05,baseline,156,6339.0,5732.0,607.0,41,0.0,24,16800.0,25736.759999999977,144900.0,121400.0,0.0,308836.76,0.9042435715412526,0.8876712328767123,0
ANT-BIO-05,baseline,157,6538.0,5914.0,624.0,41,0.0,24,16800.0,24585.000000000007,151200.0,124800.0,0.0,317385.0,0.9045579687977975,0.8876712328767123,0
ANT-BIO-05,baseline,158,6741.0,6360.0,381.0,23,0.0,26,18200.0,26299.199999999983,163800.0,76200.0,0.0,284499.19999999995,0.9434801958166444,0.936986301369863,0
ANT-BIO-05,baseline,159,6881.0,6419.0,462.0,25,0.0,26,18200.0,29045.27999999998,163800.0,92400.0,0.0,303445.27999999997,0.9328585961342828,0.9315068493150684,0
ANT-BIO-05,baseline,160,6754.0,6102.0,652.0,43,0.0,25,17500.0,26134.07999999999,157500.0,130400.0,0.0,331534.07999999996,0.9034646135623334,0.8821917808219178,0
ANT-BIO-05,baseline,161,6712.0,6194.0,518.0,30,0.0,25,17500.0,24129.480000000014,157500.0,103600.0,0.0,302729.48,0.9228247914183552,0.9178082191780822,0
ANT-BIO-05,baseline,162,6682.0,6095.0,587.0,33,0.0,25,17500.0,25164.479999999992,157500.0,117400.0,0.0,317564.48,0.912152050284346,0.9095890410958904,0
ANT-BIO-05,baseline,163,6467.0,6094.0,373.0,26,0.0,25,17500.0,25786.79999999998,157500.0,74600.0,0.0,275386.8,0.9423225606927478,0.9287671232876712,0
ANT-BIO-05,baseline,164,6536.0,6177.0,359.0,18,0.0,25,17500.0,28455.96,157500.0,71800.0,0.0,275255.95999999996,0.9450734394124847,0.9506849315068493,0
ANT-BIO-05,baseline,165,6451.0,6035.0,416.0,26,0.0,25,17500.0,24920.27999999997,151200.0,83200.0,0.0,276820.27999999997,0.9355138738180128,0.9287671232876712,0
ANT-BIO-05,baseline,166,6696.0,6293.0,403.0,23,0.0,26,18200.0,26091.84000000003,160965.0,80600.0,0.0,285856.84,0.9398148148148148,0.936986301369863,0
ANT-BIO-05,baseline,167,6733.0,6310.6,422.4,29,0.0,26,18200.0,28941.480000000025,163800.0,84480.0,0.0,295421.48000000004,0.9372642210010397,0.9205479452054794,0
ANT-BIO-05,baseline,168,6584.0,6300.0,284.0,25,0.0,26,18200.0,27736.439999999995,157500.0,56800.0,0.0,260236.44,0.956865127582017,0.9315068493150684,0
ANT-BIO-05,baseline,169,6324.0,5938.0,386.0,26,0.0,24,16800.0,29164.07999999998,151200.0,77200.0,0.0,274364.07999999996,0.9389626818469323,0.9287671232876712,0
ANT-BIO-05,baseline,170,6649.0,6122.0,527.0,34,0.0,25,17500.0,27646.559999999994,157500.0,105400.0,0.0,308046.56,0.9207399608963754,0.9068493150684931,0
ANT-BIO-05,baseline,171,6774.0,6376.0,398.0,28,0.0,26,18200.0,27594.479999999992,163800.0,79600.0,0.0,289194.48,0.9412459403602008,0.9232876712328767,0
ANT-BIO-05,baseline,172,6381.0,6046.0,335.0,24,0.0,25,17500.0,26895.60000000001,157500.0,67000.0,0.0,268895.6,0.947500391788121,0.9342465753424658,0
ANT-BIO-05,baseline,173,6885.0,6261.0,624.0,35,0.0,26,18200.0,25062.720000000012,157500.0,124800.0,0.0,325562.72000000003,0.9093681917211329,0.904109589041096,0
ANT-BIO-05,baseline,174,6391.0,5877.0,514.0,33,0.0,24,16800.0,25135.319999999967,151200.0,102800.0,0.0,295935.31999999995,0.9195744015021123,0.9095890410958904,0
ANT-BIO-05,baseline,175,6621.0,6237.0,384.0,30,0.0,26,18200.0,28238.88,157500.0,76800.0,0.0,280738.88,0.9420027186225646,0.9178082191780822,0
ANT-BIO-05,baseline,176,6789.0,6024.0,765.0,46,0.0,25,17500.0,26110.319999999992,157500.0,153000.0,0.0,354110.32,0.8873177198409191,0.873972602739726,0
ANT-BIO-05,baseline,177,6229.0,5748.0,481.0,27,0.0,24,16800.0,27107.760000000006,144900.0,96200.0,0.0,285007.76,0.922780542623214,0.9260273972602739,0
ANT-BIO-05,baseline,178,6691.0,5880.0,811.0,48,0.0,24,16800.0,25202.999999999993,148365.0,162200.0,0.0,352568.0,0.8787924077118517,0.8684931506849315,0
ANT-BIO-05,baseline,179,6520.0,6179.0,341.0,22,0.0,25,17500.0,26077.31999999999,157500.0,68200.0,0.0,269277.32,0.9476993865030675,0.9397260273972603,0
ANT-BIO-05,baseline,180,6814.0,6351.0,463.0,31,0.0,26,18200.0,26528.760000000017,163800.0,92600.0,0.0,301128.76,0.9320516583504549,0.915068493150685,0
ANT-BIO-05,baseline,181,6815.0,6244.0,571.0,36,0.0,26,18200.0,25402.07999999999,157500.0,114200.0,0.0,315302.07999999996,0.9162142333088775,0.9013698630136986,0
ANT-BIO-05,baseline,182,6315.0,5969.0,346.0,23,0.0,25,17500.0,28428.240000000023,151200.0,69200.0,0.0,266328.24,0.9452098178939035,0.936986301369863,0
ANT-BIO-05,baseline,183,6647.0,6261.0,386.0,23,0.0,26,18200.0,26665.080000000027,157500.0,77200.0,0.0,279565.08,0.9419286896344216,0.936986301369863,0
ANT-BIO-05,baseline,184,6622.0,6216.0,406.0,28,0.0,26,18200.0,27097.559999999994,157500.0,81200.0,0.0,283997.56,0.9386892177589852,0.9232876712328767,0
ANT-BIO-05,baseline,185,6689.0,6214.0,475.0,30,0.0,26,18200.0,27726.360000000022,157500.0,95000.0,0.0,298426.36,0.9289878905666019,0.9178082191780822,0
ANT-BIO-05,baseline,186,6640.0,6132.0,508.0,33,0.0,25,17500.0,26742.359999999982,157500.0,101600.0,0.0,303342.36,0.9234939759036145,0.9095890410958904,0
ANT-BIO-05,baseline,187,6265.0,5813.0,452.0,27,0.0,24,16800.0,28091.279999999988,148365.0,90400.0,0.0,283656.27999999997,0.927853152434158,0.9260273972602739,0
ANT-BIO-05,baseline,188,6567.0,6103.0,464.0,29,0.0,25,17500.0,28513.91999999999,157500.0,92800.0,0.0,296313.92,0.929343688137658,0.9205479452054794,0
ANT-BIO-05,baseline,189,6104.0,5674.0,430.0,31,0.0,23,16100.0,25046.879999999983,144900.0,86000.0,0.0,272046.88,0.9295543905635649,0.915068493150685,0
ANT-BIO-05,baseline,190,6830.0,6245.0,585.0,34,0.0,26,18200.0,26889.960000000006,157500.0,117000.0,0.0,319589.96,0.9143484626647145,0.9068493150684931,0
ANT-BIO-05,baseline,191,6756.0,6253.0,503.0,28,0.0,26,18200.0,25632.6,157500.0,100600.0,0.0,301932.6,0.9255476613380699,0.9232876712328767,0
ANT-BIO-05,baseline,192,6918.0,6154.0,764.0,41,0.0,25,17500.0,22002.839999999982,157500.0,152800.0,0.0,349802.83999999997,0.8895634576467187,0.8876712328767123,0
ANT-BIO-05,baseline,193,6442.0,6120.0,322.0,25,0.0,25,17500.0,27393.000000000025,157500.0,64400.0,0.0,266793.0,0.9500155231294629,0.9315068493150684,0
ANT-BIO-05,baseline,194,6527.0,6119.0,408.0,25,0.0,25,17500.0,25633.199999999993,157500.0,81600.0,0.0,282233.2,0.9374904243909913,0.9315068493150684,0
ANT-BIO-05,baseline,195,6800.0,6552.0,248.0,17,0.0,27,18900.0,28634.280000000002,163800.0,49600.0,0.0,260934.28,0.9635294117647059,0.9534246575342465,0
ANT-BIO-05,baseline,196,6298.0,5892.0,406.0,27,0.0,24,16800.0,28036.440000000006,151200.0,81200.0,0.0,277236.44,0.9355350905049222,0.9260273972602739,0
ANT-BIO-05,baseline,197,6678.0,6436.0,242.0,19,0.0,26,18200.0,29495.399999999972,163800.0,48400.0,0.0,259895.39999999997,0.9637616052710393,0.947945205479452,0
ANT-BIO-05,baseline,198,6564.0,6190.0,374.0,25,0.0,25,17500.0,26424.360000000004,157500.0,74800.0,0.0,276224.36,0.9430225472273004,0.9315068493150684,0
ANT-BIO-05,baseline,199,6675.0,6242.0,433.0,28,0.0,26,18200.0,26882.760000000006,157500.0,86600.0,0.0,289182.76,0.9351310861423221,0.9232876712328767,0
ANT-BIO-05,probabilistic,0,6486.0,6424.0,62.0,3,0.0,30,21000.0,62167.31745928498,167701.93183971432,12400.0,0.0,263269.2492989993,0.990440949737897,0.9917808219178083,0
ANT-BIO-05,probabilistic,1,6685.0,6511.0,174.0,8,0.0,31,21700.0,60203.87200267239,169626.93183971432,34800.0,0.0,286330.8038423867,0.9739715781600599,0.9780821917808219,0
ANT-BIO-05,probabilistic,2,6706.0,6669.0,37.0,2,0.0,31,21700.0,63059.250187591155,173726.93183971432,7400.0,0.0,265886.1820273055,0.9944825529376677,0.9945205479452055,0
ANT-BIO-05,probabilistic,3,6780.0,6727.0,53.0,4,0.0,32,22400.0,60273.59745928496,179726.93183971432,10600.0,0.0,273000.5292989993,0.9921828908554572,0.989041095890411,0
ANT-BIO-05,probabilistic,4,6573.0,6442.0,131.0,6,0.0,31,21700.0,60214.4347309786,165285.68183971432,26200.0,0.0,273400.1165706929,0.9800699832648715,0.9835616438356164,0
ANT-BIO-05,probabilistic,5,6678.0,6563.0,115.0,8,0.0,31,21700.0,58466.9320026724,168451.93183971432,23000.0,0.0,271618.86384238675,0.9827792752321054,0.9780821917808219,0
ANT-BIO-05,probabilistic,6,6689.0,6592.0,97.0,5,0.0,31,21700.0,61973.9510951318,168701.93183971432,19400.0,0.0,271775.8829348461,0.9854985797578113,0.9863013698630136,0
ANT-BIO-05,probabilistic,7,6792.0,6729.0,63.0,5,0.0,32,22400.0,58593.49109513183,173326.93183971432,12600.0,0.0,266920.42293484614,0.9907243816254417,0.9863013698630136,0
ANT-BIO-05,probabilistic,8,6596.0,6491.0,105.0,7,0.0,30,21000.0,61569.99318361207,170876.93183971432,21000.0,0.0,274446.9250233264,0.9840812613705275,0.9808219178082191,0
ANT-BIO-05,probabilistic,9,6695.0,6556.0,139.0,9,0.0,31,21700.0,60286.45927436609,167876.93183971432,27800.0,0.0,277663.39111408044,0.9792382374906646,0.9753424657534246,0
ANT-BIO-05,probabilistic,10,6854.0,6718.0,136.0,8,0.0,32,22400.0,60450.29200267233,173701.93183971432,27200.0,0.0,283752.2238423866,0.9801575722206011,0.9780821917808219,0
ANT-BIO-05,probabilistic,11,6156.0,6127.0,29.0,2,0.0,29,20300.0,63055.82500437779,162051.93183971432,5800.0,0.0,251207.7568440921,0.9952891487979207,0.9945205479452055,0
ANT-BIO-05,probabilistic,12,6638.0,6550.0,88.0,7,0.0,31,21700.0,64068.69836682554,168051.93183971432,17600.0,0.0,271420.6302065399,0.9867429948779753,0.9808219178082191,0
ANT-BIO-05,probabilistic,13,6693.0,6578.0,115.0,7,0.0,31,21700.0,60255.11200267231,173926.93183971432,23000.0,0.0,278882.0438423866,0.9828178694158075,0.9808219178082191,0
ANT-BIO-05,probabilistic,14,6457.0,6370.0,87.0,6,0.0,30,21000.0,60583.75954776518,168201.93183971432,17400.0,0.0,267185.6913874795,0.986526250580765,0.9835616438356164,0
ANT-BIO-05,probabilistic,15,6274.0,6193.0,81.0,5,0.0,29,20300.0,64745.525911918296,164351.93183971432,16200.0,0.0,265597.4577516326,0.9870895760280523,0.9863013698630136,0
ANT-BIO-05,probabilistic,16,6738.0,6677.0,61.0,4,0.0,32,22400.0,61440.477459284906,173226.93183971432,12200.0,0.0,269267.40929899924,0.9909468685069753,0.989041095890411,0
ANT-BIO-05,probabilistic,17,6555.0,6496.0,59.0,4,0.0,31,21700.0,65468.06745928491,171023.18183971432,11800.0,0.0,269991.2492989992,0.9909992372234935,0.989041095890411,0
ANT-BIO-05,probabilistic,18,6420.0,6383.0,37.0,2,0.0,30,21000.0,64524.76382343805,167126.93183971432,7400.0,0.0,260051.69566315238,0.9942367601246106,0.9945205479452055,0
ANT-BIO-05,probabilistic,19,6700.0,6601.0,99.0,6,0.0,31,21700.0,62886.31954776519,174526.93183971432,19800.0,0.0,278913.2513874795,0.9852238805970149,0.9835616438356164,0
ANT-BIO-05,probabilistic,20,6555.0,6493.0,62.0,3,0.0,31,21700.0,66309.52382343804,167401.93183971432,12400.0,0.0,267811.4556631524,0.9905415713196034,0.9917808219178083,0
ANT-BIO-05,probabilistic,21,6896.0,6868.0,28.0,1,0.0,32,22400.0,63017.896551744365,178701.93183971432,5600.0,0.0,269719.8283914587,0.9959396751740139,0.9972602739726028,0
ANT-BIO-05,probabilistic,22,6328.0,6270.0,58.0,4,0.0,30,21000.0,62931.23745928494,163201.93183971432,11600.0,0.0,258733.16929899924,0.9908343868520859,0.989041095890411,0
ANT-BIO-05,probabilistic,23,6790.0,6634.0,156.0,7,0.0,31,21700.0,57946.808366825484,170428.18183971432,31200.0,0.0,281274.9902065398,0.9770250368188512,0.9808219178082191,0
ANT-BIO-05,probabilistic,24,6591.0,6517.0,74.0,5,0.0,31,21700.0,60256.15109513176,168026.93183971432,14800.0,0.0,264783.08293484605,0.9887725686542255,0.9863013698630136,0
ANT-BIO-05,probabilistic,25,6767.0,6721.0,46.0,3,0.0,32,22400.0,62987.503823438085,174076.93183971432,9200.0,0.0,268664.43566315237,0.9932023053051574,0.9917808219178083,0
ANT-BIO-05,probabilistic,26,6234.0,6180.0,54.0,3,0.0,30,21000.0,64625.02382343811,161226.93183971432,10800.0,0.0,257651.95566315245,0.9913378248315688,0.9917808219178083,0
ANT-BIO-05,probabilistic,27,6387.0,6349.0,38.0,3,0.0,30,21000.0,61215.2786402246,168476.93183971432,7600.0,0.0,258292.21047993892,0.9940504149052763,0.9917808219178083,0
ANT-BIO-05,probabilistic,28,6676.0,6608.0,68.0,4,0.0,31,21700.0,57878.092276071475,173426.93183971432,13600.0,0.0,266605.0241157858,0.9898142600359496,0.989041095890411,0
ANT-BIO-05,probabilistic,29,6474.0,6399.0,75.0,4,0.0,30,21000.0,62076.29745928495,168401.93183971432,15000.0,0.0,266478.2292989993,0.9884151992585728,0.989041095890411,0
ANT-BIO-05,probabilistic,30,6587.0,6467.0,120.0,6,0.0,30,21000.0,60133.09954776513,167359.43183971432,24000.0,0.0,272492.53138747945,0.9817822984666768,0.9835616438356164,0
ANT-BIO-05,probabilistic,31,6509.0,6432.0,77.0,3,0.0,31,21700.0,62609.20382343805,167201.93183971432,15400.0,0.0,266911.1356631524,0.988170225841143,0.9917808219178083,0
ANT-BIO-05,probabilistic,32,6544.0,6451.0,93.0,6,0.0,30,21000.0,64513.044730978705,169076.93183971432,18600.0,0.0,273189.976570693,0.9857885085574573,0.9835616438356164,0
ANT-BIO-05,probabilistic,33,6671.0,6588.0,83.0,4,0.0,31,21700.0,61900.751095131796,173551.93183971432,16600.0,0.0,273752.68293484615,0.9875580872432919,0.989041095890411,0
ANT-BIO-05,probabilistic,34,6562.0,6419.0,143.0,7,0.0,30,21000.0,63017.193183612,168526.93183971432,28600.0,0.0,281144.1250233263,0.9782078634562633,0.9808219178082191,0
ANT-BIO-05,probabilistic,35,6435.0,6236.0,199.0,8,0.0,30,21000.0,63278.926819458815,162151.93183971432,39800.0,0.0,286230.85865917313,0.9690753690753691,0.9780821917808219,0
ANT-BIO-05,probabilistic,36,6640.0,6569.0,71.0,4,0.0,31,21700.0,61831.37745928495,167301.93183971432,14200.0,0.0,265033.30929899926,0.9893072289156627,0.989041095890411,0
ANT-BIO-05,probabilistic,37,6541.0,6398.0,143.0,7,0.0,30,21000.0,65963.0783668255,168426.93183971432,28600.0,0.0,283990.0102065398,0.978137899403761,0.9808219178082191,0
ANT-BIO-05,probabilistic,38,6870.0,6739.0,131.0,7,0.0,32,22400.0,57792.33318361202,175351.93183971432,26200.0,0.0,281744.2650233263,0.9809315866084425,0.9808219178082191,0
ANT-BIO-05,probabilistic,39,6656.0,6616.0,40.0,2,0.0,31,21700.0,64462.530187591285,173201.93183971432,8000.0,0.0,267364.4620273056,0.9939903846153846,0.9945205479452055,0
ANT-BIO-05,probabilistic,40,6631.0,6489.0,142.0,6,0.0,31,21700.0,63319.95836682551,167826.93183971432,28400.0,0.0,281246.8902065398,0.9785854320615291,0.9835616438356164,0
ANT-BIO-05,probabilistic,41,6478.0,6324.0,154.0,7,0.0,29,20300.0,61360.73200267237,165551.93183971432,30800.0,0.0,278012.6638423867,0.9762272306267367,0.9808219178082191,0
ANT-BIO-05,probabilistic,42,6538.0,6480.0,58.0,3,0.0,30,21000.0,60051.338640224596,169226.93183971432,11600.0,0.0,261878.27047993892,0.9911287855613338,0.9917808219178083,0
ANT-BIO-05,probabilistic,43,6618.0,6578.0,40.0,2,0.0,31,21700.0,62024.79018759125,172263.18183971432,8000.0,0.0,263987.9720273056,0.9939558779087337,0.9945205479452055,0
ANT-BIO-05,probabilistic,44,6545.0,6543.0,2.0,1,0.0,31,21700.0,62326.096551744355,173601.93183971432,400.0,0.0,258028.02839145868,0.999694423223835,0.9972602739726028,0
ANT-BIO-05,probabilistic,45,6410.0,6394.0,16.0,1,0.0,30,21000.0,63884.130187591196,167851.93183971432,3200.0,0.0,255936.0620273055,0.9975039001560062,0.9972602739726028,0
ANT-BIO-05,probabilistic,46,6558.0,6474.0,84.0,5,0.0,31,21700.0,61072.871095131806,167501.93183971432,16800.0,0.0,267074.80293484614,0.9871912168344007,0.9863013698630136,0
ANT-BIO-05,probabilistic,47,6594.0,6465.0,129.0,7,0.0,31,21700.0,60218.078366825466,168076.93183971432,25800.0,0.0,275795.01020653977,0.9804367606915377,0.9808219178082191,0
ANT-BIO-05,probabilistic,48,6276.0,6200.0,76.0,3,0.0,29,20300.0,61679.517459284965,163076.93183971432,15200.0,0.0,260256.44929899927,0.9878903760356915,0.9917808219178083,0
ANT-BIO-05,probabilistic,49,6611.0,6484.0,127.0,9,0.0,31,21700.0,57342.425638519235,168001.93183971432,25400.0,0.0,272444.3574782335,0.9807895931024051,0.9753424657534246,0
ANT-BIO-05,probabilistic,50,6696.0,6669.0,27.0,1,0.0,32,22400.0,62309.77655174433,177901.93183971432,5400.0,0.0,268011.70839145867,0.9959677419354839,0.9972602739726028,0
ANT-BIO-05,probabilistic,51,6418.0,6333.0,85.0,4,0.0,30,21000.0,62471.63227607144,167351.93183971432,17000.0,0.0,267823.56411578576,0.9867559987535057,0.989041095890411,0
ANT-BIO-05,probabilistic,52,6267.0,6177.0,90.0,6,0.0,29,20300.0,64568.212002672364,163126.93183971432,18000.0,0.0,265995.14384238666,0.9856390617520344,0.9835616438356164,0
ANT-BIO-05,probabilistic,53,6516.0,6414.0,102.0,5,0.0,30,21000.0,60588.00591191833,167680.68183971432,20400.0,0.0,269668.68775163265,0.9843462246777164,0.9863013698630136,0
ANT-BIO-05,probabilistic,54,6444.0,6401.0,43.0,3,0.0,30,21000.0,63740.683823438085,167576.93183971432,8600.0,0.0,260917.61566315242,0.9933271260086902,0.9917808219178083,0
ANT-BIO-05,probabilistic,55,6620.0,6561.0,59.0,3,0.0,31,21700.0,60481.67745928495,174226.93183971432,11800.0,0.0,268208.6092989993,0.9910876132930514,0.9917808219178083,0
ANT-BIO-05,probabilistic,56,6595.0,6511.0,84.0,6,0.0,31,21700.0,59022.144730978616,172951.93183971432,16800.0,0.0,270474.07657069294,0.9872630780894617,0.9835616438356164,0
ANT-BIO-05,probabilistic,57,6438.0,6369.0,69.0,4,0.0,30,21000.0,64398.83745928493,168051.93183971432,13800.0,0.0,267250.7692989992,0.98928238583411,0.989041095890411,0
ANT-BIO-05,probabilistic,58,6500.0,6448.0,52.0,4,0.0,30,21000.0,62407.38591191829,168551.93183971432,10400.0,0.0,262359.3177516326,0.992,0.989041095890411,0
ANT-BIO-05,probabilistic,59,6598.0,6479.0,119.0,8,0.0,30,21000.0,61533.72045530575,170126.93183971432,23800.0,0.0,276460.65229502006,0.9819642315853289,0.9780821917808219,0
ANT-BIO-05,probabilistic,60,6780.0,6648.0,132.0,7,0.0,31,21700.0,63505.11836682554,174051.93183971432,26400.0,0.0,285657.05020653986,0.9805309734513274,0.9808219178082191,0
ANT-BIO-05,probabilistic,61,6435.0,6367.0,68.0,4,0.0,30,21000.0,63077.09227607143,167826.93183971432,13600.0,0.0,265504.0241157857,0.9894327894327895,0.989041095890411,0
ANT-BIO-05,probabilistic,62,6606.0,6521.0,85.0,4,0.0,31,21700.0,62629.977459284935,169901.93183971432,17000.0,0.0,271231.90929899924,0.9871329094762338,0.989041095890411,0
ANT-BIO-05,probabilistic,63,6427.0,6275.0,152.0,7,0.0,30,21000.0,60722.858366825494,162426.93183971432,30400.0,0.0,274549.7902065398,0.9763497743892952,0.9808219178082191,0
ANT-BIO-05,probabilistic,64,6491.0,6341.0,150.0,6,0.0,30,21000.0,60008.60473097866,167226.93183971432,30000.0,0.0,278235.536570693,0.9768910799568633,0.9835616438356164,0
ANT-BIO-05,probabilistic,65,6900.0,6808.0,92.0,7,0.0,32,22400.0,56744.19318361203,175601.93183971432,18400.0,0.0,273146.12502332637,0.9866666666666667,0.9808219178082191,0
ANT-BIO-05,probabilistic,66,6570.0,6405.0,165.0,9,0.0,30,21000.0,61983.12563851923,167501.93183971432,33000.0,0.0,283485.0574782336,0.9748858447488584,0.9753424657534246,0
ANT-BIO-05,probabilistic,67,6266.0,6165.0,101.0,5,0.0,29,20300.0,61649.4110951318,161951.93183971432,20200.0,0.0,264101.3429348461,0.9838812639642515,0.9863013698630136,0
ANT-BIO-05,probabilistic,68,6362.0,6278.0,84.0,5,0.0,30,21000.0,65278.571095131774,162501.93183971432,16800.0,0.0,265580.5029348461,0.9867966048412449,0.9863013698630136,0
ANT-BIO-05,probabilistic,69,6649.0,6481.0,168.0,11,0.0,31,21700.0,63411.69291021295,168751.93183971432,33600.0,0.0,287463.62474992726,0.9747330425627914,0.9698630136986301,0
ANT-BIO-05,probabilistic,70,6514.0,6459.0,55.0,3,0.0,31,21700.0,60592.53864022462,162526.93183971432,11000.0,0.0,255819.47047993896,0.9915566472213694,0.9917808219178083,0
ANT-BIO-05,probabilistic,71,6468.0,6441.0,27.0,1,0.0,30,21000.0,62343.31655174439,169976.93183971432,5400.0,0.0,258720.2483914587,0.9958256029684601,0.9972602739726028,0
ANT-BIO-05,probabilistic,72,6939.0,6870.0,69.0,3,0.0,32,22400.0,58152.818640224614,175501.93183971432,13800.0,0.0,269854.7504799389,0.9900562040639862,0.9917808219178083,0
ANT-BIO-05,probabilistic,73,6926.0,6866.0,60.0,4,0.0,33,23100.0,60342.89745928489,178326.93183971432,12000.0,0.0,273769.8292989992,0.991336991048224,0.989041095890411,0
ANT-BIO-05,probabilistic,74,6613.0,6499.0,114.0,7,0.0,31,21700.0,59733.712002672335,172526.93183971432,22800.0,0.0,276760.64384238666,0.98276122788447,0.9808219178082191,0
ANT-BIO-05,probabilistic,75,6320.0,6280.0,40.0,1,0.0,30,21000.0,62668.81655174437,163376.93183971432,8000.0,0.0,255045.7483914587,0.9936708860759493,0.9972602739726028,0
ANT-BIO-05,probabilistic,76,6612.0,6498.0,114.0,6,0.0,30,21000.0,57149.36473097865,170001.93183971432,22800.0,0.0,270951.29657069297,0.9827586206896551,0.9835616438356164,0
ANT-BIO-05,probabilistic,77,6722.0,6664.0,58.0,5,0.0,32,22400.0,57007.64473097867,173126.93183971432,11600.0,0.0,264134.576570693,0.991371615590598,0.9863013698630136,0
ANT-BIO-05,probabilistic,78,6702.0,6686.0,16.0,1,0.0,31,21700.0,62490.510187591266,170426.93183971432,3200.0,0.0,257817.4420273056,0.997612652939421,0.9972602739726028,0
ANT-BIO-05,probabilistic,79,6660.0,6592.0,68.0,5,0.0,31,21700.0,63029.82591191838,173326.93183971432,13600.0,0.0,271656.7577516327,0.9897897897897898,0.9863013698630136,0
ANT-BIO-05,probabilistic,80,6437.0,6326.0,111.0,6,0.0,30,21000.0,62562.518366825534,166020.68183971432,22200.0,0.0,271783.2002065398,0.9827559422091037,0.9835616438356164,0
ANT-BIO-05,probabilistic,81,6203.0,6022.0,181.0,9,0.0,29,20300.0,61381.2604553057,156251.93183971432,36200.0,0.0,274133.19229502004,0.9708205706916009,0.9753424657534246,0
ANT-BIO-05,probabilistic,82,6511.0,6472.0,39.0,4,0.0,31,21700.0,65084.157459284936,172826.93183971432,7800.0,0.0,267411.0892989993,0.9940101366917524,0.989041095890411,0
ANT-BIO-05,probabilistic,83,6569.0,6557.0,12.0,1,0.0,31,21700.0,59284.705004377756,173301.93183971432,2400.0,0.0,256686.63684409208,0.9981732379357589,0.9972602739726028,0
ANT-BIO-05,probabilistic,84,6428.0,6331.0,97.0,5,0.0,30,21000.0,62683.685911918285,168901.93183971432,19400.0,0.0,271985.6177516326,0.9849097697573118,0.9863013698630136,0
ANT-BIO-05,probabilistic,85,6867.0,6740.0,127.0,5,0.0,32,22400.0,58035.67109513183,174251.93183971432,25400.0,0.0,280087.6029348462,0.981505752147954,0.9863013698630136,0
ANT-BIO-05,probabilistic,86,6589.0,6507.0,82.0,3,0.0,31,21700.0,61128.10382343811,172301.93183971432,16400.0,0.0,271530.03566315246,0.9875550159356503,0.9917808219178083,0
ANT-BIO-05,probabilistic,87,6644.0,6473.0,171.0,9,0.0,31,21700.0,62482.32563851922,167626.93183971432,34200.0,0.0,286009.25747823354,0.974262492474413,0.9753424657534246,0
ANT-BIO-05,probabilistic,88,6535.0,6490.0,45.0,2,0.0,31,21700.0,61516.34500437774,168351.93183971432,9000.0,0.0,260568.27684409206,0.9931140015302219,0.9945205479452055,0
ANT-BIO-05,probabilistic,89,6275.0,6164.0,111.0,4,0.0,29,20300.0,62456.54227607149,160858.18183971432,22200.0,0.0,265814.7241157858,0.9823107569721116,0.989041095890411,0
ANT-BIO-05,probabilistic,90,6543.0,6483.0,60.0,3,0.0,31,21700.0,63543.22382343809,167551.93183971432,12000.0,0.0,264795.1556631524,0.9908298945437872,0.9917808219178083,0
ANT-BIO-05,probabilistic,91,6684.0,6570.0,114.0,5,0.0,31,21700.0,61204.10473097868,173826.93183971432,22800.0,0.0,279531.036570693,0.9829443447037702,0.9863013698630136,0
ANT-BIO-05,probabilistic,92,6262.0,6158.0,104.0,5,0.0,29,20300.0,62921.184730978675,163351.93183971432,20800.0,0.0,267373.116570693,0.9833918875758544,0.9863013698630136,0
ANT-BIO-05,probabilistic,93,6706.0,6654.0,52.0,3,0.0,31,21700.0,60813.10382343816,173526.93183971432,10400.0,0.0,266440.03566315246,0.9922457500745601,0.9917808219178083,0
ANT-BIO-05,probabilistic,94,6585.0,6503.0,82.0,4,0.0,31,21700.0,61526.51745928494,169151.93183971432,16400.0,0.0,268778.4492989993,0.987547456340167,0.989041095890411,0
ANT-BIO-05,probabilistic,95,6568.0,6521.0,47.0,3,0.0,31,21700.0,62489.083823438064,168876.93183971432,9400.0,0.0,262466.0156631524,0.9928440925700366,0.9917808219178083,0
ANT-BIO-05,probabilistic,96,6904.0,6776.0,128.0,5,0.0,32,22400.0,61063.151095131834,175001.93183971432,25600.0,0.0,284065.08293484617,0.981460023174971,0.9863013698630136,0
ANT-BIO-05,probabilistic,97,6360.0,6277.0,83.0,4,0.0,30,21000.0,64898.697459284915,163451.93183971432,16600.0,0.0,265950.6292989992,0.9869496855345912,0.989041095890411,0
ANT-BIO-05,probabilistic,98,6595.0,6452.0,143.0,7,0.0,31,21700.0,62486.13318361205,167801.93183971432,28600.0,0.0,280588.0650233264,0.978316906747536,0.9808219178082191,0
ANT-BIO-05,probabilistic,99,6620.0,6537.0,83.0,4,0.0,31,21700.0,64576.49745928493,169076.93183971432,16600.0,0.0,271953.42929899925,0.9874622356495468,0.989041095890411,0
ANT-BIO-05,probabilistic,100,6576.0,6521.0,55.0,4,0.0,31,21700.0,57306.47227607143,174826.93183971432,11000.0,0.0,264833.4041157857,0.9916362530413625,0.989041095890411,0
ANT-BIO-05,probabilistic,101,6752.0,6630.0,122.0,5,0.0,31,21700.0,62229.965911918305,171864.43183971432,24400.0,0.0,280194.3977516326,0.981931279620853,0.9863013698630136,0
ANT-BIO-05,probabilistic,102,6642.0,6531.0,111.0,5,0.0,31,21700.0,61538.2859119183,167551.93183971432,22200.0,0.0,272990.2177516326,0.9832881662149955,0.9863013698630136,0
ANT-BIO-05,probabilistic,103,6456.0,6312.0,144.0,7,0.0,30,21000.0,62419.29836682547,167626.93183971432,28800.0,0.0,279846.2302065398,0.9776951672862454,0.9808219178082191,0
ANT-BIO-05,probabilistic,104,6494.0,6446.0,48.0,3,0.0,31,21700.0,62522.997459284976,167126.93183971432,9600.0,0.0,260949.9292989993,0.992608561749307,0.9917808219178083,0
ANT-BIO-05,probabilistic,105,6673.0,6591.0,82.0,4,0.0,31,21700.0,57787.79227607148,172526.93183971432,16400.0,0.0,268414.7241157858,0.9877116739097858,0.989041095890411,0
ANT-BIO-05,probabilistic,106,6482.0,6278.0,204.0,10,0.0,30,21000.0,60502.63927436605,167626.93183971432,40800.0,0.0,289929.5711140804,0.9685282320271521,0.9726027397260274,0
ANT-BIO-05,probabilistic,107,6518.0,6422.0,96.0,4,0.0,30,21000.0,65723.09745928495,168626.93183971432,19200.0,0.0,274550.0292989993,0.98527155569193,0.989041095890411,0
ANT-BIO-05,probabilistic,108,6535.0,6367.0,168.0,8,0.0,30,21000.0,62559.712002672386,168101.93183971432,33600.0,0.0,285261.6438423867,0.974292272379495,0.9780821917808219,0
ANT-BIO-05,probabilistic,109,6776.0,6650.0,126.0,8,0.0,31,21700.0,60540.65200267233,173451.93183971432,25200.0,0.0,280892.58384238667,0.981404958677686,0.9780821917808219,0
ANT-BIO-05,probabilistic,110,6655.0,6643.0,12.0,1,0.0,31,21700.0,62955.49655174434,174251.93183971432,2400.0,0.0,261307.42839145867,0.9981968444778362,0.9972602739726028,0
ANT-BIO-05,probabilistic,111,6669.0,6553.0,116.0,6,0.0,31,21700.0,59453.00473097861,167576.93183971432,23200.0,0.0,271929.9365706929,0.9826060878692457,0.9835616438356164,0
ANT-BIO-05,probabilistic,112,6683.0,6581.0,102.0,6,0.0,31,21700.0,63745.70473097867,172501.93183971432,20400.0,0.0,278347.636570693,0.9847373933862038,0.9835616438356164,0
ANT-BIO-05,probabilistic,113,6625.0,6495.0,130.0,8,0.0,31,21700.0,59079.826819458875,168801.93183971432,26000.0,0.0,275581.7586591732,0.9803773584905661,0.9780821917808219,0
ANT-BIO-05,probabilistic,114,6538.0,6449.0,89.0,5,0.0,30,21000.0,62434.57109513179,169226.93183971432,17800.0,0.0,270461.5029348461,0.9863872743958397,0.9863013698630136,0
ANT-BIO-05,probabilistic,115,6539.0,6414.0,125.0,6,0.0,30,21000.0,62314.52473097861,168076.93183971432,25000.0,0.0,276391.45657069294,0.9808839272059948,0.9835616438356164,0
ANT-BIO-05,probabilistic,116,6670.0,6579.0,91.0,4,0.0,31,21700.0,62344.857459284925,167876.93183971432,18200.0,0.0,270121.78929899924,0.9863568215892053,0.989041095890411,0
ANT-BIO-05,probabilistic,117,6744.0,6711.0,33.0,2,0.0,32,22400.0,61790.55018759117,174201.93183971432,6600.0,0.0,264992.4820273055,0.9951067615658363,0.9945205479452055,0
ANT-BIO-05,probabilistic,118,6463.0,6422.0,41.0,4,0.0,30,21000.0,62862.89745928498,169551.93183971432,8200.0,0.0,261614.8292989993,0.9936561968126257,0.989041095890411,0
ANT-BIO-05,probabilistic,119,6618.0,6514.0,104.0,3,0.0,31,21700.0,63926.51745928498,168451.93183971432,20800.0,0.0,274878.4492989993,0.9842852825627078,0.9917808219178083,0
ANT-BIO-05,probabilistic,120,6638.0,6494.0,144.0,9,0.0,31,21700.0,59265.48045530572,168276.93183971432,28800.0,0.0,278042.41229502007,0.9783067188912323,0.9753424657534246,0
ANT-BIO-05,probabilistic,121,6637.0,6558.0,79.0,4,0.0,31,21700.0,62313.837459284885,174726.93183971432,15800.0,0.0,274540.7692989992,0.988097031791472,0.989041095890411,0
ANT-BIO-05,probabilistic,122,6386.0,6297.0,89.0,5,0.0,30,21000.0,64792.45109513177,162326.93183971432,17800.0,0.0,265919.3829348461,0.9860632633886627,0.9863013698630136,0
ANT-BIO-05,probabilistic,123,6637.0,6461.0,176.0,8,0.0,31,21700.0,59246.152002672396,168276.93183971432,35200.0,0.0,284423.0838423867,0.9734819948772035,0.9780821917808219,0
ANT-BIO-05,probabilistic,124,6500.0,6433.0,67.0,4,0.0,30,21000.0,64040.27745928489,169676.93183971432,13400.0,0.0,268117.2092989992,0.9896923076923076,0.989041095890411,0
ANT-BIO-05,probabilistic,125,6645.0,6568.0,77.0,5,0.0,31,21700.0,59657.11109513178,173976.93183971432,15400.0,0.0,270734.04293484613,0.9884123401053424,0.9863013698630136,0
ANT-BIO-05,probabilistic,126,6718.0,6689.0,29.0,1,0.0,32,22400.0,60487.211368530836,173276.93183971432,5800.0,0.0,261964.14320824516,0.9956832390592438,0.9972602739726028,0
ANT-BIO-05,probabilistic,127,6449.0,6431.0,18.0,1,0.0,31,21700.0,59463.13655174439,166851.93183971432,3600.0,0.0,251615.0683914587,0.9972088695921848,0.9972602739726028,0
ANT-BIO-05,probabilistic,128,6633.0,6577.0,56.0,4,0.0,31,21700.0,61944.117459284964,169551.93183971432,11200.0,0.0,264396.04929899925,0.9915573646916931,0.989041095890411,0
ANT-BIO-05,probabilistic,129,6437.0,6283.0,154.0,7,0.0,30,21000.0,64348.05836682551,163276.93183971432,30800.0,0.0,279424.99020653986,0.9760758117135312,0.9808219178082191,0
ANT-BIO-05,probabilistic,130,6743.0,6656.0,87.0,6,0.0,31,21700.0,58611.8783668255,170451.93183971432,17400.0,0.0,268163.8102065398,0.9870977309802759,0.9835616438356164,0
ANT-BIO-05,probabilistic,131,6643.0,6590.0,53.0,3,0.0,31,21700.0,57735.64382343809,172626.93183971432,10600.0,0.0,262662.5756631524,0.9920216769531838,0.9917808219178083,0
ANT-BIO-05,probabilistic,132,6613.0,6472.0,141.0,9,0.0,30,21000.0,65614.56563851923,168751.93183971432,28200.0,0.0,283566.49747823353,0.978678360804476,0.9753424657534246,0
ANT-BIO-05,probabilistic,133,6760.0,6659.0,101.0,5,0.0,32,22400.0,63901.99109513178,172226.93183971432,20200.0,0.0,278728.92293484614,0.9850591715976331,0.9863013698630136,0
ANT-BIO-05,probabilistic,134,6659.0,6599.0,60.0,4,0.0,31,21700.0,61699.25745928493,173351.93183971432,12000.0,0.0,268751.18929899926,0.9909896380837964,0.989041095890411,0
ANT-BIO-05,probabilistic,135,6453.0,6384.0,69.0,3,0.0,30,21000.0,62912.08382343814,169151.93183971432,13800.0,0.0,266864.01566315244,0.9893072989307299,0.9917808219178083,0
ANT-BIO-05,probabilistic,136,6467.0,6396.0,71.0,5,0.0,30,21000.0,61178.66473097864,169726.93183971432,14200.0,0.0,266105.59657069296,0.9890211844750271,0.9863013698630136,0
ANT-BIO-05,probabilistic,137,6518.0,6406.0,112.0,6,0.0,30,21000.0,61359.79954776515,168926.93183971432,22400.0,0.0,273686.73138747946,0.9828168149739184,0.9835616438356164,0
ANT-BIO-05,probabilistic,138,6422.0,6383.0,39.0,3,0.0,30,21000.0,62762.683823438085,168851.93183971432,7800.0,0.0,260414.61566315242,0.9939271255060729,0.9917808219178083,0
ANT-BIO-05,probabilistic,139,6685.0,6673.0,12.0,1,0.0,32,22400.0,61264.93655174437,173501.93183971432,2400.0,0.0,259566.8683914587,0.9982049364248318,0.9972602739726028,0
ANT-BIO-05,probabilistic,140,6563.0,6501.0,62.0,4,0.0,30,21000.0,60492.83745928493,169826.93183971432,12400.0,0.0,263719.7692989992,0.9905531007161359,0.989041095890411,0
ANT-BIO-05,probabilistic,141,6533.0,6469.0,64.0,4,0.0,30,21000.0,60778.43227607141,169451.93183971432,12800.0,0.0,264030.36411578575,0.9902035818153987,0.989041095890411,0
ANT-BIO-05,probabilistic,142,6420.0,6326.0,94.0,5,0.0,30,21000.0,61613.004730978646,164176.93183971432,18800.0,0.0,265589.936570693,0.9853582554517134,0.9863013698630136,0
ANT-BIO-05,probabilistic,143,6690.0,6575.0,115.0,6,0.0,31,21700.0,56856.264730978655,174226.93183971432,23000.0,0.0,275783.196570693,0.9828101644245142,0.9835616438356164,0
ANT-BIO-05,probabilistic,144,6386.0,6194.0,192.0,9,0.0,29,20300.0,64297.92563851925,163126.93183971432,38400.0,0.0,286124.8574782336,0.9699342311305982,0.9753424657534246,0
ANT-BIO-05,probabilistic,145,6571.0,6442.0,129.0,6,0.0,30,21000.0,61905.864730978625,168851.93183971432,25800.0,0.0,277557.7965706929,0.9803682848881449,0.9835616438356164,0
ANT-BIO-05,probabilistic,146,6653.0,6574.0,79.0,4,0.0,31,21700.0,64119.77227607145,172626.93183971432,15800.0,0.0,274246.7041157858,0.988125657598076,0.989041095890411,0
ANT-BIO-05,probabilistic,147,6416.0,6355.0,61.0,5,0.0,30,21000.0,63314.621095131784,166240.68183971432,12200.0,0.0,262755.30293484614,0.9904925187032418,0.9863013698630136,0
ANT-BIO-05,probabilistic,148,6608.0,6578.0,30.0,1,0.0,31,21700.0,61280.476551744345,173801.93183971432,6000.0,0.0,262782.4083914587,0.9954600484261501,0.9972602739726028,0
ANT-BIO-05,probabilistic,149,6715.0,6517.0,198.0,9,0.0,31,21700.0,57877.14563851921,168626.93183971432,39600.0,0.0,287804.0774782335,0.9705137751303052,0.9753424657534246,0
ANT-BIO-05,probabilistic,150,6313.0,6195.0,118.0,5,0.0,29,20300.0,64435.38591191829,162651.93183971432,23600.0,0.0,270987.3177516326,0.9813084112149533,0.9863013698630136,0
ANT-BIO-05,probabilistic,151,6334.0,6290.0,44.0,3,0.0,30,21000.0,63263.9238234381,166026.93183971432,8800.0,0.0,259090.8556631524,0.9930533628039154,0.9917808219178083,0
ANT-BIO-05,probabilistic,152,6453.0,6404.0,49.0,4,0.0,30,21000.0,59996.812276071396,168401.93183971432,9800.0,0.0,259198.74411578572,0.9924066325739966,0.989041095890411,0
ANT-BIO-05,probabilistic,153,6610.0,6534.0,76.0,5,0.0,31,21700.0,60831.19109513177,169276.93183971432,15200.0,0.0,267008.1229348461,0.9885022692889561,0.9863013698630136,0
ANT-BIO-05,probabilistic,154,6633.0,6531.0,102.0,4,0.0,31,21700.0,63374.217459284904,172526.93183971432,20400.0,0.0,278001.1492989992,0.984622342831298,0.989041095890411,0
ANT-BIO-05,probabilistic,155,6563.0,6550.0,13.0,1,0.0,31,21700.0,61389.79136853086,170064.43183971432,2600.0,0.0,255754.22320824518,0.9980191985372543,0.9972602739726028,0
ANT-BIO-05,probabilistic,156,6389.0,6370.0,19.0,1,0.0,30,21000.0,64393.15655174441,163851.93183971432,3800.0,0.0,253045.08839145873,0.9970261386758491,0.9972602739726028,0
ANT-BIO-05,probabilistic,157,6661.0,6546.0,115.0,7,0.0,31,21700.0,61461.33836682553,170001.93183971432,23000.0,0.0,276163.27020653983,0.9827353250262724,0.9808219178082191,0
ANT-BIO-05,probabilistic,158,6809.0,6802.0,7.0,1,0.0,32,22400.0,58021.63136853085,174551.93183971432,1400.0,0.0,256373.56320824518,0.9989719488911735,0.9972602739726028,0
ANT-BIO-05,probabilistic,159,6760.0,6660.0,100.0,5,0.0,32,22400.0,59298.25109513178,172726.93183971432,20000.0,0.0,274425.1829348461,0.985207100591716,0.9863013698630136,0
ANT-BIO-05,probabilistic,160,6733.0,6638.0,95.0,6,0.0,31,21700.0,60801.63836682556,173701.93183971432,19000.0,0.0,275203.5702065399,0.9858903906133967,0.9835616438356164,0
ANT-BIO-05,probabilistic,161,6854.0,6776.0,78.0,4,0.0,32,22400.0,60825.53745928495,178226.93183971432,15600.0,0.0,277052.4692989993,0.9886197840676977,0.989041095890411,0
ANT-BIO-05,probabilistic,162,6651.0,6584.0,67.0,4,0.0,31,21700.0,60601.137459284975,172826.93183971432,13400.0,0.0,268528.06929899927,0.9899263268681401,0.989041095890411,0
ANT-BIO-05,probabilistic,163,6610.0,6540.0,70.0,4,0.0,31,21700.0,64245.77745928491,172251.93183971432,14000.0,0.0,272197.7092989992,0.989409984871407,0.989041095890411,0
ANT-BIO-05,probabilistic,164,6589.0,6493.0,96.0,4,0.0,31,21700.0,61993.40745928491,170645.68183971432,19200.0,0.0,273539.0892989992,0.9854302625588102,0.989041095890411,0
ANT-BIO-05,probabilistic,165,6537.0,6479.0,58.0,3,0.0,30,21000.0,63872.27745928493,167609.43183971432,11600.0,0.0,264081.7092989993,0.991127428484014,0.9917808219178083,0
ANT-BIO-05,probabilistic,166,6644.0,6600.0,44.0,2,0.0,31,21700.0,59994.390187591234,172651.93183971432,8800.0,0.0,263146.32202730555,0.9933774834437086,0.9945205479452055,0
ANT-BIO-05,probabilistic,167,6560.0,6398.0,162.0,9,0.0,30,21000.0,63544.985638519276,166951.93183971432,32400.0,0.0,283896.9174782336,0.9753048780487805,0.9753424657534246,0
ANT-BIO-05,probabilistic,168,6639.0,6553.0,86.0,6,0.0,31,21700.0,63587.42473097864,168976.93183971432,17200.0,0.0,271464.35657069297,0.9870462419039012,0.9835616438356164,0
ANT-BIO-05,probabilistic,169,6400.0,6280.0,120.0,7,0.0,29,20300.0,63795.7583668255,165551.93183971432,24000.0,0.0,273647.6902065398,0.98125,0.9808219178082191,0
ANT-BIO-05,probabilistic,170,6542.0,6415.0,127.0,6,0.0,30,21000.0,60610.824730978624,168226.93183971432,25400.0,0.0,275237.75657069293,0.9805869764597982,0.9835616438356164,0
ANT-BIO-05,probabilistic,171,6694.0,6603.0,91.0,5,0.0,31,21700.0,62093.47109513178,172426.93183971432,18200.0,0.0,274420.4029348461,0.9864057364804303,0.9863013698630136,0
ANT-BIO-05,probabilistic,172,6455.0,6357.0,98.0,7,0.0,30,21000.0,64387.4783668255,163501.93183971432,19600.0,0.0,268489.4102065398,0.9848179705654532,0.9808219178082191,0
ANT-BIO-05,probabilistic,173,6916.0,6825.0,91.0,4,0.0,32,22400.0,60211.344730978635,179126.93183971432,18200.0,0.0,279938.27657069295,0.9868421052631579,0.989041095890411,0
ANT-BIO-05,probabilistic,174,6521.0,6418.0,103.0,5,0.0,30,21000.0,61939.81109513178,165301.93183971432,20600.0,0.0,268841.7429348461,0.984204876552676,0.9863013698630136,0
ANT-BIO-05,probabilistic,175,6507.0,6397.0,110.0,7,0.0,30,21000.0,61154.49318361202,168276.93183971432,22000.0,0.0,272431.42502332636,0.9830951283233441,0.9808219178082191,0
ANT-BIO-05,probabilistic,176,6808.0,6620.0,188.0,8,0.0,31,21700.0,59613.89200267233,169026.93183971432,37600.0,0.0,287940.82384238666,0.9723854289071681,0.9780821917808219,0
ANT-BIO-05,probabilistic,177,6373.0,6290.0,83.0,5,0.0,30,21000.0,63463.68591191823,163476.93183971432,16600.0,0.0,264540.6177516326,0.9869763062921701,0.9863013698630136,0
ANT-BIO-05,probabilistic,178,6752.0,6589.0,163.0,7,0.0,31,21700.0,60771.99836682547,171489.43183971432,32600.0,0.0,286561.4302065398,0.9758590047393365,0.9808219178082191,0
ANT-BIO-05,probabilistic,179,6480.0,6405.0,75.0,3,0.0,30,21000.0,60982.732276071445,167926.93183971432,15000.0,0.0,264909.66411578574,0.9884259259259259,0.9917808219178083,0
ANT-BIO-05,probabilistic,180,6665.0,6561.0,104.0,5,0.0,31,21700.0,61374.911095131814,173801.93183971432,20800.0,0.0,277676.8429348461,0.9843960990247562,0.9863013698630136,0
ANT-BIO-05,probabilistic,181,6795.0,6773.0,22.0,1,0.0,32,22400.0,58903.89018759123,175826.93183971432,4400.0,0.0,261530.82202730555,0.9967623252391464,0.9972602739726028,0
ANT-BIO-05,probabilistic,182,6292.0,6192.0,100.0,6,0.0,29,20300.0,64625.18473097863,160091.93183971432,20000.0,0.0,265017.116570693,0.9841068022886205,0.9835616438356164,0
ANT-BIO-05,probabilistic,183,6648.0,6579.0,69.0,4,0.0,31,21700.0,64333.19745928496,172501.93183971432,13800.0,0.0,272335.12929899927,0.9896209386281588,0.989041095890411,0
ANT-BIO-05,probabilistic,184,6632.0,6562.0,70.0,5,0.0,31,21700.0,64572.9710951318,172576.93183971432,14000.0,0.0,272849.9029348461,0.9894451145958987,0.9863013698630136,0
ANT-BIO-05,probabilistic,185,6597.0,6533.0,64.0,4,0.0,31,21700.0,61165.85745928496,173101.93183971432,12800.0,0.0,268767.7892989993,0.9902986205851144,0.989041095890411,0
ANT-BIO-05,probabilistic,186,6649.0,6629.0,20.0,1,0.0,31,21700.0,62592.07655174434,173626.93183971432,4000.0,0.0,261919.00839145866,0.9969920288765228,0.9972602739726028,0
ANT-BIO-05,probabilistic,187,6330.0,6224.0,106.0,4,0.0,29,20300.0,66447.41745928497,163701.93183971432,21200.0,0.0,271649.3492989993,0.9832543443917852,0.989041095890411,0
ANT-BIO-05,probabilistic,188,6460.0,6363.0,97.0,4,0.0,30,21000.0,63090.86745928495,166195.68183971432,19400.0,0.0,269686.54929899925,0.984984520123839,0.989041095890411,0
ANT-BIO-05,probabilistic,189,6085.0,6010.0,75.0,6,0.0,28,19600.0,60868.524730978614,157676.93183971432,15000.0,0.0,253145.45657069294,0.9876746096959738,0.9835616438356164,0
ANT-BIO-05,probabilistic,190,6847.0,6701.0,146.0,7,0.0,32,22400.0,59439.15318361205,174201.93183971432,29200.0,0.0,285241.08502332633,0.9786767927559515,0.9808219178082191,0
ANT-BIO-05,probabilistic,191,6713.0,6663.0,50.0,2,0.0,31,21700.0,59858.31018759121,174176.93183971432,10000.0,0.0,265735.24202730553,0.9925517652316401,0.9945205479452055,0
ANT-BIO-05,probabilistic,192,6894.0,6781.0,113.0,6,0.0,32,22400.0,58849.16473097858,177560.68183971432,22600.0,0.0,281409.8465706929,0.9836089353060632,0.9835616438356164,0
ANT-BIO-05,probabilistic,193,6352.0,6302.0,50.0,4,0.0,30,21000.0,60558.837459284914,162901.93183971432,10000.0,0.0,254460.76929899922,0.9921284634760705,0.989041095890411,0
ANT-BIO-05,probabilistic,194,6573.0,6443.0,130.0,6,0.0,30,21000.0,62328.07954776513,168326.93183971432,26000.0,0.0,277655.0113874795,0.9802221207972007,0.9835616438356164,0
ANT-BIO-05,probabilistic,195,6781.0,6754.0,27.0,2,0.0,32,22400.0,60965.310187591196,180176.93183971432,5400.0,0.0,268942.24202730553,0.9960182863884383,0.9945205479452055,0
ANT-BIO-05,probabilistic,196,6225.0,6134.0,91.0,6,0.0,29,20300.0,63863.72473097864,162651.93183971432,18200.0,0.0,265015.65657069295,0.9853815261044176,0.9835616438356164,0
ANT-BIO-05,probabilistic,197,6568.0,6559.0,9.0,1,0.0,31,21700.0,61880.59655174442,174651.93183971432,1800.0,0.0,260032.52839145873,0.9986297198538368,0.9972602739726028,0
ANT-BIO-05,probabilistic,198,6488.0,6360.0,128.0,7,0.0,30,21000.0,59907.578366825495,165215.68183971432,25600.0,0.0,271723.2602065398,0.9802712700369913,0.9808219178082191,0
ANT-BIO-05,probabilistic,199,6807.0,6734.077273588573,72.92272641142699,6,0.0,32,22400.0,61480.68290452837,174578.86367942864,14584.545282285399,0.0,273044.0918662424,0.989287097633109,0.9835616438356164,0
PLT-CON-06,baseline,0,2854.0,1794.0,1060.0,136,3141.0,45,15750.0,29209.5,302400.0,190800.0,188460.0,726619.5,0.6285914505956552,0.6273972602739726,0
PLT-CON-06,baseline,1,2957.0,1834.0,1123.0,135,3120.0,45,15750.0,29283.0,302400.0,202140.0,187200.0,736773.0,0.6202231991883665,0.6301369863013699,0
PLT-CON-06,baseline,2,2907.0,1822.0,1085.0,139,3113.0,45,15750.0,28947.3,299712.0,195300.0,186780.0,726489.3,0.6267629858961128,0.6191780821917808,0
PLT-CON-06,baseline,3,2984.0,1810.0,1174.0,141,3037.0,44,15400.0,28750.5,295680.0,211320.0,182220.0,733370.5,0.6065683646112601,0.6136986301369862,0
PLT-CON-06,baseline,4,2983.0,1934.0,1049.0,125,3131.0,46,16100.0,29794.5,309120.0,188820.0,187860.0,731694.5,0.6483405967147168,0.6575342465753424,0
PLT-CON-06,baseline,5,2942.0,1807.0,1135.0,137,3121.0,45,15750.0,28878.0,295680.0,204300.0,187260.0,731868.0,0.6142080217539089,0.6246575342465753,0
PLT-CON-06,baseline,6,2967.0,1869.0,1098.0,132,3063.0,45,15750.0,28927.5,302400.0,197640.0,183780.0,728497.5,0.6299292214357938,0.6383561643835616,0
PLT-CON-06,baseline,7,2980.0,1909.0,1071.0,133,3019.0,45,15750.0,28422.0,295680.0,192780.0,181140.0,713772.0,0.6406040268456376,0.6356164383561644,0
PLT-CON-06,baseline,8,2930.0,1802.0,1128.0,136,3145.0,45,15750.0,29550.0,302400.0,203040.0,188700.0,739440.0,0.6150170648464164,0.6273972602739726,0
PLT-CON-06,baseline,9,2953.0,1903.0,1050.0,132,3070.0,45,15750.0,29175.0,302400.0,189000.0,184200.0,720525.0,0.6444293938367761,0.6383561643835616,0
PLT-CON-06,baseline,10,3083.0,1899.0,1184.0,136,3042.0,45,15750.0,28782.0,302400.0,213120.0,182520.0,742572.0,0.6159584819980538,0.6273972602739726,0
PLT-CON-06,baseline,11,2744.0,1775.0,969.0,130,3230.2,45,15750.0,29883.0,302400.0,174420.0,193812.0,716265.0,0.646865889212828,0.6438356164383562,0
PLT-CON-06,baseline,12,2915.0,1879.0,1036.0,130,3077.0,45,15750.0,29506.5,302400.0,186480.0,184620.0,718756.5,0.6445969125214408,0.6438356164383562,0
PLT-CON-06,baseline,13,2918.0,1756.0,1162.0,142,3060.0,44,15400.0,28548.0,288960.0,209160.0,183600.0,725668.0,0.6017820424948594,0.6109589041095891,0
PLT-CON-06,baseline,14,2912.0,1807.0,1105.0,137,3170.0,45,15750.0,29629.5,302400.0,198900.0,190200.0,736879.5,0.6205357142857143,0.6246575342465753,0
PLT-CON-06,baseline,15,2831.0,1867.0,964.0,125,3179.0,46,16100.0,29794.5,309120.0,173520.0,190740.0,719274.5,0.6594842811727305,0.6575342465753424,0
PLT-CON-06,baseline,16,2956.0,1907.0,1049.0,130,3024.0,45,15750.0,29008.5,302400.0,188820.0,181440.0,717418.5,0.6451285520974289,0.6438356164383562,0
PLT-CON-06,baseline,17,2863.0,1761.0,1102.0,134,3207.0,45,15750.0,29923.5,302400.0,198360.0,192420.0,738853.5,0.6150890674118058,0.6328767123287671,0
PLT-CON-06,baseline,18,2867.0,1841.0,1026.0,131,3214.0,46,16100.0,30042.0,309120.0,184680.0,192840.0,732782.0,0.6421346355074992,0.6410958904109589,0
PLT-CON-06,baseline,19,2938.0,1851.0,1087.0,132,3114.0,45,15750.0,29605.5,302400.0,195660.0,186840.0,730255.5,0.6300204220558203,0.6383561643835616,0
PLT-CON-06,baseline,20,2864.0,1796.0,1068.0,136,3170.0,45,15750.0,29742.0,302400.0,192240.0,190200.0,730332.0,0.6270949720670391,0.6273972602739726,0
PLT-CON-06,baseline,21,3014.0,1919.0,1095.0,131,3038.0,45,15750.0,29304.0,302400.0,197100.0,182280.0,726834.0,0.6366954213669542,0.6410958904109589,0
PLT-CON-06,baseline,22,2799.0,1749.0,1050.0,132,3291.0,46,16100.0,30027.0,302400.0,189000.0,197460.0,734987.0,0.62486602357985,0.6383561643835616,0
PLT-CON-06,baseline,23,3031.0,1948.0,1083.0,131,2980.0,45,15750.0,28518.0,295680.0,194940.0,178800.0,713688.0,0.6426921807984164,0.6410958904109589,0
PLT-CON-06,baseline,24,2888.0,1780.0,1108.0,143,3058.0,44,15400.0,28708.5,295680.0,199440.0,183480.0,722708.5,0.6163434903047091,0.6082191780821917,0
PLT-CON-06,baseline,25,2937.0,1838.0,1099.0,135,3123.0,45,15750.0,29518.5,302400.0,197820.0,187380.0,732868.5,0.6258086482805584,0.6301369863013699,0
PLT-CON-06,baseline,26,2861.0,1836.0,1025.0,128,3219.0,46,16100.0,30103.5,309120.0,184500.0,193140.0,732963.5,0.6417336595595945,0.6493150684931507,0
PLT-CON-06,baseline,27,2850.0,1778.0,1072.0,137,3262.0,46,16100.0,29685.0,302400.0,192960.0,195720.0,736865.0,0.623859649122807,0.6246575342465753,0
PLT-CON-06,baseline,28,2943.0,1751.0,1192.0,144,2992.0,43,15050.0,28266.0,288960.0,214560.0,179520.0,726356.0,0.5949711179068977,0.6054794520547946,0
PLT-CON-06,baseline,29,2901.0,1929.0,972.0,133,3111.0,46,16100.0,29151.0,302400.0,174960.0,186660.0,709271.0,0.6649431230610134,0.6356164383561644,0
PLT-CON-06,baseline,30,2982.0,1878.0,1104.0,132,3286.0,47,16450.0,30402.0,315840.0,198720.0,197160.0,758572.0,0.6297786720321932,0.6383561643835616,0
PLT-CON-06,baseline,31,2906.0,1844.0,1062.0,130,3094.0,45,15750.0,29037.0,302400.0,191160.0,185640.0,723987.0,0.6345492085340675,0.6438356164383562,0
PLT-CON-06,baseline,32,2919.0,1875.0,1044.0,135,3078.0,45,15750.0,29335.5,302400.0,187920.0,184680.0,720085.5,0.6423432682425488,0.6301369863013699,0
PLT-CON-06,baseline,33,2940.0,1834.0,1106.0,133,3107.0,45,15750.0,29214.6,299712.0,199080.0,186420.0,730176.6,0.6238095238095238,0.6356164383561644,0
PLT-CON-06,baseline,34,2844.0,1790.0,1054.0,131,3055.0,44,15400.0,29032.5,295680.0,189720.0,183300.0,713132.5,0.629395218002813,0.6410958904109589,0
PLT-CON-06,baseline,35,2862.0,1791.0,1071.0,137,3249.0,46,16100.0,29673.0,302400.0,192780.0,194940.0,735893.0,0.6257861635220126,0.6246575342465753,0
PLT-CON-06,baseline,36,2970.0,1886.0,1084.0,129,3063.0,45,15750.0,29064.0,302400.0,195120.0,183780.0,726114.0,0.635016835016835,0.6465753424657534,0
PLT-CON-06,baseline,37,2877.0,1846.0,1031.0,133,3204.0,46,16100.0,29826.0,309120.0,185580.0,192240.0,732866.0,0.6416405978449774,0.6356164383561644,0
PLT-CON-06,baseline,38,2999.0,1844.0,1155.0,134,3000.0,44,15400.0,28702.5,295680.0,207900.0,180000.0,727682.5,0.6148716238746249,0.6328767123287671,0
PLT-CON-06,baseline,39,2917.0,1813.0,1104.0,139,3034.0,44,15400.0,29047.5,295680.0,198720.0,182040.0,720887.5,0.6215289681179293,0.6191780821917808,0
PLT-CON-06,baseline,40,2904.0,1900.0,1004.0,134,3142.0,46,16100.0,29518.8,306432.0,180720.0,188520.0,721290.8,0.6542699724517906,0.6328767123287671,0
PLT-CON-06,baseline,41,2867.0,1777.0,1090.0,138,3005.2,43,15050.0,28360.5,288960.0,196200.0,180312.0,708882.5,0.6198116498081618,0.6219178082191781,0
PLT-CON-06,baseline,42,2921.0,1901.0,1020.0,130,3103.2,45,15750.0,29448.3,302400.0,183600.0,186192.0,717390.3,0.6508045190003423,0.6438356164383562,0
PLT-CON-06,baseline,43,2951.0,1854.0,1097.0,136,2992.0,44,15400.0,28735.5,295680.0,197460.0,179520.0,716795.5,0.6282616062351745,0.6273972602739726,0
PLT-CON-06,baseline,44,2920.0,1868.0,1052.0,133,3095.0,45,15750.0,29551.5,302400.0,189360.0,185700.0,722761.5,0.6397260273972603,0.6356164383561644,0
PLT-CON-06,baseline,45,2847.0,1837.0,1010.0,130,3214.0,46,16100.0,30006.0,309120.0,181800.0,192840.0,729866.0,0.6452406041447137,0.6438356164383562,0
PLT-CON-06,baseline,46,2900.0,1765.0,1135.0,138,3093.0,44,15400.0,29098.5,295680.0,204300.0,185580.0,730058.5,0.6086206896551725,0.6219178082191781,0
PLT-CON-06,baseline,47,2888.0,1867.0,1021.0,134,3103.0,45,15750.0,29608.5,302400.0,183780.0,186180.0,717718.5,0.6464681440443213,0.6328767123287671,0
PLT-CON-06,baseline,48,2865.0,1788.0,1077.0,135,3255.0,46,16100.0,29919.0,309120.0,193860.0,195300.0,744299.0,0.6240837696335079,0.6301369863013699,0
PLT-CON-06,baseline,49,2935.0,1887.0,1048.0,131,3184.0,46,16100.0,30038.1,309120.0,188640.0,191040.0,734938.1,0.6429301533219761,0.6410958904109589,0
PLT-CON-06,baseline,50,2940.0,1847.0,1093.0,131,3193.0,46,16100.0,29638.5,302400.0,196740.0,191580.0,736458.5,0.6282312925170068,0.6410958904109589,0
PLT-CON-06,baseline,51,2819.0,1764.0,1055.0,139,3164.0,45,15750.0,29080.5,295680.0,189900.0,189840.0,720250.5,0.6257538134090103,0.6191780821917808,0
PLT-CON-06,baseline,52,2795.0,1788.0,1007.0,130,3252.0,46,16100.0,29841.0,302400.0,181260.0,195120.0,724721.0,0.6397137745974956,0.6438356164383562,0
PLT-CON-06,baseline,53,2906.0,1874.0,1032.0,128,3094.0,45,15750.0,29568.0,302400.0,185760.0,185640.0,719118.0,0.6448726772195458,0.6493150684931507,0
PLT-CON-06,baseline,54,2880.0,1819.0,1061.0,136,3030.0,44,15400.0,28857.0,295680.0,190980.0,181800.0,712717.0,0.6315972222222223,0.6273972602739726,0
PLT-CON-06,baseline,55,2944.0,1811.0,1133.0,135,3117.0,45,15750.0,29110.5,295680.0,203940.0,187020.0,731500.5,0.6151494565217391,0.6301369863013699,0
PLT-CON-06,baseline,56,2904.0,1784.0,1120.0,144,3144.0,45,15750.0,28983.0,295680.0,201600.0,188640.0,730653.0,0.6143250688705234,0.6054794520547946,0
PLT-CON-06,baseline,57,2804.0,1744.0,1060.0,133,3184.0,45,15750.0,29292.0,295680.0,190800.0,191040.0,722562.0,0.6219686162624821,0.6356164383561644,0
PLT-CON-06,baseline,58,2830.0,1787.0,1043.0,136,3141.0,45,15750.0,29020.5,295680.0,187740.0,188460.0,716650.5,0.6314487632508834,0.6273972602739726,0
PLT-CON-06,baseline,59,2938.0,1845.0,1093.0,140,3095.0,45,15750.0,29077.5,302400.0,196740.0,185700.0,729667.5,0.6279782164737917,0.6164383561643836,0
PLT-CON-06,baseline,60,3014.0,1834.0,1180.0,138,3206.0,46,16100.0,29698.5,302400.0,212400.0,192360.0,752958.5,0.608493696084937,0.6219178082191781,0
PLT-CON-06,baseline,61,2851.0,1810.0,1041.0,134,3131.0,45,15750.0,29304.0,302400.0,187380.0,187860.0,722694.0,0.634864959663276,0.6328767123287671,0
PLT-CON-06,baseline,62,2959.0,1983.0,976.0,125,3210.0,47,16450.0,30627.0,315840.0,175680.0,192600.0,731197.0,0.6701588374450828,0.6575342465753424,0
PLT-CON-06,baseline,63,2919.0,1857.0,1062.0,131,2975.0,44,15400.0,28020.6,292992.0,191160.0,178500.0,706072.6,0.6361767728674204,0.6410958904109589,0
PLT-CON-06,baseline,64,2930.0,1878.0,1052.0,131,3188.0,46,16100.0,29775.6,309120.0,189360.0,191280.0,735635.6,0.6409556313993174,0.6410958904109589,0
PLT-CON-06,baseline,65,3037.0,1870.0,1167.0,139,3058.0,45,15750.0,28788.0,295680.0,210060.0,183480.0,733758.0,0.6157392163319065,0.6191780821917808,0
PLT-CON-06,baseline,66,2879.0,1756.0,1123.0,145,2969.0,43,15050.0,28009.5,288960.0,202140.0,178140.0,712299.5,0.6099340048627996,0.6027397260273972,0
PLT-CON-06,baseline,67,2831.0,1738.0,1093.0,136,3203.0,45,15750.0,29745.0,302400.0,196740.0,192180.0,736815.0,0.6139173436948074,0.6273972602739726,0
PLT-CON-06,baseline,68,2811.0,1773.0,1038.0,132,3280.0,46,16100.0,30117.6,306432.0,186840.0,196800.0,736289.6,0.6307363927427961,0.6383561643835616,0
PLT-CON-06,baseline,69,2902.0,1737.0,1165.0,146,3079.0,44,15400.0,28386.0,288960.0,209700.0,184740.0,727186.0,0.59855272226051,0.6,0
PLT-CON-06,baseline,70,2912.0,1911.0,1001.0,126,3248.0,47,16450.0,30234.0,315840.0,180180.0,194880.0,737584.0,0.65625,0.6547945205479452,0
PLT-CON-06,baseline,71,2875.0,1844.0,1031.0,135,3206.0,46,16100.0,29923.5,309120.0,185580.0,192360.0,733083.5,0.6413913043478261,0.6301369863013699,0
PLT-CON-06,baseline,72,3020.0,1964.0,1056.0,130,3076.0,46,16100.0,29053.5,302400.0,190080.0,184560.0,722193.5,0.6503311258278146,0.6438356164383562,0
PLT-CON-06,baseline,73,3052.0,1889.0,1163.0,136,2967.0,44,15400.0,28494.0,295680.0,209340.0,178020.0,726934.0,0.6189384010484927,0.6273972602739726,0
PLT-CON-06,baseline,74,2933.0,1864.0,1069.0,139,3101.0,45,15750.0,29203.5,302400.0,192420.0,186060.0,725833.5,0.6355267644050461,0.6191780821917808,0
PLT-CON-06,baseline,75,2822.0,1768.0,1054.0,134,3160.0,45,15750.0,28975.5,295680.0,189720.0,189600.0,719725.5,0.6265060240963856,0.6328767123287671,0
PLT-CON-06,baseline,76,2934.0,1866.0,1068.0,134,3062.0,45,15750.0,28723.5,295680.0,192240.0,183720.0,716113.5,0.6359918200408998,0.6328767123287671,0
PLT-CON-06,baseline,77,2964.0,1833.0,1131.0,141,2983.0,44,15400.0,27955.5,288960.0,203580.0,178980.0,714875.5,0.618421052631579,0.6136986301369862,0
PLT-CON-06,baseline,78,2892.0,1826.0,1066.0,135,3102.0,45,15750.0,28822.5,295680.0,191880.0,186120.0,718252.5,0.6313969571230982,0.6301369863013699,0
PLT-CON-06,baseline,79,2867.0,1731.0,1136.0,140,3100.0,44,15400.0,28786.5,295680.0,204480.0,186000.0,730346.5,0.6037670038367632,0.6164383561643836,0
PLT-CON-06,baseline,80,2872.0,1844.0,1028.0,133,3225.0,46,16100.0,30534.0,309120.0,185040.0,193500.0,734294.0,0.6420612813370473,0.6356164383561644,0
PLT-CON-06,baseline,81,2785.0,1799.0,986.0,127,3261.0,46,16100.0,30667.5,309120.0,177480.0,195660.0,729027.5,0.6459605026929982,0.6520547945205479,0
PLT-CON-06,baseline,82,2881.0,1804.0,1077.0,137,3174.0,45,15750.0,29740.5,302400.0,193860.0,190440.0,732190.5,0.6261714682401944,0.6246575342465753,0
PLT-CON-06,baseline,83,2928.0,1911.0,1017.0,130,3161.0,46,16100.0,30114.0,309120.0,183060.0,189660.0,728054.0,0.6526639344262295,0.6438356164383562,0
PLT-CON-06,baseline,84,2847.0,1721.0,1126.0,143,3095.0,44,15400.0,28522.5,288960.0,202680.0,185700.0,721262.5,0.6044959606603442,0.6082191780821917,0
PLT-CON-06,baseline,85,3018.0,1835.0,1183.0,138,3093.0,45,15750.0,28822.5,295680.0,212940.0,185580.0,738772.5,0.6080185553346588,0.6219178082191781,0
PLT-CON-06,baseline,86,2982.0,2022.0,960.0,122,3284.0,48,16800.0,31053.0,322560.0,172800.0,197040.0,740253.0,0.6780684104627767,0.6657534246575343,0
PLT-CON-06,baseline,87,2910.0,1747.0,1163.0,144,3069.0,44,15400.0,28140.0,288960.0,209340.0,184140.0,725980.0,0.6003436426116838,0.6054794520547946,0
PLT-CON-06,baseline,88,2925.0,1830.0,1095.0,133,2994.0,44,15400.0,28551.0,295680.0,197100.0,179640.0,716371.0,0.6256410256410256,0.6356164383561644,0
PLT-CON-06,baseline,89,2800.0,1777.0,1023.0,135,3159.0,45,15750.0,29319.0,302400.0,184140.0,189540.0,721149.0,0.6346428571428572,0.6301369863013699,0
PLT-CON-06,baseline,90,2911.0,1893.0,1018.0,129,3268.0,47,16450.0,30297.0,315840.0,183240.0,196080.0,741907.0,0.6502919958777053,0.6465753424657534,0
PLT-CON-06,baseline,91,2923.0,1882.0,1041.0,129,3058.0,45,15750.0,29070.0,302400.0,187380.0,183480.0,718080.0,0.64385904892234,0.6465753424657534,0
PLT-CON-06,baseline,92,2819.0,1772.0,1047.0,134,3205.0,45,15750.0,29979.0,302400.0,188460.0,192300.0,728889.0,0.6285916991841078,0.6328767123287671,0
PLT-CON-06,baseline,93,3022.0,1940.0,1082.0,133,3100.0,46,16100.0,29116.5,302400.0,194760.0,186000.0,728376.5,0.6419589675711449,0.6356164383561644,0
PLT-CON-06,baseline,94,2906.0,1843.0,1063.0,138,3003.0,44,15400.0,28683.0,295680.0,191340.0,180180.0,711283.0,0.6342050929112182,0.6219178082191781,0
PLT-CON-06,baseline,95,2873.0,1826.0,1047.0,133,3218.0,46,16100.0,29721.3,306432.0,188460.0,193080.0,733793.3,0.635572572224156,0.6356164383561644,0
PLT-CON-06,baseline,96,2984.0,1811.0,1173.0,138,3151.0,45,15750.0,29524.5,302400.0,211140.0,189060.0,747874.5,0.6069034852546917,0.6219178082191781,0
PLT-CON-06,baseline,97,2901.0,1874.0,1027.0,129,3087.0,45,15750.0,29221.5,302400.0,184860.0,185220.0,717451.5,0.645984143398828,0.6465753424657534,0
PLT-CON-06,baseline,98,2845.0,1870.0,975.0,135,3068.0,45,15750.0,28990.5,302400.0,175500.0,184080.0,706720.5,0.6572934973637962,0.6301369863013699,0
PLT-CON-06,baseline,99,2909.0,1826.0,1083.0,132,3017.0,44,15400.0,28793.1,295680.0,194940.0,181020.0,715833.1,0.6277071158473703,0.6383561643835616,0
PLT-CON-06,baseline,100,2954.0,1821.0,1133.0,137,3128.0,45,15750.0,29224.5,302400.0,203940.0,187680.0,738994.5,0.6164522681110359,0.6246575342465753,0
PLT-CON-06,baseline,101,2986.0,1880.0,1106.0,139,3023.2,44,15400.0,28438.5,295680.0,199080.0,181392.0,719990.5,0.6296048225050235,0.6191780821917808,0
PLT-CON-06,baseline,102,2915.0,1862.0,1053.0,130,3108.0,45,15750.0,29428.5,302400.0,189540.0,186480.0,723598.5,0.6387650085763293,0.6438356164383562,0
PLT-CON-06,baseline,103,2892.0,1858.0,1034.0,131,3294.0,47,16450.0,30240.0,309120.0,186120.0,197640.0,739570.0,0.6424619640387276,0.6410958904109589,0
PLT-CON-06,baseline,104,2935.0,1922.0,1013.0,125,3161.0,46,16100.0,29964.0,309120.0,182340.0,189660.0,727184.0,0.654855195911414,0.6575342465753424,0
PLT-CON-06,baseline,105,2971.0,1934.0,1037.0,126,3338.0,48,16800.0,31002.0,322560.0,186660.0,200280.0,757302.0,0.6509592729720632,0.6547945205479452,0
PLT-CON-06,baseline,106,2847.0,1778.0,1069.0,136,3038.0,44,15400.0,28237.5,288960.0,192420.0,182280.0,707297.5,0.6245170354759396,0.6273972602739726,0
PLT-CON-06,baseline,107,2911.0,1839.0,1072.0,136,3201.0,46,16100.0,29637.0,302400.0,192960.0,192060.0,733157.0,0.6317416695293714,0.6273972602739726,0
PLT-CON-06,baseline,108,2932.0,1789.0,1143.0,142,3027.0,44,15400.0,28243.5,288960.0,205740.0,181620.0,719963.5,0.6101637107776262,0.6109589041095891,0
PLT-CON-06,baseline,109,3003.0,1847.0,1156.0,141,3081.0,45,15750.0,28581.0,295680.0,208080.0,184860.0,732951.0,0.6150516150516151,0.6136986301369862,0
PLT-CON-06,baseline,110,2967.0,1914.0,1053.0,131,3126.0,46,16100.0,29349.0,302400.0,189540.0,187560.0,724949.0,0.6450960566228514,0.6410958904109589,0
PLT-CON-06,baseline,111,2943.0,1920.0,1023.0,132,3130.0,46,16100.0,29410.5,309120.0,184140.0,187800.0,726570.5,0.6523955147808359,0.6383561643835616,0
PLT-CON-06,baseline,112,2900.0,1812.0,1088.0,137,3016.0,44,15400.0,28513.5,295680.0,195840.0,180960.0,716393.5,0.6248275862068966,0.6246575342465753,0
PLT-CON-06,baseline,113,2943.0,1862.0,1081.0,130,3191.0,46,16100.0,30132.0,309120.0,194580.0,191460.0,741392.0,0.6326877336051648,0.6438356164383562,0
PLT-CON-06,baseline,114,2907.0,1858.0,1049.0,129,3294.0,47,16450.0,30463.5,309120.0,188820.0,197640.0,742493.5,0.6391468868249054,0.6465753424657534,0
PLT-CON-06,baseline,115,2902.0,1786.0,1116.0,138,3030.0,44,15400.0,28290.0,288960.0,200880.0,181800.0,715330.0,0.6154376292212267,0.6219178082191781,0
PLT-CON-06,baseline,116,2926.0,1912.0,1014.0,129,3016.0,45,15750.0,28410.0,295680.0,182520.0,180960.0,703320.0,0.6534518113465482,0.6465753424657534,0
PLT-CON-06,baseline,117,2975.0,1853.0,1122.0,135,3104.0,45,15750.0,29313.0,302400.0,201960.0,186240.0,735663.0,0.6228571428571429,0.6301369863013699,0
PLT-CON-06,baseline,118,2836.0,1787.0,1049.0,134,3061.0,44,15400.0,28831.5,295680.0,188820.0,183660.0,712391.5,0.6301128349788434,0.6328767123287671,0
PLT-CON-06,baseline,119,2933.0,1900.0,1033.0,128,3252.0,47,16450.0,30226.5,309120.0,185940.0,195120.0,736856.5,0.647800886464371,0.6493150684931507,0
PLT-CON-06,baseline,120,2950.0,1813.0,1137.0,138,3019.0,44,15400.0,28338.0,295680.0,204660.0,181140.0,725218.0,0.6145762711864406,0.6219178082191781,0
PLT-CON-06,baseline,121,2933.0,1797.0,1136.0,135,3243.0,46,16100.0,29770.5,302400.0,204480.0,194580.0,747330.5,0.6126832594613024,0.6301369863013699,0
PLT-CON-06,baseline,122,2871.0,1834.0,1037.0,136,3136.0,45,15750.0,29752.5,302400.0,186660.0,188160.0,722722.5,0.6388018112156043,0.6273972602739726,0
PLT-CON-06,baseline,123,2924.0,1866.0,1058.0,135,3071.0,45,15750.0,28798.5,302400.0,190440.0,184260.0,721648.5,0.6381668946648427,0.6301369863013699,0
PLT-CON-06,baseline,124,2902.0,1901.0,1001.0,123,3283.0,47,16450.0,30721.5,315840.0,180180.0,196980.0,740171.5,0.655065472088215,0.6630136986301369,0
PLT-CON-06,baseline,125,3012.0,1905.0,1107.0,131,3247.0,47,16450.0,30309.0,309120.0,199260.0,194820.0,749959.0,0.6324701195219123,0.6410958904109589,0
PLT-CON-06,baseline,126,2918.0,1835.0,1083.0,134,3022.0,44,15400.0,28803.0,295680.0,194940.0,181320.0,716143.0,0.6288553803975325,0.6328767123287671,0
PLT-CON-06,baseline,127,2894.0,1901.0,993.0,129,3169.0,46,16100.0,29898.0,309120.0,178740.0,190140.0,723998.0,0.6568762957843814,0.6465753424657534,0
PLT-CON-06,baseline,128,2940.0,1829.0,1111.0,138,3099.0,45,15750.0,28795.5,295680.0,199980.0,185940.0,726145.5,0.6221088435374149,0.6219178082191781,0
PLT-CON-06,baseline,129,2877.0,1874.0,1003.0,131,3215.0,46,16100.0,30321.0,309120.0,180540.0,192900.0,728981.0,0.651372957942301,0.6410958904109589,0
PLT-CON-06,baseline,130,2967.0,1858.0,1109.0,131,3070.0,45,15750.0,28717.5,295680.0,199620.0,184200.0,723967.5,0.626221772834513,0.6410958904109589,0
PLT-CON-06,baseline,131,2958.0,1886.0,1072.0,135,2945.0,44,15400.0,28158.0,295680.0,192960.0,176700.0,708898.0,0.6375929682217715,0.6301369863013699,0
PLT-CON-06,baseline,132,2933.0,1785.0,1148.0,135,3264.0,46,16100.0,30001.5,309120.0,206640.0,195840.0,757701.5,0.6085918854415274,0.6301369863013699,0
PLT-CON-06,baseline,133,2950.0,1906.0,1044.0,133,3056.0,45,15750.0,29173.5,302400.0,187920.0,183360.0,718603.5,0.6461016949152543,0.6356164383561644,0
PLT-CON-06,baseline,134,2953.0,1882.0,1071.0,129,3189.0,46,16100.0,30076.5,309120.0,192780.0,191340.0,739416.5,0.6373179817135117,0.6465753424657534,0
PLT-CON-06,baseline,135,2882.0,1888.0,994.0,125,3264.0,47,16450.0,30102.0,309120.0,178920.0,195840.0,730432.0,0.6551006245662734,0.6575342465753424,0
PLT-CON-06,baseline,136,2917.0,1897.0,1020.0,129,3186.0,46,16100.0,30105.0,309120.0,183600.0,191160.0,730085.0,0.6503256770654783,0.6465753424657534,0
PLT-CON-06,baseline,137,2855.0,1761.0,1094.0,135,3065.0,44,15400.0,28782.6,292992.0,196920.0,183900.0,717994.6,0.6168126094570928,0.6301369863013699,0
PLT-CON-06,baseline,138,2860.0,1819.0,1041.0,133,3247.0,46,16100.0,30081.0,309120.0,187380.0,194820.0,737501.0,0.6360139860139861,0.6356164383561644,0
PLT-CON-06,baseline,139,2949.0,1853.0,1096.0,133,3075.0,45,15750.0,28729.5,295680.0,197280.0,184500.0,721939.5,0.6283485927433028,0.6356164383561644,0
PLT-CON-06,baseline,140,2890.0,1724.0,1166.0,144,3204.0,45,15750.0,29074.5,295680.0,209880.0,192240.0,742624.5,0.5965397923875433,0.6054794520547946,0
PLT-CON-06,baseline,141,2922.0,1898.0,1024.0,130,3172.0,46,16100.0,30066.0,309120.0,184320.0,190320.0,729926.0,0.649555099247091,0.6438356164383562,0
PLT-CON-06,baseline,142,2869.0,1834.0,1035.0,133,3245.0,46,16100.0,30319.5,309120.0,186300.0,194700.0,736539.5,0.6392471244336005,0.6356164383561644,0
PLT-CON-06,baseline,143,3038.0,1879.0,1159.0,136,2981.0,44,15400.0,28477.5,295680.0,208620.0,178860.0,727037.5,0.6184990125082291,0.6273972602739726,0
PLT-CON-06,baseline,144,2869.0,1832.0,1037.0,133,3238.0,46,16100.0,30119.1,309120.0,186660.0,194280.0,736279.1,0.6385500174276751,0.6356164383561644,0
PLT-CON-06,baseline,145,2925.0,1869.0,1056.0,128,3094.0,45,15750.0,29410.5,302400.0,190080.0,185640.0,723280.5,0.638974358974359,0.6493150684931507,0
PLT-CON-06,baseline,146,2864.0,1756.0,1108.0,139,3184.0,45,15750.0,29358.6,299712.0,199440.0,191040.0,735300.6,0.6131284916201117,0.6191780821917808,0
PLT-CON-06,baseline,147,2827.0,1813.0,1014.0,131,3227.0,46,16100.0,30097.5,302400.0,182520.0,193620.0,724737.5,0.6413158825610188,0.6410958904109589,0
PLT-CON-06,baseline,148,2933.0,1912.0,1021.0,124,2912.0,44,15400.0,28003.5,295680.0,183780.0,174720.0,697583.5,0.651892260484146,0.6602739726027398,0
PLT-CON-06,baseline,149,3000.0,1837.0,1163.0,140,3116.0,45,15750.0,29196.6,302400.0,209340.0,186960.0,743646.6,0.6123333333333333,0.6164383561643836,0
PLT-CON-06,baseline,150,2818.0,1713.0,1105.0,140,3248.0,45,15750.0,29955.0,302400.0,198900.0,194880.0,741885.0,0.6078779276082328,0.6164383561643836,0
PLT-CON-06,baseline,151,2859.0,1800.0,1059.0,128,3352.0,47,16450.0,30756.0,309120.0,190620.0,201120.0,748066.0,0.6295907660020986,0.6493150684931507,0
PLT-CON-06,baseline,152,2864.0,1881.0,983.0,127,3287.0,47,16450.0,30726.0,315840.0,176940.0,197220.0,737176.0,0.6567737430167597,0.6520547945205479,0
PLT-CON-06,baseline,153,2891.0,1744.0,1147.0,136,3214.0,45,15750.0,29719.5,302400.0,206460.0,192840.0,747169.5,0.6032514700795573,0.6273972602739726,0
PLT-CON-06,baseline,154,2934.0,1834.0,1100.0,134,3206.0,46,16100.0,29590.5,302400.0,198000.0,192360.0,738450.5,0.6250852079072938,0.6328767123287671,0
PLT-CON-06,baseline,155,2812.0,1788.0,1024.0,134,2946.0,43,15050.0,28518.0,288960.0,184320.0,176760.0,693608.0,0.635846372688478,0.6328767123287671,0
PLT-CON-06,baseline,156,2858.0,1881.0,977.0,127,3198.0,46,16100.0,30390.0,309120.0,175860.0,191880.0,723350.0,0.6581525542337299,0.6520547945205479,0
PLT-CON-06,baseline,157,2901.0,1858.0,1043.0,134,2998.0,44,15400.0,28527.6,295680.0,187740.0,179880.0,707227.6,0.6404688038607377,0.6328767123287671,0
PLT-CON-06,baseline,158,2945.0,1843.0,1102.0,135,3085.0,45,15750.0,28813.5,295680.0,198360.0,185100.0,723703.5,0.6258064516129033,0.6301369863013699,0
PLT-CON-06,baseline,159,3028.0,1845.0,1183.0,140,3021.0,44,15400.0,28768.5,295680.0,212940.0,181260.0,734048.5,0.6093130779392338,0.6164383561643836,0
PLT-CON-06,baseline,160,3006.0,1934.0,1072.0,135,2994.0,45,15750.0,28258.5,295680.0,192960.0,179640.0,712288.5,0.6433799068529608,0.6301369863013699,0
PLT-CON-06,baseline,161,3000.0,1823.0,1177.0,140,2993.0,44,15400.0,28029.0,288960.0,211860.0,179580.0,723829.0,0.6076666666666667,0.6164383561643836,0
PLT-CON-06,baseline,162,2939.0,1768.0,1171.0,142,2946.0,43,15050.0,27892.5,288960.0,210780.0,176760.0,719442.5,0.6015651582170807,0.6109589041095891,0
PLT-CON-06,baseline,163,2928.0,1851.0,1077.0,134,3189.0,46,16100.0,29652.0,302400.0,193860.0,191340.0,733352.0,0.632172131147541,0.6328767123287671,0
PLT-CON-06,baseline,164,2902.0,1814.0,1088.0,133,3260.0,46,16100.0,30360.0,309120.0,195840.0,195600.0,747020.0,0.6250861474844934,0.6356164383561644,0
PLT-CON-06,baseline,165,2905.0,1851.0,1054.0,131,3093.0,45,15750.0,29551.5,302400.0,189720.0,185580.0,723001.5,0.6371772805507745,0.6410958904109589,0
PLT-CON-06,baseline,166,2998.0,1901.0,1097.0,133,3139.0,46,16100.0,29485.5,309120.0,197460.0,188340.0,740505.5,0.6340893929286191,0.6356164383561644,0
PLT-CON-06,baseline,167,2892.0,1757.0,1135.0,136,3199.0,45,15750.0,29799.0,302400.0,204300.0,191940.0,744189.0,0.6075380359612724,0.6273972602739726,0
PLT-CON-06,baseline,168,2926.0,1830.0,1096.0,132,3210.0,46,16100.0,29731.5,302400.0,197280.0,192600.0,738111.5,0.6254272043745728,0.6383561643835616,0
PLT-CON-06,baseline,169,2843.0,1867.0,976.0,130,3099.0,45,15750.0,29749.5,302400.0,175680.0,185940.0,709519.5,0.6567006683081252,0.6438356164383562,0
PLT-CON-06,baseline,170,2908.0,1850.0,1058.0,138,2979.0,44,15400.0,28062.0,295680.0,190440.0,178740.0,708322.0,0.6361760660247593,0.6219178082191781,0
PLT-CON-06,baseline,171,2902.0,1743.0,1159.0,141,3185.0,45,15750.0,29214.0,295680.0,208620.0,191100.0,740364.0,0.6006202618883528,0.6136986301369862,0
PLT-CON-06,baseline,172,2862.0,1833.0,1029.0,132,3119.0,45,15750.0,29308.5,302400.0,185220.0,187140.0,719818.5,0.640461215932914,0.6383561643835616,0
PLT-CON-06,baseline,173,3006.0,1878.0,1128.0,130,3197.0,46,16100.0,30175.5,309120.0,203040.0,191820.0,750255.5,0.624750499001996,0.6438356164383562,0
PLT-CON-06,baseline,174,2890.0,1853.0,1037.0,134,3115.0,45,15750.0,29536.5,302400.0,186660.0,186900.0,721246.5,0.6411764705882353,0.6328767123287671,0
PLT-CON-06,baseline,175,2912.0,1840.0,1072.0,134,3088.0,45,15750.0,28779.0,295680.0,192960.0,185280.0,718449.0,0.6318681318681318,0.6328767123287671,0
PLT-CON-06,baseline,176,3000.0,1925.0,1075.0,137,3003.0,45,15750.0,28600.5,295680.0,193500.0,180180.0,713710.5,0.6416666666666667,0.6246575342465753,0
PLT-CON-06,baseline,177,2843.0,1800.0,1043.0,135,3240.0,46,16100.0,29646.0,302400.0,187740.0,194400.0,730286.0,0.6331340133661625,0.6301369863013699,0
PLT-CON-06,baseline,178,2960.0,1880.0,1080.0,135,3066.0,45,15750.0,28914.0,302400.0,194400.0,183960.0,725424.0,0.6351351351351351,0.6301369863013699,0
PLT-CON-06,baseline,179,2900.0,1869.0,1031.0,132,2974.0,44,15400.0,28743.0,295680.0,185580.0,178440.0,703843.0,0.6444827586206896,0.6383561643835616,0
PLT-CON-06,baseline,180,2950.0,1871.0,1079.0,138,3088.0,45,15750.0,29347.5,302400.0,194220.0,185280.0,726997.5,0.6342372881355932,0.6219178082191781,0
PLT-CON-06,baseline,181,2968.0,1907.0,1061.0,131,3147.0,46,16100.0,29679.0,309120.0,190980.0,188820.0,734699.0,0.6425202156334232,0.6410958904109589,0
PLT-CON-06,baseline,182,2851.0,1874.0,977.0,125,3365.2,47,16450.0,31044.0,315840.0,175860.0,201912.0,741106.0,0.6573132234303753,0.6575342465753424,0
PLT-CON-06,baseline,183,2901.0,1768.0,1133.0,139,3160.0,45,15750.0,29044.5,295680.0,203940.0,189600.0,734014.5,0.6094450189589796,0.6191780821917808,0
PLT-CON-06,baseline,184,2953.0,1939.0,1014.0,126,3213.0,47,16450.0,29973.0,309120.0,182520.0,192780.0,730843.0,0.6566203860480867,0.6547945205479452,0
PLT-CON-06,baseline,185,2927.0,1883.0,1044.0,128,3073.0,45,15750.0,29403.0,302400.0,187920.0,184380.0,719853.0,0.6433208062863,0.6493150684931507,0
PLT-CON-06,baseline,186,2949.0,1912.0,1037.0,131,2953.0,44,15400.0,28624.5,295680.0,186660.0,177180.0,703544.5,0.6483553747032893,0.6410958904109589,0
PLT-CON-06,baseline,187,2818.0,1749.0,1069.0,136,3291.0,46,16100.0,30112.5,302400.0,192420.0,197460.0,738492.5,0.620652945351313,0.6273972602739726,0
PLT-CON-06,baseline,188,2935.0,1859.0,1076.0,135,3181.0,46,16100.0,29658.0,302400.0,193680.0,190860.0,732698.0,0.6333901192504259,0.6301369863013699,0
PLT-CON-06,baseline,189,2841.0,1803.0,1038.0,127,3020.0,44,15400.0,28432.8,292992.0,186840.0,181200.0,704864.8,0.6346356916578669,0.6520547945205479,0
PLT-CON-06,baseline,190,2959.0,1822.0,1137.0,135,3113.0,45,15750.0,29101.5,302400.0,204660.0,186780.0,738691.5,0.615748563703954,0.6301369863013699,0
PLT-CON-06,baseline,191,2973.0,1903.0,1070.0,128,3137.0,46,16100.0,29490.0,302400.0,192600.0,188220.0,728810.0,0.6400941809619912,0.6493150684931507,0
PLT-CON-06,baseline,192,3014.0,1900.0,1114.0,135,3028.0,45,15750.0,28680.0,295680.0,200520.0,181680.0,722310.0,0.630391506303915,0.6301369863013699,0
PLT-CON-06,baseline,193,2893.0,1910.0,983.0,131,3042.0,45,15750.0,28840.5,302400.0,176940.0,182520.0,706450.5,0.6602143104044245,0.6410958904109589,0
PLT-CON-06,baseline,194,2889.0,1823.0,1066.0,134,3217.0,46,16100.0,29791.5,302400.0,191880.0,193020.0,733191.5,0.6310141917618554,0.6328767123287671,0
PLT-CON-06,baseline,195,2987.0,1941.0,1046.0,131,3129.0,46,16100.0,29605.5,309120.0,188280.0,187740.0,730845.5,0.6498158687646468,0.6410958904109589,0
PLT-CON-06,baseline,196,2798.0,1777.0,1021.0,127,3188.0,45,15750.0,29985.0,302400.0,183780.0,191280.0,723195.0,0.6350964974982131,0.6520547945205479,0
PLT-CON-06,baseline,197,2898.0,1703.0,1195.0,143,3113.0,44,15400.0,28624.5,288960.0,215100.0,186780.0,734864.5,0.5876466528640442,0.6082191780821917,0
PLT-CON-06,baseline,198,2860.0,1750.0,1110.0,138,3066.0,44,15400.0,28431.0,288960.0,199800.0,183960.0,716551.0,0.6118881118881119,0.6219178082191781,0
PLT-CON-06,baseline,199,2966.0,1906.0,1060.0,130,3142.0,46,16100.0,29661.0,309120.0,190800.0,188520.0,734201.0,0.6426163182737694,0.6438356164383562,0
PLT-CON-06,probabilistic,0,2899.0,2636.0,263.0,33,1083.4161628930863,94,32900.0,17777.102506635216,225369.85000628937,47340.0,65004.96977358517,388391.9222865097,0.9092790617454295,0.9095890410958904,0
PLT-CON-06,probabilistic,1,2984.0,2791.4992015513626,192.50079844863728,24,961.3705543605913,95,33250.0,17214.492029842753,225472.18535471705,34650.14372075471,57682.233261635476,368269.05436695,0.935489008562789,0.9342465753424658,0
PLT-CON-06,probabilistic,2,2893.0,2716.496007756814,176.5039922431864,23,1004.4241473794591,93,32550.0,16720.76044264149,223555.20930817616,31770.71860377355,60265.448842767546,364862.13719735877,0.9389892871610142,0.936986301369863,0
PLT-CON-06,probabilistic,3,2959.0,2791.748003878407,167.25199612159318,23,864.6761435010519,93,32550.0,16274.32684962264,221590.32907547176,30105.359301886772,51880.568610063114,352400.58383704425,0.9434768515979747,0.936986301369863,0
PLT-CON-06,probabilistic,4,2942.0,2684.596806205451,257.4031937945491,33,1045.1201551362728,93,32550.0,17146.056099654077,225207.8979132076,46332.57488301884,62707.209308176374,383943.73820405686,0.9125074120344836,0.9095890410958904,0
PLT-CON-06,probabilistic,5,2904.0,2629.748003878407,274.2519961215932,37,1000.4729497065031,91,31850.0,16585.618826352184,217813.25721509443,49365.359301886776,60028.37698239018,375642.6123257236,0.9055606073961456,0.8986301369863013,0
PLT-CON-06,probabilistic,6,2940.0,2716.6,223.4,30,1030.1689574633172,95,33250.0,17523.20768685534,227398.1374477988,40212.0,61810.13744779903,380193.4825824532,0.9240136054421768,0.9178082191780822,0
PLT-CON-06,probabilistic,7,3012.0,2801.0,211.0,26,870.2729497065033,94,32900.0,16345.10879726413,221716.37698239,37980.0,52216.3769823902,361157.8627620443,0.9299468791500664,0.9287671232876712,0
PLT-CON-06,probabilistic,8,2959.0,2657.0,302.0,37,1115.8681590146791,95,33250.0,17817.53648918239,227755.01768050317,54360.0,66952.08954088074,400134.64371056634,0.8979384927340318,0.8986301369863013,0
PLT-CON-06,probabilistic,9,2895.0,2650.0,245.0,33,1091.9169613417234,93,32550.0,17455.028524088048,225999.89791320765,44100.0,65515.017680503406,385619.9441177991,0.9153713298791019,0.9095890410958904,0
PLT-CON-06,probabilistic,10,3027.0,2785.6,241.4,29,998.768957463317,95,33250.0,16875.699663584885,227062.1374477988,43452.0,59926.13744779902,380565.9745591827,0.9202510736703006,0.9205479452054794,0
PLT-CON-06,probabilistic,11,2782.0,2551.0,231.0,28,1203.1774404109055,96,33600.0,17988.951908937113,226570.64642465417,41580.0,72190.64642465433,391930.24475824565,0.9169662113587347,0.9232876712328767,0
PLT-CON-06,probabilistic,12,2921.0,2776.24401163522,144.75598836477957,22,964.172151257866,90,31500.0,17060.631908937088,226449.85000628937,26056.07790566032,57850.32907547196,358916.8888963587,0.9504430029562547,0.9397260273972603,0
PLT-CON-06,probabilistic,13,2909.0,2686.0,223.0,31,950.1721512578656,92,32200.0,16615.333198427667,218875.20930817619,40140.0,57010.329075471935,364840.87158207584,0.9233413544173256,0.915068493150685,0
PLT-CON-06,probabilistic,14,2936.0,2650.0,286.0,34,1123.6681590146795,94,32900.0,17727.860442641504,227800.08954088058,51480.0,67420.08954088077,397328.0395244028,0.9025885558583107,0.9068493150684931,0
PLT-CON-06,probabilistic,15,2838.0,2703.0,135.0,19,1116.6601745283065,96,33600.0,18435.973314779887,231879.61047169816,24300.0,66999.61047169838,375215.19425817643,0.952431289640592,0.947945205479452,0
PLT-CON-06,probabilistic,16,2914.0,2703.0,211.0,26,1055.3884783941344,94,32900.0,17760.05095079875,227243.30870364787,37980.0,63323.308703648065,379206.66835809464,0.9275909402882636,0.9287671232876712,0
PLT-CON-06,probabilistic,17,2910.0,2669.0,241.0,31,1085.424147379459,93,32550.0,17707.92601238993,228070.32907547173,43380.0,65125.448842767546,386833.70393062924,0.9171821305841924,0.915068493150685,0
PLT-CON-06,probabilistic,18,2856.0,2659.6992015513624,196.3007984486373,27,1053.368957463317,94,32900.0,17204.808076383655,225528.96977358498,35334.14372075471,63202.13744779902,374170.0590185224,0.9312672274339504,0.9260273972602739,0
PLT-CON-06,probabilistic,19,2958.0,2701.748003878407,256.2519961215932,33,1103.3169613417235,96,33600.0,17795.860890345903,229203.8979132076,46125.359301886776,66199.01768050341,392924.13578594365,0.9133698458006785,0.9095890410958904,0
PLT-CON-06,probabilistic,20,2932.0,2784.0440116352206,147.95598836477956,21,1164.62095358491,99,34650.0,18733.731698490566,236919.8979132076,26632.07790566032,69877.2572150946,386812.9647324531,0.9495375210215623,0.9424657534246575,0
PLT-CON-06,probabilistic,21,3052.0,2860.0,192.0,26,905.172151257866,96,33600.0,16948.897057792434,228295.20930817616,34560.0,54310.32907547196,367714.43544144055,0.9370904325032765,0.9287671232876712,0
PLT-CON-06,probabilistic,22,2822.0,2616.0,206.0,28,1184.3169613417228,94,32900.0,18349.88050081761,230823.8979132076,37080.0,71059.01768050337,390212.7960945286,0.9270021261516654,0.9232876712328767,0
PLT-CON-06,probabilistic,23,3026.0,2840.0,186.0,24,916.7201551362726,94,32900.0,16884.177657767275,227788.08954088055,33480.0,55003.20930817636,366055.4765068242,0.9385327164573695,0.9342465753424658,0
PLT-CON-06,probabilistic,24,2919.0,2682.748003878407,236.2519961215932,31,1028.172151257866,93,32550.0,17329.082448459114,224320.08954088055,42525.359301886776,61690.329075471964,378414.86036669835,0.9190640643639626,0.915068493150685,0
PLT-CON-06,probabilistic,25,2924.0,2581.2,342.8,40,1072.7201551362728,93,32550.0,17043.2016112264,220660.08954088058,61704.0,64363.20930817637,396320.5004602833,0.8827633378932968,0.8904109589041096,0
PLT-CON-06,probabilistic,26,2824.0,2610.0992015513625,213.9007984486373,26,1111.3169613417235,92,32200.0,17817.614483364767,227289.85000628937,38502.14372075471,66679.01768050341,382488.6258909123,0.9242560912009075,0.9287671232876712,0
PLT-CON-06,probabilistic,27,2940.0,2727.0992015513625,212.9007984486373,30,1071.82095358491,95,33250.0,17604.321669402503,228475.20930817619,38322.14372075471,64309.25721509461,381960.931913428,0.9275847624324363,0.9178082191780822,0
PLT-CON-06,probabilistic,28,2915.0,2705.6992015513624,209.30079844863727,28,1005.22095358491,95,33250.0,17367.262837987415,225640.08954088055,37674.143720754706,60313.2572150946,374244.75331471727,0.9281986969301415,0.9232876712328767,0
PLT-CON-06,probabilistic,29,2938.0,2828.748003878407,109.2519961215932,17,984.9201551362728,94,32900.0,17497.968076383673,231744.96977358495,19665.359301886776,59095.20930817637,360903.5064600317,0.9628141606121194,0.9534246575342465,0
PLT-CON-06,probabilistic,30,2936.0,2755.0,181.0,24,1038.9201551362728,96,33600.0,17685.57247754716,228415.20930817616,32580.0,62335.20930817637,374615.99109389965,0.9383514986376021,0.9342465753424658,0
PLT-CON-06,probabilistic,31,2908.0,2697.0,211.0,28,1122.616162893086,97,33950.0,18057.37331477987,232341.85000628937,37980.0,67356.96977358517,389686.1930946544,0.9274415405777167,0.9232876712328767,0
PLT-CON-06,probabilistic,32,2938.0,2740.8,197.2,25,1002.5169613417239,94,32900.0,17470.968076383626,228063.8979132076,35496.0,60151.017680503435,374081.88367009466,0.9328795098706604,0.9315068493150684,0
PLT-CON-06,probabilistic,33,2962.0,2803.748003878407,158.2519961215932,23,963.9201551362728,93,32550.0,17292.888134559733,229524.96977358498,28485.359301886776,57835.20930817637,365688.4265182078,0.9465725873998673,0.936986301369863,0
PLT-CON-06,probabilistic,34,2809.0,2584.748003878407,224.2519961215932,30,1115.6209535849096,93,32550.0,17537.79008220125,223087.01768050322,40365.359301886776,66937.25721509458,380477.4242796858,0.920166608714278,0.9178082191780822,0
PLT-CON-06,probabilistic,35,2887.0,2688.0,199.0,22,1070.9201551362728,96,33600.0,17900.70250663523,227920.08954088058,35820.0,64255.20930817637,379496.00135569216,0.9310703152060963,0.9397260273972603,0
PLT-CON-06,probabilistic,36,2948.0,2739.0,209.0,28,1099.4161628930863,93,32550.0,17754.987686855333,231324.96977358495,37620.0,65964.96977358518,385214.92723402544,0.9291044776119403,0.9232876712328767,0
PLT-CON-06,probabilistic,37,2840.0,2644.748003878407,195.2519961215932,24,993.6729497065033,91,31850.0,16711.46044264148,220090.1374477988,35145.359301886776,59620.376982390204,363417.3341747172,0.9312492971402841,0.9342465753424658,0
PLT-CON-06,probabilistic,38,3066.0,2861.748003878407,204.2519961215932,27,898.0681590146795,93,32550.0,16768.053704308157,226908.96977358492,36765.359301886776,53884.08954088077,366876.4723206606,0.9333816059616461,0.9260273972602739,0
PLT-CON-06,probabilistic,39,2922.0,2721.0,201.0,26,1009.4161628930865,92,32200.0,17174.792477547155,224844.96977358495,36180.0,60564.96977358519,370964.7320247173,0.9312114989733059,0.9287671232876712,0
PLT-CON-06,probabilistic,40,2893.0,2707.748003878407,185.2519961215932,25,1037.7689574633168,94,32900.0,17403.482448459115,226695.8979132076,33345.359301886776,62266.13744779901,372610.8771113525,0.9359654351463557,0.9315068493150684,0
PLT-CON-06,probabilistic,41,2957.0,2712.748003878407,244.2519961215932,32,1082.372151257866,95,33250.0,18003.328855440257,229552.08954088058,43965.359301886776,64942.329075471964,389713.10677367955,0.917398716225366,0.9123287671232877,0
PLT-CON-06,probabilistic,42,2910.0,2644.0,266.0,30,1135.3169613417235,95,33250.0,17927.292356641512,229743.8979132076,47880.0,68119.01768050341,396920.2079503525,0.9085910652920962,0.9178082191780822,0
PLT-CON-06,probabilistic,43,2918.0,2705.0,213.0,28,1022.5201551362727,95,33250.0,17578.390861257856,226516.08954088055,38340.0,61351.20930817636,377035.6897103148,0.927004797806717,0.9232876712328767,0
PLT-CON-06,probabilistic,44,2928.0,2808.8960077568136,119.1039922431864,20,1006.0241473794592,93,32550.0,17207.42885544024,229780.08954088055,21438.718603773552,60361.44884276755,361337.68584286195,0.9593224070207697,0.9452054794520548,0
PLT-CON-06,probabilistic,45,2901.0,2771.0,130.0,19,1073.6161628930865,97,33950.0,18093.773193874207,233121.85000628937,23400.0,64416.969773585195,372982.5929737488,0.9551878662530162,0.947945205479452,0
PLT-CON-06,probabilistic,46,2944.0,2777.0,167.0,20,973.737440410906,93,32550.0,17469.460764077972,225680.24642465412,30060.0,58424.24642465435,364183.9536133865,0.9432744565217391,0.9452054794520548,0
PLT-CON-06,probabilistic,47,2979.0,2816.0,163.0,23,1028.4161628930865,96,33600.0,17235.390082201237,233589.85000628934,29340.0,61704.96977358519,375470.2098620758,0.9452836522322927,0.936986301369863,0
PLT-CON-06,probabilistic,48,2873.0,2709.0,164.0,21,1172.416162893086,97,33950.0,18616.653704308188,235509.85000628937,29520.0,70344.96977358517,387941.47348418273,0.9429168116950922,0.9424657534246575,0
PLT-CON-06,probabilistic,49,2905.0,2692.0,213.0,28,1031.8681590146796,93,32550.0,17331.10924496855,224932.08954088058,38340.0,61912.08954088078,375065.2883267299,0.9266781411359725,0.9232876712328767,0
PLT-CON-06,probabilistic,50,2915.0,2706.0,209.0,29,1052.82095358491,96,33600.0,17738.66762867924,227509.2572150944,37620.0,63169.25721509461,379637.18205886823,0.9283018867924528,0.9205479452054794,0
PLT-CON-06,probabilistic,51,2878.0,2648.8992015513627,229.10079844863728,32,1164.0129690985368,95,33250.0,18105.673314779866,232599.61047169816,41238.14372075471,69840.7781459122,395034.205653145,0.920395830976846,0.9123287671232877,0
PLT-CON-06,probabilistic,52,2791.0,2490.3999999999996,300.6,38,1335.2601745283062,95,33250.0,18978.583343867944,231099.61047169816,54108.00000000001,80115.61047169837,417551.8042872645,0.8922966678609816,0.8958904109589041,0
PLT-CON-06,probabilistic,53,2969.0,2842.04401163522,126.95598836477959,20,1012.072949706503,97,33950.0,18240.32768685535,233871.8979132076,22852.077905660324,60724.37698239018,369638.68048811343,0.9572394784894646,0.9452054794520548,0
PLT-CON-06,probabilistic,54,2889.0,2734.0,155.0,21,1019.0161628930865,95,33250.0,17330.410919433954,227160.969773585,27900.0,61140.96977358519,366782.35046660417,0.9463482173762547,0.9424657534246575,0
PLT-CON-06,probabilistic,55,2890.0,2781.496007756814,108.50399224318639,16,958.1721512578658,94,32900.0,17068.155651949673,224380.08954088055,19530.71860377355,57490.32907547195,351369.29287207575,0.9624553660058179,0.9561643835616438,0
PLT-CON-06,probabilistic,56,2942.0,2762.748003878407,179.2519961215932,25,1001.6681590146798,94,32900.0,17648.119274056586,229629.85000628937,32265.359301886776,60100.089540880785,372543.41812311346,0.9390713813318854,0.9315068493150684,0
PLT-CON-06,probabilistic,57,2858.0,2679.048802327044,178.9511976729559,23,1046.9201551362723,95,33250.0,17416.131429867964,226783.01768050325,32211.215581132063,62815.20930817634,372475.57399967965,0.9373858650549489,0.936986301369863,0
PLT-CON-06,probabilistic,58,2793.0,2614.948003878407,178.0519961215932,25,1088.22095358491,92,32200.0,17741.367418232672,223129.06558742144,32049.359301886776,65293.25721509459,370413.04952263547,0.9362506279550329,0.9315068493150684,0
PLT-CON-06,probabilistic,59,2879.0,2654.8992015513627,224.10079844863728,31,1102.8129690985368,93,32550.0,17370.380500817602,228327.61047169816,40338.14372075471,66168.7781459122,384754.9128391827,0.922160195050838,0.915068493150685,0
PLT-CON-06,probabilistic,60,2897.0,2649.748003878407,247.2519961215932,32,1005.0729497065033,94,32900.0,16764.71882635217,219469.2572150944,44505.359301886776,60304.3769823902,373943.7123257235,0.9146524003722496,0.9123287671232877,0
PLT-CON-06,probabilistic,61,2818.0,2583.0,235.0,33,1124.2177597903608,92,32200.0,17648.104901981125,225657.94582012584,42300.0,67453.06558742165,385259.1163095286,0.9166075230660042,0.9095890410958904,0
PLT-CON-06,probabilistic,62,2835.0,2648.6960077568137,186.3039922431864,23,1057.972151257866,93,32550.0,17546.243106610054,225324.96977358495,33534.71860377355,63478.329075471964,372434.26055944053,0.9342843060870595,0.936986301369863,0
PLT-CON-06,probabilistic,63,2897.0,2629.8,267.2,34,1118.0681590146794,94,32900.0,17538.702058930812,224872.08954088055,48096.0,67084.08954088077,390490.8811406921,0.9077666551605109,0.9068493150684931,0
PLT-CON-06,probabilistic,64,2961.0,2793.748003878407,167.2519961215932,23,995.1764822725414,94,32900.0,17232.859470135852,229540.3494017612,30105.359301886776,59710.588936352484,369489.1571101363,0.9435150300163482,0.936986301369863,0
PLT-CON-06,probabilistic,65,3090.0,2841.0472054297697,248.95279457023048,30,865.9249458280964,90,31500.0,16430.6844542767,225403.20930817616,44811.50302264149,51955.496749685786,370100.89353478013,0.9194327525662686,0.9178082191780822,0
PLT-CON-06,probabilistic,66,2875.0,2620.8,254.2,34,1098.0681590146792,94,32900.0,17503.147297327054,224796.96977358498,45756.0,65884.08954088076,386840.2066117928,0.9115826086956522,0.9068493150684931,0
PLT-CON-06,probabilistic,67,2795.0,2588.0,207.0,29,1159.416162893086,94,32900.0,18014.55130896226,226884.96977358498,37260.0,69564.96977358517,384624.4908561324,0.9259391771019678,0.9205479452054794,0
PLT-CON-06,probabilistic,68,2784.0,2453.4387224821803,330.56127751781963,42,1288.07025437317,95,33250.0,18084.152056654082,225270.5386113208,59501.02995320754,77284.2152623902,413389.9358835726,0.8812639089375648,0.8849315068493151,0
PLT-CON-06,probabilistic,69,2905.0,2683.048802327044,221.9511976729559,29,1035.3907140503188,95,33250.0,17426.40894498114,225578.2943315724,39951.21558113206,62123.44284301913,378329.3617007047,0.9235968338475194,0.9205479452054794,0
PLT-CON-06,probabilistic,70,2897.0,2748.648802327044,148.35119767295592,26,1026.7169613417236,94,32900.0,17368.2168787107,226581.94582012584,26703.215581132066,61603.01768050341,365156.395960472,0.9487914402233497,0.9287671232876712,0
PLT-CON-06,probabilistic,71,2833.0,2681.0,152.0,21,1033.62095358491,94,32900.0,17773.680053113218,225442.1374477988,27360.0,62017.2572150946,365493.0747160066,0.9463466290151783,0.9424657534246575,0
PLT-CON-06,probabilistic,72,2993.0,2867.0,126.0,20,898.6761435010523,97,33950.0,16983.333646132058,227440.56861006297,22680.0,53920.568610063136,354974.47086625814,0.9579017707985299,0.9452054794520548,0
PLT-CON-06,probabilistic,73,2966.0,2820.8992015513627,145.10079844863728,20,915.8697559119539,94,32900.0,16815.343227515703,225946.1374477988,26118.14372075471,54952.185354717236,356731.80975078646,0.9510786249330285,0.9452054794520548,0
PLT-CON-06,probabilistic,74,2891.0,2705.2,185.8,25,980.972151257866,94,32900.0,16915.453256603752,222655.20930817619,33444.0,58858.329075471964,364772.9916402519,0.9357315807679003,0.9315068493150684,0
PLT-CON-06,probabilistic,75,2890.0,2708.548003878407,181.4519961215932,23,1087.7689574633168,95,33250.0,17701.041727578624,230523.8979132076,32661.359301886776,65266.13744779901,379402.436390472,0.9372138421724592,0.936986301369863,0
PLT-CON-06,probabilistic,76,2954.0,2737.748003878407,216.2519961215932,25,991.6681590146796,95,33250.0,16989.997268238978,225264.96977358498,38925.359301886776,59500.08954088078,373930.41588459146,0.926793501651458,0.9315068493150684,0
PLT-CON-06,probabilistic,77,2985.0,2850.0,135.0,20,850.1281396226454,95,33250.0,16566.03247754715,222292.56861006294,24300.0,51007.688377358725,347416.28946496884,0.9547738693467337,0.9452054794520548,0
PLT-CON-06,probabilistic,78,2902.0,2627.0,275.0,33,994.6761435010523,92,32200.0,16777.734093836465,218545.44884276736,49500.0,59680.568610063136,376703.75154666696,0.9052377670572019,0.9095890410958904,0
PLT-CON-06,probabilistic,79,2848.0,2692.299201551363,155.70079844863727,21,1084.1169613417235,96,33600.0,18177.168345006296,228909.85000628937,28026.14372075471,65047.017680503406,373760.1797525538,0.945329775825619,0.9424657534246575,0
PLT-CON-06,probabilistic,80,2868.0,2690.848802327044,177.1511976729559,25,1062.9201551362728,93,32550.0,17342.04367522011,225826.1374477988,31887.215581132063,63775.20930817637,371380.6060123273,0.938231799974562,0.9315068493150684,0
PLT-CON-06,probabilistic,81,2868.0,2722.6692813962263,145.33071860377356,23,1063.4948853752667,94,32900.0,17660.33422010439,228609.8500062894,26159.52934867924,63809.693122516,369139.40669758903,0.9493268066235099,0.936986301369863,0
PLT-CON-06,probabilistic,82,2858.0,2638.8992015513627,219.10079844863728,33,1035.5145466037777,95,33250.0,17332.687776396226,223269.70512201262,39438.14372075471,62130.872796226664,375421.40941539017,0.9233377192272088,0.9095890410958904,0
PLT-CON-06,probabilistic,83,2884.0,2708.748003878407,175.2519961215932,26,1050.6681590146795,94,32900.0,17301.760890345893,228189.85000628934,31545.359301886776,63040.08954088077,372977.0597394027,0.9392330110535392,0.9287671232876712,0
PLT-CON-06,probabilistic,84,2867.0,2643.8992015513627,223.10079844863728,31,1091.3185582389979,95,33250.0,17663.26328569183,225657.94582012587,40158.14372075471,65479.11349433987,382208.4663209123,0.9221831885425052,0.915068493150685,0
PLT-CON-06,probabilistic,85,3030.0,2874.0,156.0,21,978.9764822725414,97,33950.0,17623.580769440265,232918.5889363523,28080.0,58738.588936352484,371310.758642145,0.9485148514851485,0.9424657534246575,0
PLT-CON-06,probabilistic,86,2912.0,2743.0,169.0,22,990.4681590146798,93,32550.0,17399.20445427672,226512.96977358498,30420.0,59428.08954088079,366310.2637687425,0.9419642857142857,0.9397260273972603,0
PLT-CON-06,probabilistic,87,2928.0,2675.0,253.0,34,1073.677280721178,95,33250.0,17349.92406474846,228145.517075975,45540.0,64420.63684327068,388706.0779839941,0.9135928961748634,0.9068493150684931,0
PLT-CON-06,probabilistic,88,2955.0,2767.8472054297695,187.15279457023047,27,945.1217520335474,93,32550.0,17260.774814716973,224698.1374477988,33687.50302264148,56707.30512201285,364903.72040717007,0.9366657209576208,0.9260273972602739,0
PLT-CON-06,probabilistic,89,2811.0,2627.0,184.0,23,1096.9201551362726,94,32900.0,17729.724064748432,225580.08954088055,33120.0,65815.20930817636,375145.0229138053,0.9345428673070082,0.936986301369863,0
PLT-CON-06,probabilistic,90,2897.0,2693.0,204.0,24,1151.0649652201303,94,32900.0,18203.01972176102,230643.89791320762,36720.0,69063.89791320781,387530.81554817647,0.9295823265447014,0.9342465753424658,0
PLT-CON-06,probabilistic,91,2908.0,2711.7483232578616,196.25167674213827,23,982.424147379459,93,32550.0,17291.421094519483,223495.22847094346,35325.30181358489,58945.44884276754,367607.40022181533,0.9325131785618506,0.936986301369863,0
PLT-CON-06,probabilistic,92,2918.0,2724.8,193.2,25,1069.7169613417236,95,33250.0,17852.07035082389,230115.8979132076,34776.0,64183.01768050341,380176.9859445349,0.9337902673063743,0.9315068493150684,0
PLT-CON-06,probabilistic,93,2995.0,2824.748003878407,170.2519961215932,22,953.9201551362728,93,32550.0,16879.00445427671,228624.96977358495,30645.359301886776,57235.20930817637,365934.5428379248,0.9431545922799356,0.9397260273972603,0
PLT-CON-06,probabilistic,94,2955.0,2695.0,260.0,32,1119.0617714255811,97,33950.0,17792.007745031442,228843.70628553466,46800.0,67143.70628553486,394529.42031610094,0.9120135363790186,0.9123287671232877,0
PLT-CON-06,probabilistic,95,2889.0,2627.2595209308174,261.74047906918236,31,1140.06496522013,94,32900.0,18081.856668264147,229744.3494017612,47113.286232452825,68403.8979132078,396243.39021568594,0.9094010110525501,0.915068493150685,0
PLT-CON-06,probabilistic,96,2934.0,2745.748003878407,188.2519961215932,25,914.1721512578658,93,32550.0,16694.197268238986,221938.1374477988,33885.359301886776,54850.32907547195,359918.0230933965,0.9358377654663964,0.9315068493150684,0
PLT-CON-06,probabilistic,97,2917.0,2724.748003878407,192.2519961215932,27,1030.7201551362728,95,33250.0,17247.416431006277,227832.96977358498,34605.359301886776,61843.20930817637,374778.95481465437,0.9340925621797761,0.9260273972602739,0
PLT-CON-06,probabilistic,98,2892.0,2612.0,280.0,36,1132.764166771493,94,32900.0,17704.788134559734,227865.85000628934,50400.0,67965.85000628958,396836.4881471386,0.9031811894882434,0.9013698630136986,0
PLT-CON-06,probabilistic,99,2954.0,2777.8,176.2,24,1069.3121706499,97,33950.0,17918.62813455975,232626.73023899377,31715.999999999996,64158.730238994,380370.0886125475,0.9403520649966148,0.9342465753424658,0
PLT-CON-06,probabilistic,100,3016.0,2831.5480038784067,184.4519961215932,27,919.424147379459,95,33250.0,16782.789634496843,226723.20930817616,33201.359301886776,55165.44884276754,365122.80708732724,0.9388421763522569,0.9260273972602739,0
PLT-CON-06,probabilistic,101,2961.0,2785.748003878407,175.2519961215932,25,960.572151257866,95,33250.0,17027.046070566023,227584.08954088055,31545.359301886776,57634.329075471964,367040.8239888053,0.9408132400805157,0.9315068493150684,0
PLT-CON-06,probabilistic,102,2971.0,2792.2960077568137,178.70399224318638,25,949.6241473794591,93,32550.0,17066.955651949676,225880.08954088058,32166.71860377355,56977.448842767546,364641.2126393714,0.9398505579794054,0.9315068493150684,0
PLT-CON-06,probabilistic,103,2852.0,2659.299201551363,192.70079844863727,27,1120.3689574633167,96,33600.0,17863.975262421354,229164.96977358495,34686.143720754706,67222.137447799,382537.22620456,0.9324331001231987,0.9260273972602739,0
PLT-CON-06,probabilistic,104,2855.0,2652.748003878407,202.2519961215932,28,1068.4729497065034,95,33250.0,17490.92885544024,224998.1374477988,36405.359301886776,64108.376982390204,376252.80258751597,0.9291586703602126,0.9232876712328767,0
PLT-CON-06,probabilistic,105,3021.0,2866.348003878407,154.65199612159319,21,995.8161628930865,96,33600.0,16990.72451245281,232077.85000628934,27837.359301886772,59748.96977358519,370254.9035942141,0.9488076808601148,0.9424657534246575,0
PLT-CON-06,probabilistic,106,2932.0,2736.748003878407,195.2519961215932,23,1044.6014326540922,97,33950.0,18212.45547286793,227840.96619194982,35145.359301886776,62676.08595924553,377824.86692595,0.9334065497538905,0.936986301369863,0
PLT-CON-06,probabilistic,107,2887.0,2663.0,224.0,29,1149.1609729769439,95,33250.0,17999.841727578616,230169.65837861644,40320.0,68949.65837861663,390689.15848481166,0.9224108070661586,0.9205479452054794,0
PLT-CON-06,probabilistic,108,2943.0,2713.148003878407,229.85199612159317,32,1052.1201551362722,95,33250.0,17835.162058930855,229620.96977358503,41373.35930188677,63127.20930817633,385206.700442579,0.9218987440973181,0.9123287671232877,0
PLT-CON-06,probabilistic,109,2946.0,2646.0,300.0,38,1105.0177597903607,95,33250.0,17519.19726823898,226081.06558742147,54000.0,66301.06558742165,397151.3284430821,0.8981670061099797,0.8958904109589041,0
PLT-CON-06,probabilistic,110,2947.0,2779.748003878407,167.2519961215932,23,1012.6681590146796,94,32900.0,17487.09008220124,229569.85000628937,30105.359301886776,60760.08954088078,370822.3889312581,0.9432466928667821,0.936986301369863,0
PLT-CON-06,probabilistic,111,2985.0,2797.0,188.0,24,1032.2241473794593,97,33950.0,17950.38005311321,230878.32907547173,33840.0,61933.44884276755,378552.1579713525,0.9370184254606365,0.9342465753424658,0
PLT-CON-06,probabilistic,112,2905.0,2802.2,102.8,12,1098.0161628930864,97,33950.0,18045.67331477987,236157.85000628937,18504.0,65880.96977358518,372538.4930946544,0.9646127366609294,0.9671232876712329,0
PLT-CON-06,probabilistic,113,2878.0,2721.099201551363,156.90079844863726,22,1061.316961341724,94,32900.0,17737.57091943396,229689.85000628934,28242.143720754706,63679.01768050344,372248.5823269814,0.9454826968559288,0.9397260273972603,0
PLT-CON-06,probabilistic,114,2924.0,2752.0,172.0,19,1003.9201551362729,93,32550.0,17114.187686855334,228220.08954088052,30960.0,60235.209308176374,369079.4865359122,0.9411764705882353,0.947945205479452,0
PLT-CON-06,probabilistic,115,2917.0,2735.348003878407,181.6519961215932,23,1067.3201551362727,95,33250.0,17704.826460094337,228160.08954088055,32697.35930188678,64039.20930817636,375851.484611038,0.9377264325945859,0.936986301369863,0
PLT-CON-06,probabilistic,116,2883.0,2752.1448100838575,130.8551899161423,22,1009.0273411740085,95,33250.0,17388.347060069158,226783.20930817616,23553.934184905615,60541.64047044051,361517.13102359144,0.9546114499076855,0.9397260273972603,0
PLT-CON-06,probabilistic,117,2944.0,2756.748003878407,187.2519961215932,27,1047.22095358491,96,33600.0,17781.46807638365,229738.1374477988,33705.359301886776,62833.25721509459,377658.22204116377,0.9363953817521763,0.9260273972602739,0
PLT-CON-06,probabilistic,118,2794.0,2590.548003878407,203.4519961215932,29,991.8209535849097,89,31150.0,16818.11786821381,218287.01768050322,36621.359301886776,59509.257215094585,362385.7520656984,0.9271825353895516,0.9205479452054794,0
PLT-CON-06,probabilistic,119,2902.0,2621.6992015513624,280.3007984486373,37,1106.7169613417234,95,33250.0,17661.63604147801,223884.96977358498,50454.14372075471,66403.0176805034,391653.7672163211,0.9034111652485742,0.8986301369863013,0
PLT-CON-06,probabilistic,120,2935.0,2707.748003878407,227.2519961215932,29,1003.568957463317,94,32900.0,17353.24903452201,225963.89791320762,40905.359301886776,60214.13744779902,377336.6436974154,0.9225717219347213,0.9205479452054794,0
PLT-CON-06,probabilistic,121,2961.0,2727.0,234.0,30,1033.4161628930865,94,32900.0,17372.868076383642,227604.96977358492,42120.0,62004.96977358519,382002.8076235538,0.9209726443768997,0.9178082191780822,0
PLT-CON-06,probabilistic,122,2871.0,2687.0,184.0,25,1061.9201551362728,93,32550.0,17706.10205893081,226000.08954088058,33120.0,63715.20930817637,373091.4009079877,0.9359108324625566,0.9315068493150684,0
PLT-CON-06,probabilistic,123,2949.0,2779.0,170.0,21,967.9201551362728,93,32550.0,17251.81448336477,228940.08954088055,30600.0,58075.20930817637,367417.1133324217,0.9423533401152934,0.9424657534246575,0
PLT-CON-06,probabilistic,124,2816.0,2681.0,135.0,19,1123.9201551362728,95,33250.0,17798.12885544025,231580.08954088055,24300.0,67435.20930817637,374363.4277044972,0.9520596590909091,0.947945205479452,0
PLT-CON-06,probabilistic,125,2943.0,2804.2,138.8,18,1039.6769613417237,97,33950.0,18118.287441503162,232432.6176805032,24984.000000000004,62380.61768050342,371865.5228025098,0.9528372409106354,0.9506849315068493,0
PLT-CON-06,probabilistic,126,2869.0,2629.647205429769,239.35279457023046,33,1109.1270411865871,94,32900.0,18059.90412292453,227011.3350296856,43083.50302264148,66547.62247119522,387602.36464644683,0.9165727450086334,0.9095890410958904,0
PLT-CON-06,probabilistic,127,2906.0,2784.0,122.0,15,1024.4649652201306,95,33250.0,17649.468345006306,230127.89791320762,21960.0,61467.89791320784,364455.26417142176,0.9580178940123881,0.9589041095890412,0
PLT-CON-06,probabilistic,128,2937.0,2734.0,203.0,24,1051.4161628930865,93,32550.0,17502.097268238977,228144.96977358495,36540.0,63084.96977358519,377822.03681540914,0.9308818522301668,0.9342465753424658,0
PLT-CON-06,probabilistic,129,2835.0,2637.0,198.0,26,998.6729497065035,91,31850.0,16887.129424050294,220945.25721509437,35640.0,59920.37698239021,365242.7636215349,0.9301587301587302,0.9287671232876712,0
PLT-CON-06,probabilistic,130,2922.0,2750.0,172.0,26,909.9166419622687,91,31850.0,16305.412215197466,220794.99851773592,30960.0,54594.99851773612,354505.40925066953,0.9411362080766599,0.9287671232876712,0
PLT-CON-06,probabilistic,131,2932.0,2728.496007756814,203.5039922431864,26,1021.6004745157278,95,33250.0,17469.45849499999,227330.66916905664,36630.71860377355,61296.02847094367,375976.87473877385,0.9305920899579857,0.9287671232876712,0
PLT-CON-06,probabilistic,132,2923.0,2624.748003878407,298.2519961215932,38,1131.0961628930866,93,32550.0,17835.71047172955,226601.57814591203,53685.359301886776,67865.7697735852,398538.41769311356,0.8979637372146448,0.8958904109589041,0
PLT-CON-06,probabilistic,133,3020.0,2807.0,213.0,28,1016.6681590146796,97,33950.0,17599.60924496854,229900.08954088055,38340.0,61000.08954088078,380789.78832672985,0.9294701986754967,0.9232876712328767,0
PLT-CON-06,probabilistic,134,2976.0,2779.0,197.0,27,1005.168957463317,95,33250.0,17299.568524088034,230455.0176805032,35460.0,60310.137447799025,376774.72365239024,0.9338037634408602,0.9260273972602739,0
PLT-CON-06,probabilistic,135,2862.0,2542.1480038784066,319.8519961215932,38,1158.772151257866,95,33250.0,17863.5996635849,225460.08954088055,57573.35930188677,69526.32907547196,403673.3775818242,0.8882417903139087,0.8958904109589041,0
PLT-CON-06,probabilistic,136,2883.0,2706.348003878407,176.65199612159319,24,1039.972151257866,94,32900.0,17785.6503508239,226279.20930817619,31797.359301886772,62398.329075471964,371160.5480363588,0.9387263280882437,0.9342465753424658,0
PLT-CON-06,probabilistic,137,2865.0,2717.8992015513627,147.10079844863728,17,998.5169613417236,93,32550.0,17477.05086125785,224724.96977358498,26478.14372075471,59911.01768050341,361141.18203610094,0.9486559167718543,0.9534246575342465,0
PLT-CON-06,probabilistic,138,2794.0,2610.0,184.0,23,1119.1689574633167,94,32900.0,17979.609692672944,225715.01768050322,33120.0,67150.137447799,376864.76482097514,0.9341445955619184,0.936986301369863,0
PLT-CON-06,probabilistic,139,2896.0,2689.0,207.0,30,927.1772613291445,91,31850.0,16937.106912352185,217975.51591245286,37260.0,55630.635679748666,359653.2585045537,0.9285220994475138,0.9178082191780822,0
PLT-CON-06,probabilistic,140,2965.0,2757.8960077568136,207.10399224318638,29,1004.2241473794592,93,32550.0,16990.845622861627,228472.08954088058,37278.71860377355,60253.44884276755,375545.10261028336,0.9301504242012862,0.9205479452054794,0
PLT-CON-06,probabilistic,141,2831.0,2542.55872248218,288.44127751781963,40,1137.6321270767337,91,31850.0,17521.538777989943,221222.37911315743,51919.42995320753,68257.92762460402,390771.27546895895,0.8981132894673897,0.8904109589041096,0
PLT-CON-06,probabilistic,142,2923.0,2806.496007756814,116.50399224318639,16,963.4729497065031,93,32550.0,16996.146070566017,227578.1374477988,20970.71860377355,57808.37698239018,355903.3791045286,0.9601423221884413,0.9561643835616438,0
PLT-CON-06,probabilistic,143,2970.0,2736.0,234.0,32,954.6209535849098,93,32550.0,16775.643675220126,222502.1374477988,42120.0,57277.257215094585,371225.0383381135,0.9212121212121213,0.9123287671232877,0
PLT-CON-06,probabilistic,144,2946.0,2809.0,137.0,19,1063.6649652201306,96,33600.0,18163.021548496876,233739.89791320765,24660.0,63819.89791320784,373982.8173749124,0.9534962661235573,0.947945205479452,0
PLT-CON-06,probabilistic,145,2919.0,2702.4992015513626,216.50079844863728,29,1041.617759790361,94,32900.0,17654.12166940251,227091.8979132076,38970.14372075471,62497.06558742167,379113.2288907865,0.9258304904252698,0.9205479452054794,0
PLT-CON-06,probabilistic,146,2899.0,2667.748003878407,231.2519961215932,28,1052.42095358491,93,32550.0,17287.770024025147,225175.01768050322,41625.359301886776,63145.2572150946,379783.4042215097,0.920230425622079,0.9232876712328767,0
PLT-CON-06,probabilistic,147,2835.0,2680.0,155.0,21,1120.416162893086,95,33250.0,18044.953256603767,229404.96977358498,27900.0,67224.96977358517,375824.8928037739,0.9453262786596119,0.9424657534246575,0
PLT-CON-06,probabilistic,148,2859.0,2564.8992015513627,294.10079844863725,37,1066.916961341724,93,32550.0,17238.612088018846,220353.85000628937,52938.143720754706,64015.017680503435,387095.62349556637,0.8971315850127187,0.8986301369863013,0
PLT-CON-06,probabilistic,149,2987.0,2844.8960077568136,142.10399224318638,19,823.0289380712828,93,32550.0,15957.177657767259,222409.44884276736,25578.71860377355,49381.73628427697,345877.08138858515,0.9524258479266199,0.947945205479452,0
PLT-CON-06,probabilistic,150,2876.0,2626.0,250.0,28,1211.3169613417233,97,33950.0,18345.06681825786,230239.0176805032,45000.0,72679.0176805034,400213.1021792644,0.9130737134909597,0.9232876712328767,0
PLT-CON-06,probabilistic,151,2896.0,2722.0,174.0,24,1043.6681590146798,94,32900.0,17237.724064748414,227140.08954088055,31320.0,62620.089540880785,371217.9031465098,0.9399171270718232,0.9342465753424658,0
PLT-CON-06,probabilistic,152,2858.0,2631.5795209308176,226.42047906918236,30,1088.033448167719,93,32550.0,17807.740200830183,224721.6583786164,40755.68623245283,65282.00689006314,381117.0917019625,0.9207765993459823,0.9178082191780822,0
PLT-CON-06,probabilistic,153,2924.0,2692.748003878407,231.2519961215932,28,1123.6681590146798,95,33250.0,17920.809692672956,230469.85000628934,41625.359301886776,67420.08954088078,390686.10854172986,0.920912450026815,0.9232876712328767,0
PLT-CON-06,probabilistic,154,2952.0,2744.948003878407,207.0519961215932,27,964.924945828096,94,32900.0,17181.631250786148,223957.25721509437,37269.359301886776,57895.496749685764,369203.7445174531,0.9298604349181595,0.9260273972602739,0
PLT-CON-06,probabilistic,155,2962.0,2692.0,270.0,35,998.1721512578661,93,32550.0,17027.755320597465,223090.32907547176,48600.0,59890.329075471964,381158.4134715412,0.9088453747467927,0.904109589041096,0
PLT-CON-06,probabilistic,156,2830.0,2667.6,162.4,24,1149.9657636687673,96,33600.0,18341.08094852203,230373.94582012584,29232.0,68997.94582012604,380544.97258877393,0.9426148409893993,0.9342465753424658,0
PLT-CON-06,probabilistic,157,3008.0,2851.348003878407,156.6519961215932,21,1050.1169613417237,97,33950.0,17775.780321735863,235947.8979132076,28197.35930188678,63007.01768050342,378878.0552173336,0.9479215438425554,0.9424657534246575,0
PLT-CON-06,probabilistic,158,2909.0,2725.0,184.0,24,949.172151257866,93,32550.0,16932.951640314455,221875.20930817619,33120.0,56950.32907547196,361428.4900239626,0.9367480233757305,0.9342465753424658,0
PLT-CON-06,probabilistic,159,2976.0,2754.299201551363,221.70079844863727,26,1015.0177597903609,95,33250.0,17545.95609965412,229023.89791320762,39906.143720754706,60901.06558742165,380627.0633210381,0.9255037639621515,0.9287671232876712,0
PLT-CON-06,probabilistic,160,2991.0,2829.748003878407,161.2519961215932,23,1021.4161628930866,97,33950.0,17621.624512452818,231789.85000628937,29025.359301886776,61284.969773585195,373671.80359421414,0.9460875974183909,0.936986301369863,0
PLT-CON-06,probabilistic,161,3056.0,2863.859520930818,192.14047906918236,25,883.4342272243229,94,32900.0,16471.425129425126,226517.62488930824,34585.286232452825,53006.05363345937,363480.3898846456,0.9371268065873095,0.9315068493150684,0
PLT-CON-06,probabilistic,162,2979.0,2821.748003878407,157.2519961215932,20,936.9281396226453,95,33250.0,17539.95577285535,228265.44884276742,28305.359301886776,56215.68837735872,363576.45229486824,0.9472131600800292,0.9452054794520548,0
PLT-CON-06,probabilistic,163,2886.0,2655.048802327044,230.9511976729559,32,1044.6193566876357,93,32550.0,17331.270292647805,223180.08954088058,41571.21558113206,62677.16140125814,377309.7368159186,0.9199753299816508,0.9123287671232877,0
PLT-CON-06,probabilistic,164,2926.0,2698.0,228.0,30,1031.6681590146795,94,32900.0,16659.71403566036,223780.08954088058,41040.0,61900.08954088077,376279.8931174217,0.922077922077922,0.9178082191780822,0
PLT-CON-06,probabilistic,165,2933.0,2676.748003878407,256.2519961215932,39,1013.8209535849103,90,31500.0,17087.32807638363,222859.01768050322,46125.359301886776,60829.257215094614,378400.96227386827,0.9126314367127197,0.8931506849315068,0
PLT-CON-06,probabilistic,166,2929.0,2762.748003878407,166.2519961215932,24,927.9281396226455,94,32900.0,16850.719274056584,223645.44884276734,29925.359301886776,55675.68837735873,358997.21579606936,0.943239332153775,0.9342465753424658,0
PLT-CON-06,probabilistic,167,2845.0,2703.0,142.0,18,1032.02095358491,92,32200.0,17034.78484380501,224941.2572150944,25560.0,61921.25721509461,361657.29927399405,0.9500878734622145,0.9506849315068493,0
PLT-CON-06,probabilistic,168,2882.0,2704.0,178.0,24,1052.4649652201306,95,33250.0,17664.687686855334,227247.8979132076,32040.0,63147.89791320784,373350.48351327074,0.9382373351839001,0.9342465753424658,0
PLT-CON-06,probabilistic,169,2857.0,2655.0,202.0,25,1106.9201551362726,95,33250.0,17924.206849622653,228355.20930817616,36360.0,66415.20930817636,382304.6254659752,0.9292964648232411,0.9315068493150684,0
PLT-CON-06,probabilistic,170,2887.0,2750.0,137.0,19,1008.2161628930861,94,32900.0,17277.24607056605,228417.85000628937,24660.0,60492.969773585166,363748.0658504406,0.9525458953931417,0.947945205479452,0
PLT-CON-06,probabilistic,171,2936.0,2751.299201551363,184.70079844863727,25,989.3689574633171,92,32200.0,16972.758047295578,226644.96977358495,33246.143720754706,59362.137447799025,368426.0089894343,0.9370910087027803,0.9315068493150684,0
PLT-CON-06,probabilistic,172,2782.0,2524.0,258.0,37,1108.1721512578658,93,32550.0,17363.82361704401,221815.20930817616,46440.0,66490.32907547195,384659.3620006921,0.9072609633357297,0.8986301369863013,0
PLT-CON-06,probabilistic,173,2967.0,2717.045608532495,249.954391467505,35,1090.068159014679,95,33250.0,17890.873046157238,230106.82605283026,44991.7904641509,65404.089540880734,391643.57910401915,0.9157551764518015,0.904109589041096,0
PLT-CON-06,probabilistic,174,2865.0,2691.748003878407,173.2519961215932,24,1145.1721512578656,96,33600.0,17642.47810547169,233860.08954088055,31185.359301886776,68710.32907547193,384998.25602371094,0.9395280990849588,0.9342465753424658,0
PLT-CON-06,probabilistic,175,2936.0,2648.393612410902,287.60638758909823,37,1018.2273411740084,92,32200.0,16800.709244968537,219997.2572150944,51769.149766037684,61093.64047044051,381860.75669654115,0.9020414211208794,0.8986301369863013,0
PLT-CON-06,probabilistic,176,3044.0,2798.0,246.0,29,966.3201551362729,92,32200.0,16676.496041477967,228424.08954088055,44280.0,57979.209308176374,379559.7948905349,0.919185282522996,0.9205479452054794,0
PLT-CON-06,probabilistic,177,2823.0,2604.748003878407,218.2519961215932,27,1060.9201551362728,94,32900.0,17357.694035660374,221980.08954088058,39285.359301886776,63655.20930817637,375178.35218660405,0.922687922025649,0.9260273972602739,0
PLT-CON-06,probabilistic,178,2968.0,2764.84720542977,203.15279457023047,29,1011.5513528092289,95,33250.0,17212.270861257854,230228.79372704407,36567.50302264148,60693.081168553734,377951.64877949713,0.9315522929345587,0.9205479452054794,0
PLT-CON-06,probabilistic,179,2893.0,2709.8,183.2,23,1102.568957463316,98,34300.0,18115.084843805038,229807.0176805032,32976.0,66154.13744779897,381352.2399721072,0.9366747321119945,0.936986301369863,0
PLT-CON-06,probabilistic,180,2941.0,2690.4992015513626,250.50079844863728,30,1100.4649652201306,94,32900.0,17851.504901981116,228957.85000628937,45090.14372075471,66027.89791320784,390827.396542233,0.9148246180045435,0.9178082191780822,0
PLT-CON-06,probabilistic,181,2956.0,2771.0,185.0,23,878.7721512578659,93,32550.0,16606.99682053458,222211.20930817619,33300.0,52726.32907547195,357394.5352041827,0.9374154262516915,0.936986301369863,0
PLT-CON-06,probabilistic,182,2870.0,2686.0,184.0,24,1147.6681590146793,95,33250.0,18306.158494999996,231640.08954088058,33120.0,68860.08954088076,385176.3375767613,0.9358885017421603,0.9342465753424658,0
PLT-CON-06,probabilistic,183,2862.0,2647.496007756814,214.50399224318642,32,1088.9201551362726,94,32900.0,17003.270471729542,224244.96977358498,38610.71860377355,65335.20930817635,378094.1681572645,0.9250510159877058,0.9123287671232877,0
PLT-CON-06,probabilistic,184,2926.0,2780.448802327044,145.55119767295594,21,957.1721512578658,94,32900.0,17533.5168787107,226837.2572150944,26199.21558113207,57430.32907547195,360900.3187504092,0.9502559133038428,0.9424657534246575,0
PLT-CON-06,probabilistic,185,2979.0,2823.0,156.0,21,942.1721512578658,94,32900.0,17286.62885544023,226030.3290754718,28080.0,56530.32907547195,360827.287006384,0.9476334340382678,0.9424657534246575,0
PLT-CON-06,probabilistic,186,2986.0,2791.0,195.0,23,1099.4649652201301,99,34650.0,18347.31253572328,236352.77814591202,35100.0,65967.89791320781,390417.98859484313,0.934695244474213,0.936986301369863,0
PLT-CON-06,probabilistic,187,2883.0,2717.0,166.0,24,1056.9689574633169,94,32900.0,17356.536310100615,228283.0176805032,29880.0,63418.13744779901,371837.69143840286,0.9424210891432535,0.9342465753424658,0
PLT-CON-06,probabilistic,188,2899.0,2625.0,274.0,34,1157.4681590146795,94,32900.0,18137.334093836467,230112.96977358495,49320.0,69448.08954088077,399918.39340830216,0.9054846498792687,0.9068493150684931,0
PLT-CON-06,probabilistic,189,2808.0,2582.8,225.2,30,1167.9689574633162,94,32900.0,17823.098015930816,226471.01768050322,40536.0,70078.13744779897,387808.253144233,0.9198005698005699,0.9178082191780822,0
PLT-CON-06,probabilistic,190,2969.0,2814.5968062054512,154.4031937945491,23,974.3233489308217,94,32900.0,17423.206849622627,228460.08954088055,27792.57488301884,58459.4009358493,365035.2722093713,0.9479948825212028,0.936986301369863,0
PLT-CON-06,probabilistic,191,2997.0,2751.748003878407,245.2519961215932,31,1014.2729497065034,96,33600.0,17248.593377509413,226441.2572150944,44145.359301886776,60856.376982390204,382291.5868768807,0.9181675021282639,0.915068493150685,0
PLT-CON-06,probabilistic,192,2998.0,2770.297604654088,227.70239534591184,30,956.3169613417236,93,32550.0,16734.13687871067,224207.00209937117,40986.43116226413,57379.01768050342,371856.5878208494,0.9240485672628712,0.9178082191780822,0
PLT-CON-06,probabilistic,193,2897.0,2622.748003878407,274.2519961215932,36,1171.6681590146793,96,33600.0,17832.480053113213,228084.96977358498,49365.359301886776,70300.08954088076,399182.8986694657,0.9053324141796365,0.9013698630136986,0
PLT-CON-06,probabilistic,194,2876.0,2705.748003878407,170.2519961215932,24,1131.5689574633166,97,33950.0,17804.707297327055,231903.8979132076,30645.359301886776,67894.13744779899,382198.1019602204,0.9408025048255935,0.9342465753424658,0
PLT-CON-06,probabilistic,195,2944.0,2718.0,226.0,32,954.2209535849095,93,32550.0,16793.582448459103,222658.1374477988,40680.0,57253.25721509457,369934.9771113525,0.923233695652174,0.9123287671232877,0
PLT-CON-06,probabilistic,196,2791.0,2601.0,190.0,23,1123.3689574633165,95,33250.0,17739.234304283018,225022.13744779883,34200.0,67402.13744779899,377613.5091998808,0.9319240415621641,0.936986301369863,0
PLT-CON-06,probabilistic,197,2942.0,2789.0,153.0,18,1092.164166771493,97,33950.0,18288.23169849057,235074.73023899377,27540.0,65529.85000628958,380382.8119437739,0.9479945615227736,0.9506849315068493,0
PLT-CON-06,probabilistic,198,2844.0,2587.299201551363,256.7007984486373,36,1196.86496522013,95,33250.0,17895.90490198112,227649.85000628934,46206.143720754706,71811.8979132078,396813.796542233,0.9097395223457675,0.9013698630136986,0
PLT-CON-06,probabilistic,199,2982.0,2825.748003878407,156.2519961215932,24,914.5201551362717,95,33250.0,17285.426460094382,226636.08954088058,28125.359301886776,54871.2093081763,360168.08461103804,0.9476016109585537,0.9342465753424658,0
